country	continent	year	lifeExp	pop	gdpPercap
Afghanistan	Asia	1952	28.801	8425333.0	779.4453145
Afghanistan	Asia	1957	30.332	9240934.0	820.8530296
Afghanistan	Asia	1962	31.997	10267083.0	853.10071
Afghanistan	Asia	1967	34.02	11537966.0	836.1971382
Afghanistan	Asia	1972	36.088	13079460.0	739.9811058
Afghanistan	Asia	1977	38.438	14880372.0	786.11336
Afghanistan	Asia	1982	39.854	12881816.0	978.0114388
Afghanistan	Asia	1987	40.822	13867957.0	852.3959448
Afghanistan	Asia	1992	41.674	16317921.0	649.3413952
Afghanistan	Asia	1997	41.763	22227415.0	635.341351
Afghanistan	Asia	2000	55.005	20130327.0	1617.82647494969
Afghanistan	Asia	2001	55.511	20284307.0	1454.11078195559
Afghanistan	Asia	2002	42.129	25268405.0	726.7340548
Afghanistan	Asia	2002	56.225	21378117.0	1774.30874287341
Afghanistan	Asia	2003	57.171	22733049.0	1815.92819979586
Afghanistan	Asia	2004	57.81	23560654.0	1776.91820712187
Afghanistan	Asia	2005	58.247	24404567.0	1908.11478234587
Afghanistan	Asia	2006	58.553	25424094.0	1929.72389709372
Afghanistan	Asia	2007	43.828	31889923.0	974.5803384
Afghanistan	Asia	2007	58.956	25909852.0	2155.35306784413
Afghanistan	Asia	2008	59.708	26482622.0	2191.50435559062
Afghanistan	Asia	2009	60.248	27466101.0	2565.02208584099
Afghanistan	Asia	2010	60.702	28284089.0	2848.58606111495
Afghanistan	Asia	2011	61.25	29347708.0	2757.05258747725
Afghanistan	Asia	2012	61.735	30560034.0	2985.31914452845
Afghanistan	Asia	2013	62.188	31622704.0	3046.57993117128
Afghanistan	Asia	2014	62.26	32792523.0	3017.94254424696
Afghanistan	Asia	2015	62.27	33831764.0	2967.692067153
Afghanistan	Asia	2016	62.646	34700612.0	2958.7853992308
Afghanistan	Asia	2017	62.406	35688935.0	2952.99891598909
Afghanistan	Asia	2018	62.443	36743039.0	2902.39211285546
Afghanistan	Asia	2019	62.941	37856121.0	2927.2451435353
Afghanistan	Asia	2020	61.454	39068979.0	2769.68574507111
Afghanistan	Asia	2021	60.417	40000412.0	2144.16657002819
Afghanistan	Asia	2022	65.617	40578842.0	1981.71016810561
Albania	Europe	1952	55.23	1282697.0	1601.056136
Albania	Europe	1957	59.28	1476505.0	1942.284244
Albania	Europe	1962	64.82	1728137.0	2312.888958
Albania	Europe	1967	66.22	1984060.0	2760.196931
Albania	Europe	1972	67.69	2263554.0	3313.422188
Albania	Europe	1977	68.93	2509048.0	3533.00391
Albania	Europe	1982	70.42	2780097.0	3630.880722
Albania	Europe	1987	72.0	3075321.0	3738.932735
Albania	Europe	1990	72.71	3286542.0	5560.85181223173
Albania	Europe	1991	73.001	3266790.0	4027.90175626046
Albania	Europe	1992	71.581	3326498.0	2497.437901
Albania	Europe	1992	73.303	3247039.0	3761.15189988589
Albania	Europe	1993	73.638	3227287.0	4145.91583381573
Albania	Europe	1994	73.837	3207536.0	4517.79460267288
Albania	Europe	1995	74.022	3187784.0	5151.39252308083
Albania	Europe	1996	74.113	3168033.0	5563.78796465088
Albania	Europe	1997	72.95	3428038.0	3193.054604
Albania	Europe	1997	73.383	3148281.0	4942.99939119711
Albania	Europe	1998	74.357	3128530.0	5387.56320768419
Albania	Europe	1999	74.568	3108778.0	6086.00296267266
Albania	Europe	2000	74.826	3089027.0	6582.01025262473
Albania	Europe	2001	75.083	3060173.0	7232.98380747725
Albania	Europe	2002	75.651	3508512.0	4604.211737
Albania	Europe	2002	75.299	3051010.0	7590.48292606558
Albania	Europe	2003	75.557	3039616.0	8025.27383255687
Albania	Europe	2004	75.951	3026939.0	8483.28608801159
Albania	Europe	2005	76.427	3011487.0	8964.30964113384
Albania	Europe	2006	76.994	2992547.0	9564.0202884658
Albania	Europe	2007	76.423	3600523.0	5937.029526
Albania	Europe	2007	77.691	2970017.0	10262.9572298027
Albania	Europe	2008	78.248	2947314.0	11056.341461852
Albania	Europe	2009	78.509	2927519.0	11430.6113788023
Albania	Europe	2010	78.414	2913021.0	11829.0422655966
Albania	Europe	2011	78.303	2905195.0	12153.1027296189
Albania	Europe	2012	78.084	2860708.0	12463.5584383558
Albania	Europe	2013	77.995	2816902.0	12873.4712047265
Albania	Europe	2014	78.029	2773767.0	13366.5470663001
Albania	Europe	2015	78.358	2731293.0	13876.8062415537
Albania	Europe	2016	78.643	2689469.0	14643.4756380951
Albania	Europe	2017	78.9	2648285.0	15359.4468360682
Albania	Europe	2018	79.238	2607733.0	16170.9754198396
Albania	Europe	2019	79.467	2567801.0	16761.1769025901
Albania	Europe	2020	77.824	2528480.0	16457.7718838185
Albania	Europe	2021	76.844	2489762.0	18212.8532699363
Albania	Europe	2022	78.769	2451636.0	19388.8550602564
Algeria	Africa	1952	43.077	9279525.0	2449.008185
Algeria	Africa	1957	45.685	10270856.0	3013.976023
Algeria	Africa	1962	48.303	11000948.0	2550.81688
Algeria	Africa	1967	51.407	12760499.0	3246.991771
Algeria	Africa	1972	54.518	14760787.0	4182.663766
Algeria	Africa	1977	58.014	17152804.0	4910.416756
Algeria	Africa	1982	61.368	20033753.0	5745.160213
Algeria	Africa	1987	65.799	23254956.0	5681.358539
Algeria	Africa	1990	67.658	25375810.0	11728.5457286791
Algeria	Africa	1991	67.692	25987928.0	11314.8647351204
Algeria	Africa	1992	67.744	26298373.0	5023.216647
Algeria	Africa	1992	67.725	26628568.0	11241.4154173757
Algeria	Africa	1993	67.797	27277048.0	10743.7063534104
Algeria	Africa	1994	67.284	27887279.0	10414.0348241407
Algeria	Africa	1995	67.691	28470191.0	10588.4433695754
Algeria	Africa	1996	68.219	29033044.0	10808.8788666941
Algeria	Africa	1997	69.152	29072015.0	4797.295051
Algeria	Africa	1997	68.859	29579301.0	10725.9673493368
Algeria	Africa	1998	69.327	30054133.0	11094.8875368585
Algeria	Africa	1999	70.088	30474354.0	11292.0372997165
Algeria	Africa	2000	70.576	30903893.0	11558.220469383
Algeria	Africa	2001	71.025	31331221.0	11742.5946761225
Algeria	Africa	2002	70.994	31287142.0	5288.040382
Algeria	Africa	2002	71.644	31750835.0	12213.1263531246
Algeria	Africa	2003	71.906	32175818.0	12835.1814413331
Algeria	Africa	2004	72.536	32628286.0	13226.7650481165
Algeria	Africa	2005	72.836	33109249.0	13738.495644436
Algeria	Africa	2006	73.116	33623506.0	13920.6940553701
Algeria	Africa	2007	72.301	33333216.0	6223.367465
Algeria	Africa	2007	73.346	34189416.0	14114.6745192683
Algeria	Africa	2008	73.618	34816961.0	14206.7767147039
Algeria	Africa	2009	73.871	35490445.0	14104.42817214
Algeria	Africa	2010	74.144	36188236.0	14496.4211312996
Algeria	Africa	2011	74.383	36903376.0	14641.9640935685
Algeria	Africa	2012	74.609	37646166.0	14697.5396133853
Algeria	Africa	2013	74.809	38414171.0	14778.1914257233
Algeria	Africa	2014	74.992	39205031.0	15073.7629403565
Algeria	Africa	2015	75.159	40019529.0	15239.5171456469
Algeria	Africa	2016	75.31	40850721.0	15511.6858768094
Algeria	Africa	2017	75.431	41689299.0	15427.6641894713
Algeria	Africa	2018	75.555	42505035.0	15343.4261222434
Algeria	Africa	2019	75.682	43294546.0	15199.1989965639
Algeria	Africa	2020	73.257	44042091.0	14194.1557479619
Algeria	Africa	2021	75.208	44761099.0	14496.8654697299
Algeria	Africa	2022	76.129	45477389.0	14782.2002970247
Angola	Africa	1952	30.015	4232095.0	3520.610273
Angola	Africa	1957	31.999	4561361.0	3827.940465
Angola	Africa	1962	34.0	4826015.0	4269.276742
Angola	Africa	1967	35.985	5247469.0	5522.776375
Angola	Africa	1972	37.928	5894858.0	5473.288005
Angola	Africa	1977	39.483	6162675.0	3008.647355
Angola	Africa	1982	39.942	7016384.0	2756.953672
Angola	Africa	1987	39.906	7874230.0	2430.208311
Angola	Africa	1990	41.854	11626360.0	8368.72287865566
Angola	Africa	1991	43.812	12023529.0	8172.50539080906
Angola	Africa	1992	40.647	8735988.0	2627.845685
Angola	Africa	1992	42.267	12423712.0	7447.49422684139
Angola	Africa	1993	42.19	12827135.0	5483.27751126366
Angola	Africa	1994	43.567	13249764.0	5379.47533872491
Angola	Africa	1995	46.139	13699778.0	5983.18421691116
Angola	Africa	1996	46.418	14170973.0	6567.67778259899
Angola	Africa	1997	40.963	9875024.0	2277.140884
Angola	Africa	1997	46.688	14660413.0	6810.21622212226
Angola	Africa	1998	45.452	15159370.0	6895.02600537711
Angola	Africa	1999	45.808	15667235.0	6817.05713550008
Angola	Africa	2000	46.501	16194869.0	6796.40633958013
Angola	Africa	2001	47.032	16747208.0	6848.68325514498
Angola	Africa	2002	41.003	10866106.0	2773.287312
Angola	Africa	2002	47.874	17327699.0	7523.81291488042
Angola	Africa	2003	50.218	17943712.0	7518.88948314505
Angola	Africa	2004	51.123	18600423.0	8081.75707952672
Angola	Africa	2005	52.13	19291161.0	8895.37660461036
Angola	Africa	2006	52.965	20015279.0	9588.82238860962
Angola	Africa	2007	42.731	12420476.0	4797.231267
Angola	Africa	2007	54.2	20778561.0	10437.5899897179
Angola	Africa	2008	55.281	21578655.0	11134.7047183666
Angola	Africa	2009	56.225	22414773.0	10933.2712187989
Angola	Africa	2010	57.242	23294825.0	11077.1301919405
Angola	Africa	2011	58.093	24218352.0	11037.6388778577
Angola	Africa	2012	58.916	25177394.0	11519.9933863364
Angola	Africa	2013	59.705	26165620.0	11626.1877218484
Angola	Africa	2014	60.396	27160769.0	11721.664415634
Angola	Africa	2015	61.042	28157798.0	11392.9059344932
Angola	Africa	2016	61.619	29183070.0	10805.7122533667
Angola	Africa	2017	62.122	30234839.0	10414.2358842987
Angola	Africa	2018	62.622	31297155.0	10000.9443772509
Angola	Africa	2019	63.051	32375632.0	9648.01103767178
Angola	Africa	2020	63.116	33451132.0	8960.33797242389
Angola	Africa	2021	62.958	34532429.0	8862.28133314521
Angola	Africa	2022	64.246	35635029.0	8950.14259255142
Argentina	Americas	1952	62.485	17876956.0	5911.315053
Argentina	Americas	1957	64.399	19610538.0	6856.856212
Argentina	Americas	1962	65.142	21283783.0	7133.166023
Argentina	Americas	1967	65.634	22934225.0	8052.953021
Argentina	Americas	1972	67.065	24779799.0	9443.038526
Argentina	Americas	1977	68.481	26983828.0	10079.02674
Argentina	Americas	1982	69.942	29341374.0	8997.897412
Argentina	Americas	1987	70.774	31620918.0	9139.671389
Argentina	Americas	1990	71.615	32755901.0	17007.2844317191
Argentina	Americas	1991	72.02	33230294.0	18295.6091996812
Argentina	Americas	1992	71.868	33958947.0	9308.41871
Argentina	Americas	1992	72.096	33693527.0	19476.2840606477
Argentina	Americas	1993	72.303	34152717.0	20791.3451479504
Argentina	Americas	1994	72.732	34613491.0	21711.842788091
Argentina	Americas	1995	72.864	35070020.0	20819.4999479903
Argentina	Americas	1996	73.056	35513793.0	21695.5949515372
Argentina	Americas	1997	73.275	36203463.0	10967.28195
Argentina	Americas	1997	73.407	35947791.0	23172.1583398342
Argentina	Americas	1998	73.412	36372860.0	23783.1017185449
Argentina	Americas	1999	73.683	36794682.0	22714.5111302701
Argentina	Americas	2000	73.91	37213984.0	22281.3814299958
Argentina	Americas	2001	74.154	37624825.0	21066.4581290433
Argentina	Americas	2002	74.34	38331121.0	8797.640716
Argentina	Americas	2002	74.312	38029349.0	18571.7020471274
Argentina	Americas	2003	74.307	38424282.0	20005.1385113465
Argentina	Americas	2004	74.871	38815916.0	21591.449396517
Argentina	Americas	2005	75.231	39216789.0	23262.4075792816
Argentina	Americas	2006	75.279	39622115.0	24877.2493922296
Argentina	Americas	2007	75.32	40301927.0	12779.37964
Argentina	Americas	2007	74.783	40016763.0	26850.6645932771
Argentina	Americas	2008	75.428	40424148.0	27658.4853446831
Argentina	Americas	2009	75.577	40854831.0	25747.1976809995
Argentina	Americas	2010	75.68	41288694.0	28056.2570212342
Argentina	Americas	2011	76.1	41730660.0	29425.7593876084
Argentina	Americas	2012	75.802	42161721.0	28825.9666865361
Argentina	Americas	2013	75.829	42582455.0	29227.6601818437
Argentina	Americas	2014	76.268	43024071.0	28200.8152571318
Argentina	Americas	2015	76.6	43477012.0	28669.2061336796
Argentina	Americas	2016	76.105	43900313.0	27802.1057201498
Argentina	Americas	2017	76.543	44288894.0	28334.904184742
Argentina	Americas	2018	76.77	44654882.0	27367.115094108
Argentina	Americas	2019	76.847	44973465.0	26629.5529419501
Argentina	Americas	2020	75.878	45191965.0	23877.0931404855
Argentina	Americas	2021	73.948	45312281.0	26300.274261175
Argentina	Americas	2022	75.806	45407904.0	27825.0273492567
Australia	Oceania	1952	69.12	8691212.0	10039.59564
Australia	Oceania	1957	70.33	9712569.0	10949.64959
Australia	Oceania	1962	70.93	10794968.0	12217.22686
Australia	Oceania	1967	71.1	11872264.0	14526.12465
Australia	Oceania	1972	71.93	13177000.0	16788.62948
Australia	Oceania	1977	73.49	14074100.0	18334.19751
Australia	Oceania	1982	74.74	15184200.0	19477.00928
Australia	Oceania	1987	76.32	16257249.0	21888.88903
Australia	Oceania	1990	76.9946341463415	17065128.0	36267.7410592234
Australia	Oceania	1991	77.2756097560976	17284036.0	35670.6678637309
Australia	Oceania	1992	77.56	17481977.0	23424.76683
Australia	Oceania	1992	77.3780487804878	17478635.0	35426.2848289008
Australia	Oceania	1993	77.8780487804878	17634808.0	36533.1468283451
Australia	Oceania	1994	77.8780487804878	17805468.0	37622.6524772939
Australia	Oceania	1995	77.8292682926829	18004882.0	38653.3366778657
Australia	Oceania	1996	78.0780487804878	18224767.0	39663.1617728168
Australia	Oceania	1997	78.83	18565243.0	26997.93657
Australia	Oceania	1997	78.4804878048781	18423037.0	40773.5660516518
Australia	Oceania	1998	78.6317073170732	18607584.0	42257.1718122395
Australia	Oceania	1999	78.9317073170732	18812264.0	43899.073794405
Australia	Oceania	2000	79.2341463414634	19028802.0	45099.0752097084
Australia	Oceania	2001	79.6341463414634	19274701.0	45428.2000837579
Australia	Oceania	2002	80.37	19546792.0	30687.75473
Australia	Oceania	2002	79.9365853658537	19495210.0	46688.3947760633
Australia	Oceania	2003	80.2390243902439	19720737.0	47581.2285345879
Australia	Oceania	2004	80.490243902439	19932722.0	49061.2761503925
Australia	Oceania	2005	80.8414634146341	20176844.0	49997.0664953941
Australia	Oceania	2006	81.0414634146342	20450966.0	50693.7248649798
Australia	Oceania	2007	81.235	20434176.0	34435.36744
Australia	Oceania	2007	81.2926829268293	20827622.0	51663.2403953881
Australia	Oceania	2008	81.3951219512195	21249199.0	52473.3819160773
Australia	Oceania	2009	81.5439024390244	21691653.0	52407.9115378584
Australia	Oceania	2010	81.6951219512195	22031750.0	52739.2681556133
Australia	Oceania	2011	81.8951219512195	22340024.0	53257.0473237603
Australia	Oceania	2012	82.0463414634146	22733465.0	54403.8836902433
Australia	Oceania	2013	82.1487804878049	23128129.0	54895.0052588984
Australia	Oceania	2014	82.3	23475686.0	55489.068844146
Australia	Oceania	2015	82.4	23815995.0	55879.9958817103
Australia	Oceania	2016	82.4487804878049	24190907.0	56529.951824687
Australia	Oceania	2017	82.5	24592588.0	56881.8569859104
Australia	Oceania	2018	82.7487804878049	24963258.0	57647.8455068105
Australia	Oceania	2019	82.9	25334826.0	58048.6188420831
Australia	Oceania	2020	83.2	25649248.0	57260.4650530108
Australia	Oceania	2021	83.3	25685412.0	58327.4146842325
Australia	Oceania	2022	83.2	26018721.0	60029.1329190733
Austria	Europe	1952	66.8	6927772.0	6137.076492
Austria	Europe	1957	67.48	6965860.0	8842.59803
Austria	Europe	1962	69.54	7129864.0	10750.72111
Austria	Europe	1967	70.14	7376998.0	12834.6024
Austria	Europe	1972	70.63	7544201.0	16661.6256
Austria	Europe	1977	72.17	7568430.0	19749.4223
Austria	Europe	1982	73.18	7574613.0	21597.08362
Austria	Europe	1987	74.94	7578903.0	23687.82607
Austria	Europe	1990	75.5682926829269	7677850.0	43258.1751068055
Austria	Europe	1991	75.6170731707317	7754891.0	44302.421470472
Austria	Europe	1992	76.04	7914969.0	27042.01868
Austria	Europe	1992	75.8170731707317	7840709.0	44734.8538849803
Austria	Europe	1993	76.0682926829268	7905633.0	44601.2068091388
Austria	Europe	1994	76.419512195122	7936118.0	45497.1385930997
Austria	Europe	1995	76.6682926829268	7948278.0	46639.5321839019
Austria	Europe	1996	76.8707317073171	7959017.0	47608.6310978165
Austria	Europe	1997	77.51	8069876.0	29095.92066
Austria	Europe	1997	77.319512195122	7968041.0	48575.1588721006
Austria	Europe	1998	77.6707317073171	7976789.0	50216.6986894124
Austria	Europe	1999	77.8756097560976	7992324.0	52004.5327523874
Austria	Europe	2000	78.1268292682927	8011566.0	53534.3421055422
Austria	Europe	2001	78.5756097560976	8042293.0	54032.1515612712
Austria	Europe	2002	78.98	8148312.0	32417.60769
Austria	Europe	2002	78.6780487804878	8081957.0	54565.0769851287
Austria	Europe	2003	78.6317073170732	8121423.0	54919.7872512396
Austria	Europe	2004	79.1804878048781	8171966.0	55980.2317146013
Austria	Europe	2005	79.3317073170732	8227829.0	56890.2794433829
Austria	Europe	2006	79.8804878048781	8268641.0	58460.2370782474
Austria	Europe	2007	79.829	8199783.0	36126.4927
Austria	Europe	2007	80.1804878048781	8295487.0	60470.9099906715
Austria	Europe	2008	80.4317073170732	8321496.0	61157.9873105684
Austria	Europe	2009	80.3317073170732	8343323.0	58810.4422020872
Austria	Europe	2010	80.5804878048781	8363404.0	59730.5512005635
Austria	Europe	2011	80.9829268292683	8391643.0	61272.2584397775
Austria	Europe	2012	80.9365853658537	8429991.0	61376.7207131054
Austria	Europe	2013	81.1365853658537	8479823.0	60863.0547666965
Austria	Europe	2014	81.490243902439	8546356.0	60845.6597729815
Austria	Europe	2015	81.190243902439	8642699.0	60951.6892510507
Austria	Europe	2016	81.6414634146342	8736668.0	61572.7121353063
Austria	Europe	2017	81.6439024390244	8797566.0	62535.8983176843
Austria	Europe	2018	81.6926829268293	8840521.0	63778.0257051746
Austria	Europe	2019	81.8951219512195	8879920.0	64609.374295614
Austria	Europe	2020	81.1926829268293	8916864.0	60276.4153459141
Austria	Europe	2021	81.190243902439	8955797.0	62968.9422311892
Austria	Europe	2022	81.2951219512195	9041851.0	65694.5513287254
Bahrain	Asia	1952	50.939	120447.0	9867.084765
Bahrain	Asia	1957	53.832	138655.0	11635.79945
Bahrain	Asia	1962	56.923	171863.0	12753.27514
Bahrain	Asia	1967	59.923	202182.0	14804.6727
Bahrain	Asia	1972	63.3	230800.0	18268.65839
Bahrain	Asia	1977	65.593	297410.0	19340.10196
Bahrain	Asia	1982	69.052	377967.0	19211.14731
Bahrain	Asia	1987	70.75	454612.0	18524.02406
Bahrain	Asia	1990	72.587	514797.0	41856.54450772
Bahrain	Asia	1991	72.668	503052.0	47644.0234716882
Bahrain	Asia	1992	72.601	529491.0	19035.57917
Bahrain	Asia	1992	72.785	516458.0	49511.9474019627
Bahrain	Asia	1993	72.939	530225.0	54433.1375084971
Bahrain	Asia	1994	73.134	544366.0	52886.5789027329
Bahrain	Asia	1995	73.361	558879.0	53537.6828948177
Bahrain	Asia	1996	73.61	573792.0	54289.4380390309
Bahrain	Asia	1997	73.925	598561.0	20292.01679
Bahrain	Asia	1997	73.872	589115.0	54512.8551056888
Bahrain	Asia	1998	74.138	604842.0	55638.6935860684
Bahrain	Asia	1999	74.405	620989.0	56522.2261899823
Bahrain	Asia	2000	74.673	637582.0	57968.9956082135
Bahrain	Asia	2001	74.942	661316.0	57280.6986707494
Bahrain	Asia	2002	74.795	656397.0	23403.55927
Bahrain	Asia	2002	75.209	710553.0	55096.6571550779
Bahrain	Asia	2003	75.486	764517.0	54431.8763559658
Bahrain	Asia	2004	75.787	823741.0	54045.092888858
Bahrain	Asia	2005	76.125	888822.0	53478.2662415503
Bahrain	Asia	2006	76.51	960424.0	52691.9323366851
Bahrain	Asia	2007	75.635	708573.0	29796.04834
Bahrain	Asia	2007	76.952	1039295.0	52731.7921672618
Bahrain	Asia	2008	77.457	1103496.0	52765.3899455546
Bahrain	Asia	2009	78.016	1178415.0	50665.7507489219
Bahrain	Asia	2010	78.593	1228543.0	50704.8479679819
Bahrain	Asia	2011	79.141	1195020.0	53132.3284162611
Bahrain	Asia	2012	79.622	1208964.0	54516.8406594787
Bahrain	Asia	2013	79.998	1253191.0	55376.4005147894
Bahrain	Asia	2014	80.214	1314562.0	55065.8189472129
Bahrain	Asia	2015	80.338	1370322.0	54149.9131524721
Bahrain	Asia	2016	80.407	1423726.0	54107.0752236423
Bahrain	Asia	2017	80.407	1501116.0	53859.7749589601
Bahrain	Asia	2018	80.412	1503091.0	54893.0724411368
Bahrain	Asia	2019	80.471	1483756.0	56749.9628370612
Bahrain	Asia	2020	78.683	1472204.0	53814.2452592358
Bahrain	Asia	2021	78.083	1504365.0	54954.6757895532
Bahrain	Asia	2022	80.992	1524693.0	57572.997981018
Bangladesh	Asia	1952	37.484	46886859.0	684.2441716
Bangladesh	Asia	1957	39.348	51365468.0	661.6374577
Bangladesh	Asia	1962	41.216	56839289.0	686.3415538
Bangladesh	Asia	1967	43.453	62821884.0	721.1860862
Bangladesh	Asia	1972	45.252	70759295.0	630.2336265
Bangladesh	Asia	1977	46.923	80428306.0	659.8772322
Bangladesh	Asia	1982	50.009	93074406.0	676.9818656
Bangladesh	Asia	1987	52.819	103764241.0	751.9794035
Bangladesh	Asia	1990	55.822	111633717.0	2069.78230100672
Bangladesh	Asia	1991	53.781	113787109.0	2101.38366035658
Bangladesh	Asia	1992	56.018	113704579.0	837.8101643
Bangladesh	Asia	1992	56.592	115952192.0	2174.38232866943
Bangladesh	Asia	1993	57.073	118132360.0	2234.8101219225
Bangladesh	Asia	1994	57.64	120343179.0	2279.09435302944
Bangladesh	Asia	1995	58.244	122600370.0	2351.70387946903
Bangladesh	Asia	1996	58.94	124862179.0	2413.54298201505
Bangladesh	Asia	1997	59.412	123315288.0	972.7700352
Bangladesh	Asia	1997	59.671	127198069.0	2475.59574602489
Bangladesh	Asia	1998	60.429	129622332.0	2555.06119218282
Bangladesh	Asia	1999	61.244	132108065.0	2624.06553797638
Bangladesh	Asia	2000	62.049	134544304.0	2712.93512215725
Bangladesh	Asia	2001	62.836	136805810.0	2803.55471950946
Bangladesh	Asia	2002	62.013	135656790.0	1136.39043
Bangladesh	Asia	2002	63.591	138933658.0	2866.43454328715
Bangladesh	Asia	2003	64.288	140970351.0	2958.91503115633
Bangladesh	Asia	2004	64.912	142902856.0	3071.83778764611
Bangladesh	Asia	2005	65.509	144715786.0	3231.61370692891
Bangladesh	Asia	2006	66.048	146405973.0	3407.4273502159
Bangladesh	Asia	2007	64.062	150448339.0	1391.253792
Bangladesh	Asia	2007	66.458	147989278.0	3608.91543819399
Bangladesh	Asia	2008	67.047	149474264.0	3787.9382761855
Bangladesh	Asia	2009	67.527	150873714.0	3942.13631207203
Bangladesh	Asia	2010	68.009	152201981.0	4125.46390163202
Bangladesh	Asia	2011	68.499	153591076.0	4352.42643359325
Bangladesh	Asia	2012	68.989	155070101.0	4592.04840919812
Bangladesh	Asia	2013	69.487	156532141.0	4822.72621378266
Bangladesh	Asia	2014	70.016	157964929.0	5068.63965672741
Bangladesh	Asia	2015	70.543	159383179.0	5352.71133299566
Bangladesh	Asia	2016	71.075	160811932.0	5682.53553494306
Bangladesh	Asia	2017	71.606	162186147.0	6005.70718781048
Bangladesh	Asia	2018	72.122	163523103.0	6392.59334024091
Bangladesh	Asia	2019	72.625	164913055.0	6838.32611608243
Bangladesh	Asia	2020	71.421	166298024.0	7015.19792797056
Bangladesh	Asia	2021	71.103	167658854.0	7441.06913961254
Bangladesh	Asia	2022	74.265	169384897.0	7888.16389098304
Belgium	Europe	1952	68.0	8730405.0	8343.105127
Belgium	Europe	1957	69.24	8989111.0	9714.960623
Belgium	Europe	1962	70.25	9218400.0	10991.20676
Belgium	Europe	1967	70.94	9556500.0	13149.04119
Belgium	Europe	1972	71.44	9709100.0	16672.14356
Belgium	Europe	1977	72.8	9821800.0	19117.97448
Belgium	Europe	1982	73.93	9856303.0	20979.84589
Belgium	Europe	1987	75.35	9870200.0	22525.56308
Belgium	Europe	1990	76.0519512195122	9967379.0	41640.0583572132
Belgium	Europe	1991	76.1921951219512	10004486.0	42246.076049685
Belgium	Europe	1992	76.46	10045622.0	25575.57069
Belgium	Europe	1992	76.3512195121951	10045158.0	42719.0486134245
Belgium	Europe	1993	76.3453658536585	10084475.0	42143.196061205
Belgium	Europe	1994	76.6917073170732	10115603.0	43369.2759444308
Belgium	Europe	1995	76.8407317073171	10136811.0	44310.6278688274
Belgium	Europe	1996	77.1873170731707	10156637.0	44808.524358035
Belgium	Europe	1997	77.53	10199787.0	27561.19663
Belgium	Europe	1997	77.3707317073171	10181245.0	46396.0021283993
Belgium	Europe	1998	77.4731707317073	10203008.0	47205.3098527353
Belgium	Europe	1999	77.619512195122	10226419.0	48765.7668571996
Belgium	Europe	2000	77.7219512195122	10251250.0	50455.7338920672
Belgium	Europe	2001	77.9731707317073	10286570.0	50835.3969916061
Belgium	Europe	2002	78.32	10311970.0	30485.88375
Belgium	Europe	2002	78.0756097560976	10332785.0	51471.8532550932
Belgium	Europe	2003	78.1292682926829	10376133.0	51788.8439641973
Belgium	Europe	2004	78.8780487804878	10421137.0	53406.6918625201
Belgium	Europe	2005	78.9804878048781	10478617.0	54346.8934219286
Belgium	Europe	2006	79.380487804878	10547958.0	55367.6227467907
Belgium	Europe	2007	79.441	10392226.0	33692.60508
Belgium	Europe	2007	79.7829268292683	10625700.0	56983.4612170062
Belgium	Europe	2008	79.6804878048781	10709973.0	56787.7366257414
Belgium	Europe	2009	80.0341463414634	10796493.0	55258.7071019666
Belgium	Europe	2010	80.1829268292683	10895586.0	56240.2030936239
Belgium	Europe	2011	80.5853658536585	11038264.0	56585.3025000677
Belgium	Europe	2012	80.3853658536585	11106932.0	56356.8251292135
Belgium	Europe	2013	80.5878048780488	11159407.0	56263.1752679668
Belgium	Europe	2014	81.2878048780488	11209057.0	57002.9092185204
Belgium	Europe	2015	80.9926829268293	11274196.0	57509.0245728702
Belgium	Europe	2016	81.4390243902439	11331422.0	57901.4976903148
Belgium	Europe	2017	81.4926829268293	11375158.0	58529.3302957534
Belgium	Europe	2018	81.5951219512195	11427054.0	59357.6896884394
Belgium	Europe	2019	81.9951219512195	11488980.0	60479.9769955466
Belgium	Europe	2020	80.6951219512195	11538604.0	57333.5424137922
Belgium	Europe	2021	81.790243902439	11586195.0	60669.2137746531
Belgium	Europe	2022	81.7487804878049	11680210.0	62561.7810453236
Benin	Africa	1952	38.223	1738315.0	1062.7522
Benin	Africa	1957	40.358	1925173.0	959.6010805
Benin	Africa	1962	42.618	2151895.0	949.4990641
Benin	Africa	1967	44.885	2427334.0	1035.831411
Benin	Africa	1972	47.014	2761407.0	1085.796879
Benin	Africa	1977	49.19	3168267.0	1029.161251
Benin	Africa	1982	50.904	3641603.0	1277.897616
Benin	Africa	1987	52.337	4243788.0	1225.85601
Benin	Africa	1990	53.02	5281479.0	2207.06796428357
Benin	Africa	1991	53.441	5446932.0	2230.46054664537
Benin	Africa	1992	53.919	4981671.0	1191.207681
Benin	Africa	1992	54.137	5617844.0	2226.56666006625
Benin	Africa	1993	54.612	5872706.0	2254.24565428893
Benin	Africa	1994	54.988	6096506.0	2215.36616821938
Benin	Africa	1995	55.366	6226773.0	2300.14122107459
Benin	Africa	1996	55.648	6391858.0	2337.63030771279
Benin	Africa	1997	54.777	6066080.0	1232.975292
Benin	Africa	1997	55.986	6583365.0	2399.78593127356
Benin	Africa	1998	56.154	6789489.0	2419.10014338548
Benin	Africa	1999	56.336	7002818.0	2470.68504400549
Benin	Africa	2000	56.594	7221619.0	2536.16885867097
Benin	Africa	2001	56.654	7445596.0	2591.06485220288
Benin	Africa	2002	54.406	7026113.0	1372.877931
Benin	Africa	2002	56.851	7675426.0	2630.18061029627
Benin	Africa	2003	57.092	7913070.0	2639.04370114641
Benin	Africa	2004	57.346	8159094.0	2672.84404357157
Benin	Africa	2005	57.738	8426144.0	2632.47251454328
Benin	Africa	2006	57.966	8693242.0	2652.21841967159
Benin	Africa	2007	56.728	8078314.0	1441.284873
Benin	Africa	2007	58.249	8953969.0	2729.13741390352
Benin	Africa	2008	58.099	9228466.0	2777.61974031765
Benin	Africa	2009	58.258	9509423.0	2758.07243150648
Benin	Africa	2010	58.387	9797484.0	2733.57399641151
Benin	Africa	2011	58.462	10093623.0	2732.01249647957
Benin	Africa	2012	58.559	10397657.0	2779.7264808532
Benin	Africa	2013	58.863	10708834.0	2893.0467015352
Benin	Africa	2014	59.008	11030004.0	2987.38236326153
Benin	Africa	2015	59.123	11360681.0	2952.00218338705
Benin	Africa	2016	59.283	11697842.0	2962.66381572265
Benin	Africa	2017	59.528	12039780.0	3041.77929984989
Benin	Africa	2018	59.71	12383347.0	3155.4510650627
Benin	Africa	2019	59.888	12726755.0	3281.10470051465
Benin	Africa	2020	60.154	13070169.0	3317.8597222557
Benin	Africa	2021	59.61	13413417.0	3464.2886286745
Benin	Africa	2022	60.475	13759501.0	3588.32519938147
Bolivia	Americas	1952	40.414	2883315.0	2677.326347
Bolivia	Americas	1957	41.89	3211738.0	2127.686326
Bolivia	Americas	1962	43.428	3593918.0	2180.972546
Bolivia	Americas	1967	45.032	4040665.0	2586.886053
Bolivia	Americas	1972	46.714	4565872.0	2980.331339
Bolivia	Americas	1977	50.023	5079716.0	3548.097832
Bolivia	Americas	1982	53.859	5642224.0	3156.510452
Bolivia	Americas	1987	57.251	6156369.0	2753.69149
Bolivia	Americas	1990	56.797	7130142.0	6247.10446615403
Bolivia	Americas	1991	57.439	7280289.0	6440.4857162921
Bolivia	Americas	1992	59.957	6893451.0	2961.699694
Bolivia	Americas	1992	57.923	7430336.0	6414.32866802843
Bolivia	Americas	1993	58.66	7579195.0	6556.81640305094
Bolivia	Americas	1994	59.282	7727322.0	6731.2848743195
Bolivia	Americas	1995	59.787	7874676.0	6914.34189540931
Bolivia	Americas	1996	60.287	8021736.0	7083.61313107091
Bolivia	Americas	1997	62.05	7693188.0	3326.143191
Bolivia	Americas	1997	60.745	8167900.0	7301.50935715196
Bolivia	Americas	1998	61.227	8313394.0	7534.51656215666
Bolivia	Americas	1999	61.655	8459806.0	7435.72544462966
Bolivia	Americas	2000	62.057	8606326.0	7492.43381815499
Bolivia	Americas	2001	62.538	8752736.0	7491.15257767136
Bolivia	Americas	2002	63.883	8445134.0	3413.26269
Bolivia	Americas	2002	63.068	8900355.0	7550.01554439063
Bolivia	Americas	2003	63.455	9050700.0	7625.90515937027
Bolivia	Americas	2004	63.819	9204287.0	7811.59684101948
Bolivia	Americas	2005	64.182	9360754.0	8020.63568776794
Bolivia	Americas	2006	64.529	9521689.0	8263.31896895542
Bolivia	Americas	2007	65.554	9119152.0	3822.137084
Bolivia	Americas	2007	64.939	9685960.0	8493.94848397403
Bolivia	Americas	2008	65.299	9850858.0	8865.27246783163
Bolivia	Americas	2009	65.656	10016275.0	9011.55629962953
Bolivia	Americas	2010	66.003	10182345.0	9230.39808115934
Bolivia	Americas	2011	66.282	10348929.0	9554.44502529396
Bolivia	Americas	2012	66.586	10515807.0	9884.46163420335
Bolivia	Americas	2013	66.777	10682608.0	10391.38337536
Bolivia	Americas	2014	66.97	10848888.0	10790.8472899414
Bolivia	Americas	2015	67.205	11014705.0	11144.6415727207
Bolivia	Americas	2016	67.392	11180020.0	11448.0218032246
Bolivia	Americas	2017	67.536	11344587.0	11755.2556195885
Bolivia	Americas	2018	67.699	11508368.0	11920.3135079645
Bolivia	Americas	2019	67.82	11671386.0	11930.9159145918
Bolivia	Americas	2020	62.906	11816299.0	10285.6590750222
Bolivia	Americas	2021	61.427	11937360.0	11202.4409836707
Bolivia	Americas	2022	67.434	12077154.0	11487.7148799194
Bosnia and Herzegovina	Europe	1952	53.82	2791000.0	973.5331948
Bosnia and Herzegovina	Europe	1957	58.45	3076000.0	1353.989176
Bosnia and Herzegovina	Europe	1962	61.93	3349000.0	1709.683679
Bosnia and Herzegovina	Europe	1967	64.79	3585000.0	2172.352423
Bosnia and Herzegovina	Europe	1972	67.45	3819000.0	2860.16975
Bosnia and Herzegovina	Europe	1977	69.86	4086000.0	3528.481305
Bosnia and Herzegovina	Europe	1982	70.69	4172693.0	4126.613157
Bosnia and Herzegovina	Europe	1987	71.14	4338977.0	4314.114757
Bosnia and Herzegovina	Europe	1990	71.509	4448652.0	2413.94628661371
Bosnia and Herzegovina	Europe	1991	71.813	4458343.0	2183.53334750544
Bosnia and Herzegovina	Europe	1992	72.178	4256013.0	2546.781445
Bosnia and Herzegovina	Europe	1992	51.967	4234616.0	2150.91792787369
Bosnia and Herzegovina	Europe	1993	50.894	3904482.0	2281.89743409135
Bosnia and Herzegovina	Europe	1994	66.603	3725412.0	2657.81183684325
Bosnia and Herzegovina	Europe	1995	70.188	3715564.0	3090.38856699894
Bosnia and Herzegovina	Europe	1996	73.454	3875246.0	4568.99792503387
Bosnia and Herzegovina	Europe	1997	73.244	3607000.0	4766.355904
Bosnia and Herzegovina	Europe	1997	73.895	4018227.0	6020.98035205979
Bosnia and Herzegovina	Europe	1998	74.472	4089356.0	6899.32007242194
Bosnia and Herzegovina	Europe	1999	74.946	4130305.0	7481.32896038038
Bosnia and Herzegovina	Europe	2000	75.292	4159771.0	7830.52799465243
Bosnia and Herzegovina	Europe	2001	75.573	4179438.0	7982.54549824382
Bosnia and Herzegovina	Europe	2002	74.09	4165416.0	6018.975239
Bosnia and Herzegovina	Europe	2002	75.994	4188002.0	8366.7194826876
Bosnia and Herzegovina	Europe	2003	76.449	4178523.0	8709.98578818373
Bosnia and Herzegovina	Europe	2004	76.489	4140987.0	9344.86135037674
Bosnia and Herzegovina	Europe	2005	76.424	4096493.0	9814.5024001094
Bosnia and Herzegovina	Europe	2006	76.028	4063272.0	10430.4468101829
Bosnia and Herzegovina	Europe	2007	74.852	4552198.0	7446.298803
Bosnia and Herzegovina	Europe	2007	76.162	4013424.0	11178.7187958379
Bosnia and Herzegovina	Europe	2008	76.3	3947544.0	11983.7599628984
Bosnia and Herzegovina	Europe	2009	76.701	3879794.0	11826.6896105496
Bosnia and Herzegovina	Europe	2010	76.827	3811472.0	12142.9022266903
Bosnia and Herzegovina	Europe	2011	76.963	3741798.0	12487.6907383206
Bosnia and Herzegovina	Europe	2012	77.037	3670113.0	12626.9684703768
Bosnia and Herzegovina	Europe	2013	77.129	3610859.0	13135.7613502082
Bosnia and Herzegovina	Europe	2014	77.089	3564829.0	13458.8974998424
Bosnia and Herzegovina	Europe	2015	77.073	3518541.0	14220.1374681233
Bosnia and Herzegovina	Europe	2016	77.124	3473003.0	14873.6907565536
Bosnia and Herzegovina	Europe	2017	77.385	3428682.0	15554.710661967
Bosnia and Herzegovina	Europe	2018	77.942	3387000.0	16349.0542848051
Bosnia and Herzegovina	Europe	2019	77.394	3345533.0	17029.3540390252
Bosnia and Herzegovina	Europe	2020	76.04	3299349.0	16747.0912907168
Bosnia and Herzegovina	Europe	2021	74.567	3244907.0	18286.7225355833
Bosnia and Herzegovina	Europe	2022	76.777	3204802.0	19298.1814903752
Botswana	Africa	1952	47.622	442308.0	851.2411407
Botswana	Africa	1957	49.618	474639.0	918.2325349
Botswana	Africa	1962	51.52	512764.0	983.6539764
Botswana	Africa	1967	53.298	553541.0	1214.709294
Botswana	Africa	1972	56.024	619351.0	2263.611114
Botswana	Africa	1977	59.319	781472.0	3214.857818
Botswana	Africa	1982	61.484	970347.0	4551.14215
Botswana	Africa	1987	63.622	1151184.0	6205.88385
Botswana	Africa	1990	60.104	1305696.0	10520.9183978405
Botswana	Africa	1991	58.911	1341756.0	11001.8013588128
Botswana	Africa	1992	62.745	1342614.0	7954.111645
Botswana	Africa	1992	58.19	1380033.0	11008.6810214184
Botswana	Africa	1993	57.316	1420115.0	10902.9512774946
Botswana	Africa	1994	55.97	1460023.0	10989.6700551057
Botswana	Africa	1995	54.713	1498836.0	11457.6994362472
Botswana	Africa	1996	54.284	1535914.0	11832.9387782379
Botswana	Africa	1997	52.556	1536536.0	8647.142313
Botswana	Africa	1997	53.594	1571691.0	12526.352236393
Botswana	Africa	1998	52.968	1606899.0	12306.250477233
Botswana	Africa	1999	52.499	1641997.0	13207.447346512
Botswana	Africa	2000	52.263	1677382.0	13185.8171514278
Botswana	Africa	2001	52.21	1712254.0	12949.6403104655
Botswana	Africa	2002	46.634	1630347.0	11003.60508
Botswana	Africa	2002	52.373	1744763.0	13479.6960719923
Botswana	Africa	2003	52.851	1775736.0	13857.2588264737
Botswana	Africa	2004	53.573	1807146.0	13984.8415112641
Botswana	Africa	2005	54.386	1839877.0	14361.9576327759
Botswana	Africa	2006	55.112	1874516.0	15275.5828811117
Botswana	Africa	2007	50.728	1639131.0	12569.85177
Botswana	Africa	2007	56.735	1911201.0	15850.2343496231
Botswana	Africa	2008	57.661	1949970.0	16040.3153236098
Botswana	Africa	2009	58.297	1990673.0	13489.9509168296
Botswana	Africa	2010	59.137	2033111.0	14545.0198074427
Botswana	Africa	2011	59.715	2073535.0	15236.7188843522
Botswana	Africa	2012	60.384	2108617.0	14957.6189142932
Botswana	Africa	2013	61.217	2140682.0	16369.4252971454
Botswana	Africa	2014	62.167	2172044.0	17052.1924105361
Botswana	Africa	2015	63.215	2203273.0	15994.9643042101
Botswana	Africa	2016	64.32	2234776.0	16905.588740873
Botswana	Africa	2017	65.42	2266747.0	17352.8958451454
Botswana	Africa	2018	66.371	2299141.0	17825.018569213
Botswana	Africa	2019	67.167	2332083.0	18106.0105471124
Botswana	Africa	2020	67.643	2365894.0	16289.3913582645
Botswana	Africa	2021	63.303	2401441.0	17960.6254447437
Botswana	Africa	2022	68.749	2439892.0	18647.3734588832
Brazil	Americas	1952	50.917	56602560.0	2108.944355
Brazil	Americas	1957	53.285	65551171.0	2487.365989
Brazil	Americas	1962	55.665	76039390.0	3336.585802
Brazil	Americas	1967	57.632	88049823.0	3429.864357
Brazil	Americas	1972	59.504	100840058.0	4985.711467
Brazil	Americas	1977	61.489	114313951.0	6660.118654
Brazil	Americas	1982	63.336	128962939.0	7030.835878
Brazil	Americas	1987	65.205	142938076.0	7807.095818
Brazil	Americas	1990	65.862	149143223.0	12633.2884559605
Brazil	Americas	1991	66.203	151724256.0	12546.5605004545
Brazil	Americas	1992	67.057	155975974.0	6950.283021
Brazil	Americas	1992	66.539	154275079.0	12271.9788476188
Brazil	Americas	1993	66.892	156794577.0	12669.4287208252
Brazil	Americas	1994	67.293	159265006.0	13202.9308013064
Brazil	Americas	1995	67.701	161735073.0	13550.4393737243
Brazil	Americas	1996	68.108	164202549.0	13641.6295997537
Brazil	Americas	1997	69.388	168546719.0	7957.980824
Brazil	Americas	1997	68.505	166661659.0	13896.6249901345
Brazil	Americas	1998	68.848	169159655.0	13737.7026434846
Brazil	Americas	1999	69.211	171641543.0	13602.4137069426
Brazil	Americas	2000	69.584	174018282.0	14005.347187072
Brazil	Americas	2001	69.98	176301203.0	14016.1313773564
Brazil	Americas	2002	71.006	179914212.0	8131.212843
Brazil	Americas	2002	70.396	178503484.0	14265.9048768518
Brazil	Americas	2003	70.884	180622688.0	14259.3664088286
Brazil	Americas	2004	71.361	182675143.0	14911.260960772
Brazil	Americas	2005	71.832	184688101.0	15221.0138281917
Brazil	Americas	2006	72.296	186653106.0	15657.4795714009
Brazil	Americas	2007	72.39	190010647.0	9065.800825
Brazil	Americas	2007	72.73	188552320.0	16440.5837398046
Brazil	Americas	2008	73.111	190367302.0	17113.3679822772
Brazil	Americas	2009	73.457	192079951.0	16939.4407809047
Brazil	Americas	2010	73.779	193701929.0	18062.158110224
Brazil	Americas	2011	74.047	195284734.0	18627.8104527933
Brazil	Americas	2012	74.335	196876111.0	18832.2195524356
Brazil	Americas	2013	74.609	198478299.0	19241.5059814525
Brazil	Americas	2014	74.823	200085127.0	19183.1727445223
Brazil	Americas	2015	75.106	201675532.0	18357.0690615421
Brazil	Americas	2016	75.081	203218114.0	17620.9272434403
Brazil	Americas	2017	75.383	204703445.0	17724.4799577815
Brazil	Americas	2018	75.633	206107261.0	17917.7492122925
Brazil	Americas	2019	75.809	207455459.0	18018.62091495
Brazil	Americas	2020	74.506	208660842.0	17327.5157248143
Brazil	Americas	2021	73.038	209550294.0	18075.7060048757
Brazil	Americas	2022	74.872	210306415.0	18554.0461828519
Bulgaria	Europe	1952	59.6	7274900.0	2444.286648
Bulgaria	Europe	1957	66.61	7651254.0	3008.670727
Bulgaria	Europe	1962	69.51	8012946.0	4254.337839
Bulgaria	Europe	1967	70.42	8310226.0	5577.0028
Bulgaria	Europe	1972	70.9	8576200.0	6597.494398
Bulgaria	Europe	1977	70.81	8797022.0	7612.240438
Bulgaria	Europe	1982	71.08	8892098.0	8224.191647
Bulgaria	Europe	1987	71.34	8971958.0	8239.854824
Bulgaria	Europe	1990	71.6414634146342	8718289.0	14955.002493041
Bulgaria	Europe	1991	71.5609756097561	8632367.0	13828.28230758
Bulgaria	Europe	1992	71.19	8658506.0	6302.623438
Bulgaria	Europe	1992	71.4943902439024	8540164.0	12961.0742327664
Bulgaria	Europe	1993	71.3468292682927	8472313.0	12871.4855284338
Bulgaria	Europe	1994	71.2087804878049	8443591.0	13150.0706648635
Bulgaria	Europe	1995	71.0534146341463	8406067.0	13591.4480023151
Bulgaria	Europe	1996	70.8973170731707	8362826.0	14372.8706778749
Bulgaria	Europe	1997	70.32	8066057.0	5970.38876
Bulgaria	Europe	1997	70.3512195121951	8312068.0	12419.464934353
Bulgaria	Europe	1998	71.0609756097561	8256786.0	12976.3567900151
Bulgaria	Europe	1999	71.4121951219512	8210624.0	11953.6806522254
Bulgaria	Europe	2000	71.6634146341463	8170172.0	12563.9227068861
Bulgaria	Europe	2001	71.7682926829268	8009142.0	13306.5962276714
Bulgaria	Europe	2002	72.14	7661799.0	7696.777725
Bulgaria	Europe	2002	71.8658536585366	7837161.0	14397.1005753299
Bulgaria	Europe	2003	72.0658536585366	7775327.0	15271.5893546812
Bulgaria	Europe	2004	72.5634146341463	7716860.0	16389.07338652
Bulgaria	Europe	2005	72.5609756097561	7658972.0	17678.1561897795
Bulgaria	Europe	2006	72.6121951219512	7601022.0	19024.6747736411
Bulgaria	Europe	2007	73.005	7322858.0	10680.79282
Bulgaria	Europe	2007	72.6634146341463	7545338.0	20440.3938360609
Bulgaria	Europe	2008	72.9634146341463	7492561.0	21846.1055835922
Bulgaria	Europe	2009	73.4121951219512	7444443.0	21251.3639706764
Bulgaria	Europe	2010	73.5121951219512	7395599.0	21724.4361138461
Bulgaria	Europe	2011	74.1634146341463	7348328.0	22321.1868528583
Bulgaria	Europe	2012	74.3146341463415	7305888.0	22618.966354263
Bulgaria	Europe	2013	74.8609756097561	7160005.0	22954.5551038994
Bulgaria	Europe	2014	74.4658536585366	7073572.0	23455.6450121837
Bulgaria	Europe	2015	74.6146341463415	6984225.0	24562.8185023789
Bulgaria	Europe	2016	74.8121951219512	6894139.0	25636.92148173
Bulgaria	Europe	2017	74.8146341463415	6803468.0	26691.9422207421
Bulgaria	Europe	2018	74.9634146341464	6710798.0	27691.0852003867
Bulgaria	Europe	2019	75.1121951219512	6616726.0	29150.1225882998
Bulgaria	Europe	2020	73.3560975609756	6550696.0	28521.4036964594
Bulgaria	Europe	2021	71.2121951219512	6507301.0	30959.1971248
Bulgaria	Europe	2022	74.1609756097561	6465097.0	32433.8830906237
Burkina Faso	Africa	1952	31.975	4469979.0	543.2552413
Burkina Faso	Africa	1957	34.906	4713416.0	617.1834648
Burkina Faso	Africa	1962	37.814	4919632.0	722.5120206
Burkina Faso	Africa	1967	40.697	5127935.0	794.8265597
Burkina Faso	Africa	1972	43.591	5433886.0	854.7359763
Burkina Faso	Africa	1977	46.137	5889574.0	743.3870368
Burkina Faso	Africa	1982	48.122	6634596.0	807.1985855
Burkina Faso	Africa	1987	49.557	7586551.0	912.0631417
Burkina Faso	Africa	1990	49.315	9159356.0	1107.85590454965
Burkina Faso	Africa	1991	49.33	9394632.0	1178.07704639063
Burkina Faso	Africa	1992	50.26	8878303.0	931.7527731
Burkina Faso	Africa	1992	49.378	9629275.0	1152.04476095096
Burkina Faso	Africa	1993	49.412	9871713.0	1162.64923453351
Burkina Faso	Africa	1994	49.469	10123798.0	1148.60721370395
Burkina Faso	Africa	1995	49.554	10386722.0	1183.52861008084
Burkina Faso	Africa	1996	49.693	10655942.0	1280.69608533889
Burkina Faso	Africa	1997	50.324	10352843.0	946.2949618
Burkina Faso	Africa	1997	49.56	10934223.0	1326.94230829963
Burkina Faso	Africa	1998	50.163	11240664.0	1385.09310679095
Burkina Faso	Africa	1999	50.463	11574928.0	1444.56690170414
Burkina Faso	Africa	2000	50.808	11925546.0	1428.57400617096
Burkina Faso	Africa	2001	51.188	12295001.0	1477.28491846525
Burkina Faso	Africa	2002	50.65	12251209.0	1037.645221
Burkina Faso	Africa	2002	51.447	12680897.0	1494.67801269583
Burkina Faso	Africa	2003	51.959	13082532.0	1561.83310184915
Burkina Faso	Africa	2004	52.6	13500533.0	1581.25620933294
Burkina Faso	Africa	2005	53.271	13932123.0	1664.99543180023
Burkina Faso	Africa	2006	53.784	14373707.0	1714.76034904509
Burkina Faso	Africa	2007	52.295	14326203.0	1217.032994
Burkina Faso	Africa	2007	54.377	14816307.0	1731.93046335077
Burkina Faso	Africa	2008	55.199	15258093.0	1779.32710911571
Burkina Faso	Africa	2009	55.791	15710066.0	1779.32305627973
Burkina Faso	Africa	2010	56.343	16176498.0	1873.97146230828
Burkina Faso	Africa	2011	57.001	16661908.0	1939.86659989406
Burkina Faso	Africa	2012	57.457	17172287.0	2003.6646118745
Burkina Faso	Africa	2013	57.903	17695409.0	2057.0639319853
Burkina Faso	Africa	2014	58.331	18229461.0	2083.19844698304
Burkina Faso	Africa	2015	58.778	18777487.0	2101.70266192027
Burkina Faso	Africa	2016	59.173	19334856.0	2162.72578977814
Burkina Faso	Africa	2017	59.578	19894407.0	2232.28781490944
Burkina Faso	Africa	2018	59.972	20438288.0	2316.39432079045
Burkina Faso	Africa	2019	60.184	20961952.0	2391.53626844484
Burkina Faso	Africa	2020	60.454	21478690.0	2380.93171826574
Burkina Faso	Africa	2021	60.046	21995243.0	2486.43093147762
Burkina Faso	Africa	2022	60.7	22509038.0	2469.19956941259
Burundi	Africa	1952	39.031	2445618.0	339.2964587
Burundi	Africa	1957	40.533	2667518.0	379.5646281
Burundi	Africa	1962	42.045	2961915.0	355.2032273
Burundi	Africa	1967	43.548	3330989.0	412.9775136
Burundi	Africa	1972	44.057	3529983.0	464.0995039
Burundi	Africa	1977	45.91	3834415.0	556.1032651
Burundi	Africa	1982	47.471	4580410.0	559.603231
Burundi	Africa	1987	48.211	5126023.0	621.8188189
Burundi	Africa	1990	45.184	5587052.0	1460.27645878332
Burundi	Africa	1991	44.66	5703857.0	1501.8459320135
Burundi	Africa	1992	44.736	5809236.0	631.6998778
Burundi	Africa	1992	44.469	5858407.0	1476.99435502804
Burundi	Africa	1993	37.221	5676843.0	1429.12129549201
Burundi	Africa	1994	44.515	5713854.0	1365.48348262885
Burundi	Africa	1995	44.589	6066316.0	1184.2840262089
Burundi	Africa	1996	44.807	6070506.0	1088.78927818283
Burundi	Africa	1997	45.326	6121610.0	463.1151478
Burundi	Africa	1997	45.721	6070042.0	1071.55943349349
Burundi	Africa	1998	46.678	6187108.0	1101.22051819781
Burundi	Africa	1999	47.627	6337155.0	1064.28756095402
Burundi	Africa	2000	47.617	6470194.0	1033.47188177042
Burundi	Africa	2001	48.509	6634365.0	1028.61849315822
Burundi	Africa	2002	47.36	7021078.0	446.4035126
Burundi	Africa	2002	49.924	6824132.0	1044.4802745003
Burundi	Africa	2003	50.997	7043154.0	999.615791221936
Burundi	Africa	2004	52.217	7310656.0	1009.58916929728
Burundi	Africa	2005	53.053	7587299.0	981.533210986845
Burundi	Africa	2006	53.962	7865547.0	998.069458519996
Burundi	Africa	2007	49.58	8390505.0	430.0706916
Burundi	Africa	2007	54.832	8161874.0	994.963590921008
Burundi	Africa	2008	55.581	8505637.0	1001.61751311947
Burundi	Africa	2009	56.422	8947646.0	988.19632868896
Burundi	Africa	2010	57.088	9376444.0	991.038897704986
Burundi	Africa	2011	57.804	9717978.0	994.691231245018
Burundi	Africa	2012	58.501	10071028.0	1002.27452805218
Burundi	Africa	2013	59.179	10439341.0	1014.5231007912
Burundi	Africa	2014	59.764	10799785.0	1022.29153627273
Burundi	Africa	2015	60.107	11047580.0	995.319068450023
Burundi	Africa	2016	60.789	11239451.0	1009.63596796379
Burundi	Africa	2017	61.345	11506762.0	1023.97040626757
Burundi	Africa	2018	61.806	11859446.0	1046.59511246023
Burundi	Africa	2019	62.18	12255336.0	1057.95005999167
Burundi	Africa	2020	62.569	12617036.0	1030.77026419371
Burundi	Africa	2021	62.101	12965481.0	1035.53857384938
Burundi	Africa	2022	62.882	13321097.0	1031.25412243175
Cambodia	Asia	1952	39.417	4693836.0	368.4692856
Cambodia	Asia	1957	41.366	5322536.0	434.0383364
Cambodia	Asia	1962	43.415	6083619.0	496.9136476
Cambodia	Asia	1967	45.415	6960067.0	523.4323142
Cambodia	Asia	1972	40.317	7450606.0	421.6240257
Cambodia	Asia	1977	31.22	6978607.0	524.9721832
Cambodia	Asia	1982	50.957	7272485.0	624.4754784
Cambodia	Asia	1987	53.914	8371791.0	683.8955732
Cambodia	Asia	1990	55.205	7374752.0	2646.09798836687
Cambodia	Asia	1991	55.582	7686850.0	2731.37973720314
Cambodia	Asia	1992	55.803	10150094.0	682.3031755
Cambodia	Asia	1992	55.747	8113083.0	2769.4882552665
Cambodia	Asia	1993	56.036	8616381.0	2714.59150059884
Cambodia	Asia	1994	56.221	9239162.0	1650.39100001816
Cambodia	Asia	1995	56.562	10018497.0	1672.73928514136
Cambodia	Asia	1996	56.832	10801270.0	1643.01579058314
Cambodia	Asia	1997	56.534	11782962.0	734.28517
Cambodia	Asia	1997	57.266	11570982.0	1595.17130656935
Cambodia	Asia	1998	57.859	12058173.0	1602.38371208931
Cambodia	Asia	1999	58.611	12265731.0	1775.41239802043
Cambodia	Asia	2000	59.491	12462336.0	1922.03179092592
Cambodia	Asia	2001	60.457	12658484.0	2032.08092022373
Cambodia	Asia	2002	56.752	12926707.0	896.2260153
Cambodia	Asia	2002	61.395	12855241.0	2126.34150468987
Cambodia	Asia	2003	62.345	13050968.0	2309.83931482788
Cambodia	Asia	2004	63.256	13244731.0	2491.30930003838
Cambodia	Asia	2005	64.113	13439202.0	2781.89028895255
Cambodia	Asia	2006	64.886	13639028.0	3041.10471220153
Cambodia	Asia	2007	59.723	14131858.0	1713.778686
Cambodia	Asia	2007	65.549	13841770.0	3308.15747246544
Cambodia	Asia	2008	66.147	14053479.0	3501.9257021932
Cambodia	Asia	2009	66.747	14276810.0	3587.60889588362
Cambodia	Asia	2010	67.311	14500726.0	3711.53750580157
Cambodia	Asia	2011	67.869	14722584.0	3921.97911563308
Cambodia	Asia	2012	68.371	14945085.0	4159.16354123446
Cambodia	Asia	2013	68.755	15170208.0	4419.3988680186
Cambodia	Asia	2014	69.117	15396772.0	4702.73061823207
Cambodia	Asia	2015	69.398	15623251.0	4968.57276699143
Cambodia	Asia	2016	69.635	15852803.0	5283.72964943779
Cambodia	Asia	2017	69.842	16073372.0	5632.03125629342
Cambodia	Asia	2018	69.993	16274522.0	6050.59088262205
Cambodia	Asia	2019	70.127	16481304.0	6448.88455952805
Cambodia	Asia	2020	70.059	16725474.0	6128.78243783335
Cambodia	Asia	2021	69.301	16974305.0	6225.53265474741
Cambodia	Asia	2022	70.528	17201724.0	6458.3681488084
Cameroon	Africa	1952	38.523	5009067.0	1172.667655
Cameroon	Africa	1957	40.428	5359923.0	1313.048099
Cameroon	Africa	1962	42.643	5793633.0	1399.607441
Cameroon	Africa	1967	44.799	6335506.0	1508.453148
Cameroon	Africa	1972	47.049	7021028.0	1684.146528
Cameroon	Africa	1977	49.355	7959865.0	1783.432873
Cameroon	Africa	1982	52.961	9250831.0	2367.983282
Cameroon	Africa	1987	54.985	10780667.0	2602.664206
Cameroon	Africa	1990	54.348	11331821.0	4517.61887779618
Cameroon	Africa	1991	54.168	11667180.0	4220.65297387084
Cameroon	Africa	1992	54.314	12467171.0	1793.163278
Cameroon	Africa	1992	54.053	12006353.0	3974.27759501196
Cameroon	Africa	1993	53.872	12353131.0	3556.31854424592
Cameroon	Africa	1994	53.537	12704903.0	3522.74885285749
Cameroon	Africa	1995	53.347	13058516.0	3526.54367510339
Cameroon	Africa	1996	53.2	13414757.0	3577.59204137871
Cameroon	Africa	1997	52.199	14195809.0	1694.337469
Cameroon	Africa	1997	53.105	13775214.0	3641.70750463277
Cameroon	Africa	1998	53.043	14144860.0	3714.13212604236
Cameroon	Africa	1999	53.166	14525140.0	3780.06217282191
Cameroon	Africa	2000	53.338	14912631.0	3822.94425358926
Cameroon	Africa	2001	53.598	15309490.0	3884.87304812714
Cameroon	Africa	2002	49.856	15929988.0	1934.011449
Cameroon	Africa	2002	53.922	15725528.0	3951.41936232132
Cameroon	Africa	2003	54.253	16160340.0	4054.78133246517
Cameroon	Africa	2004	54.578	16610487.0	4222.96638689885
Cameroon	Africa	2005	54.904	17074594.0	4199.72270969362
Cameroon	Africa	2006	55.301	17550407.0	4241.51744722821
Cameroon	Africa	2007	50.43	17696293.0	2042.09524
Cameroon	Africa	2007	55.71	18049896.0	4302.6192630847
Cameroon	Africa	2008	56.116	18574056.0	4300.26640352464
Cameroon	Africa	2009	56.486	19113974.0	4286.57718166156
Cameroon	Africa	2010	56.965	19668066.0	4286.58302947378
Cameroon	Africa	2011	57.482	20232304.0	4307.85195558527
Cameroon	Africa	2012	58.17	20809529.0	4382.11120797355
Cameroon	Africa	2013	58.73	21402376.0	4473.57231896434
Cameroon	Africa	2014	59.13	22059893.0	4588.4864949903
Cameroon	Africa	2015	59.687	22763414.0	4698.66677843587
Cameroon	Africa	2016	60.293	23454161.0	4767.13186148953
Cameroon	Africa	2017	60.817	24128601.0	4797.97544185544
Cameroon	Africa	2018	61.189	24806383.0	4851.48003949961
Cameroon	Africa	2019	61.695	25506095.0	4882.35560028896
Cameroon	Africa	2020	61.674	26210558.0	4763.48194388066
Cameroon	Africa	2021	61.146	26915758.0	4793.55628200196
Cameroon	Africa	2022	62.443	27632771.0	4843.65038202917
Canada	Americas	1952	68.75	14785584.0	11367.16112
Canada	Americas	1957	69.96	17010154.0	12489.95006
Canada	Americas	1962	71.3	18985849.0	13462.48555
Canada	Americas	1967	72.13	20819767.0	16076.58803
Canada	Americas	1972	72.88	22284500.0	18970.57086
Canada	Americas	1977	74.21	23796400.0	22090.88306
Canada	Americas	1982	75.76	25201900.0	22898.79214
Canada	Americas	1987	76.86	26549700.0	26626.51503
Canada	Americas	1990	77.4365853658537	27691138.0	40475.1123914259
Canada	Americas	1991	77.5934146341464	28037420.0	39139.3122852292
Canada	Americas	1992	77.95	28523502.0	26342.88426
Canada	Americas	1992	77.8380487804878	28371264.0	39023.182197815
Canada	Americas	1993	77.7048780487805	28684764.0	39622.4790617509
Canada	Americas	1994	77.8717073170732	29000663.0	40952.1359325297
Canada	Americas	1995	77.9773170731707	29302311.0	41617.7233238779
Canada	Americas	1996	78.220243902439	29610218.0	41880.5520989428
Canada	Americas	1997	78.61	30305843.0	28954.92589
Canada	Americas	1997	78.4124390243903	29905948.0	43241.2407061887
Canada	Americas	1998	78.6236585365854	30155173.0	44553.2827303697
Canada	Americas	1999	78.8390243902439	30401286.0	46464.5457841559
Canada	Americas	2000	79.1668292682927	30685730.0	48399.3055389359
Canada	Americas	2001	79.3980487804878	31020855.0	48774.1675534138
Canada	Americas	2002	79.77	31902268.0	33328.96507
Canada	Americas	2002	79.5307317073171	31359199.0	49695.0066909867
Canada	Americas	2003	79.7151219512195	31642461.0	50139.7862347007
Canada	Americas	2004	79.9921951219512	31938807.0	51210.6796118735
Canada	Americas	2005	80.1126829268293	32242732.0	52356.5578038534
Canada	Americas	2006	80.5436585365854	32571193.0	53195.781842155
Canada	Americas	2007	80.653	33390141.0	36319.23501
Canada	Americas	2007	80.5436585365854	32888886.0	53761.8620298113
Canada	Americas	2008	80.7246341463415	33247298.0	53711.6792064975
Canada	Americas	2009	81.0660975609756	33630069.0	51552.4223837895
Canada	Americas	2010	81.3221951219512	34005902.0	52558.4408142168
Canada	Americas	2011	81.4826829268293	34339221.0	53681.1296700569
Canada	Americas	2012	81.6636585365854	34713395.0	54034.8034751988
Canada	Americas	2013	81.7448780487805	35080992.0	54712.178423981
Canada	Americas	2014	81.7843902439025	35434066.0	55723.4835404159
Canada	Americas	2015	81.8258536585366	35704498.0	55660.8675272614
Canada	Americas	2016	81.94	36110803.0	55606.1549191947
Canada	Americas	2017	81.8129268292683	36545075.0	56612.3285367448
Canada	Americas	2018	81.8087804878049	37072620.0	57337.4909099991
Canada	Americas	2019	82.1636585365854	37618495.0	57583.845798092
Canada	Americas	2020	81.5351219512195	38028638.0	54092.8790317796
Canada	Americas	2021	81.5168292682927	38239864.0	56995.1176781351
Canada	Americas	2022	81.2453658536585	38935934.0	58321.0611834624
Central African Republic	Africa	1952	35.463	1291695.0	1071.310713
Central African Republic	Africa	1957	37.464	1392284.0	1190.844328
Central African Republic	Africa	1962	39.475	1523478.0	1193.068753
Central African Republic	Africa	1967	41.478	1733638.0	1136.056615
Central African Republic	Africa	1972	43.457	1927260.0	1070.013275
Central African Republic	Africa	1977	46.775	2167533.0	1109.374338
Central African Republic	Africa	1982	48.295	2476971.0	956.7529907
Central African Republic	Africa	1987	50.485	2840009.0	844.8763504
Central African Republic	Africa	1990	49.854	2871910.0	1481.25255094258
Central African Republic	Africa	1991	49.575	2963191.0	1427.69018313539
Central African Republic	Africa	1992	49.396	3265124.0	747.9055252
Central African Republic	Africa	1992	49.213	3058831.0	1294.20254725767
Central African Republic	Africa	1993	48.899	3157839.0	1257.8284033824
Central African Republic	Africa	1994	48.509	3257954.0	1278.91509145063
Central African Republic	Africa	1995	48.109	3348052.0	1334.10322981784
Central African Republic	Africa	1996	47.7	3435965.0	1247.9687525828
Central African Republic	Africa	1997	46.066	3696513.0	740.5063317
Central African Republic	Africa	1997	47.284	3531700.0	1278.48826062781
Central African Republic	Africa	1998	47.089	3628827.0	1302.75142830782
Central African Republic	Africa	1999	46.91	3729450.0	1313.23570902088
Central African Republic	Africa	2000	46.609	3833416.0	1245.81399563599
Central African Republic	Africa	2001	46.734	3919487.0	1272.85710758505
Central African Republic	Africa	2002	43.308	4048013.0	738.6906068
Central African Republic	Africa	2002	46.84	4006077.0	1290.38314917126
Central African Republic	Africa	2003	47.306	4103086.0	1191.8731520062
Central African Republic	Africa	2004	47.696	4192826.0	1236.28534712166
Central African Republic	Africa	2005	48.207	4288810.0	1219.5939445674
Central African Republic	Africa	2006	48.687	4377579.0	1251.87082171335
Central African Republic	Africa	2007	44.741	4369038.0	706.016537
Central African Republic	Africa	2007	49.327	4462770.0	1284.55283590666
Central African Republic	Africa	2008	49.873	4558984.0	1283.2728263106
Central African Republic	Africa	2009	14.665	4529047.0	1402.68164770801
Central African Republic	Africa	2010	46.871	4492995.0	1479.41367757692
Central African Republic	Africa	2011	50.107	4565021.0	1517.14839091011
Central African Republic	Africa	2012	51.336	4610848.0	1577.98053252253
Central African Republic	Africa	2013	49.487	4642419.0	996.896355923912
Central African Republic	Africa	2014	40.265	4623182.0	1001.85598053496
Central African Republic	Africa	2015	51.934	4629320.0	1043.92171697157
Central African Republic	Africa	2016	50.999	4713663.0	1073.94477703739
Central African Republic	Africa	2017	45.231	4793511.0	1103.86609318724
Central African Republic	Africa	2018	52.297	4878657.0	1125.70091748228
Central African Republic	Africa	2019	31.53	4944703.0	1145.09563657752
Central African Republic	Africa	2020	50.596	5026628.0	1136.57052993758
Central African Republic	Africa	2021	40.279	5112100.0	1128.55237996459
Central African Republic	Africa	2022	18.818	5098039.0	1136.80171107045
Chad	Africa	1952	38.092	2682462.0	1178.665927
Chad	Africa	1957	39.881	2894855.0	1308.495577
Chad	Africa	1962	41.716	3150417.0	1389.817618
Chad	Africa	1967	43.601	3495967.0	1196.810565
Chad	Africa	1972	45.569	3899068.0	1104.103987
Chad	Africa	1977	47.383	4388260.0	1133.98495
Chad	Africa	1982	49.517	4875118.0	797.9081006
Chad	Africa	1987	51.051	5498955.0	952.386129
Chad	Africa	1990	45.074	5982833.0	1711.36988442035
Chad	Africa	1991	46.596	6205676.0	1790.73791098353
Chad	Africa	1992	51.724	6429417.0	1058.0643
Chad	Africa	1992	46.777	6474656.0	1853.67667631479
Chad	Africa	1993	47.002	6629146.0	1526.05432530002
Chad	Africa	1994	47.08	6783450.0	1642.51653213298
Chad	Africa	1995	47.453	7089064.0	1591.14154056727
Chad	Africa	1996	47.551	7410108.0	1555.91392488298
Chad	Africa	1997	51.573	7562011.0	1004.961353
Chad	Africa	1997	47.762	7670366.0	1588.09860417439
Chad	Africa	1998	47.802	7938840.0	1641.05715328512
Chad	Africa	1999	47.934	8222705.0	1573.58531389989
Chad	Africa	2000	47.937	8512093.0	1506.71577205515
Chad	Africa	2001	48.306	8804124.0	1626.56683129334
Chad	Africa	2002	50.525	8835739.0	1156.18186
Chad	Africa	2002	48.36	9116192.0	1704.27295147382
Chad	Africa	2003	48.609	9487833.0	1878.58578619738
Chad	Africa	2004	48.687	9920036.0	2400.97004980577
Chad	Africa	2005	48.86	10328092.0	2705.816508357
Chad	Africa	2006	48.747	10706424.0	2596.03235458563
Chad	Africa	2007	50.651	10238807.0	1704.063724
Chad	Africa	2007	49.21	11081660.0	2613.47387385213
Chad	Africa	2008	49.503	11476296.0	2601.36125803518
Chad	Africa	2009	49.828	11893754.0	2474.70758351267
Chad	Africa	2010	50.107	12312575.0	2717.40540184377
Chad	Africa	2011	50.426	12754997.0	2741.07083398912
Chad	Africa	2012	50.765	13210998.0	2886.27474563711
Chad	Africa	2013	51.051	13691079.0	2864.1130140853
Chad	Africa	2014	51.141	14188678.0	2820.67795067436
Chad	Africa	2015	51.32	14647621.0	2822.57929900236
Chad	Africa	2016	51.603	15114655.0	2622.59780843796
Chad	Africa	2017	51.875	15622759.0	2496.26213644007
Chad	Africa	2018	52.447	16156531.0	2552.37036388576
Chad	Africa	2019	52.993	16685223.0	2604.53153663392
Chad	Africa	2020	53.082	17224679.0	2513.02922729008
Chad	Africa	2021	53.136	17828273.0	2435.07274651099
Chad	Africa	2022	54.528	18455316.0	2449.48251052484
Chile	Americas	1952	54.745	6377619.0	3939.978789
Chile	Americas	1957	56.074	7048426.0	4315.622723
Chile	Americas	1962	57.924	7961258.0	4519.094331
Chile	Americas	1967	60.523	8858908.0	5106.654313
Chile	Americas	1972	63.441	9717524.0	5494.024437
Chile	Americas	1977	67.052	10599793.0	4756.763836
Chile	Americas	1982	70.565	11487112.0	5095.665738
Chile	Americas	1987	72.492	12463354.0	5547.063754
Chile	Americas	1990	73.675	13437176.0	10952.6557541746
Chile	Americas	1991	74.082	13662491.0	11607.5304034269
Chile	Americas	1992	74.126	13572994.0	7596.125964
Chile	Americas	1992	74.367	13884577.0	12735.6013333406
Chile	Americas	1993	74.679	14102276.0	13377.3053213538
Chile	Americas	1994	74.973	14316256.0	13846.3481640718
Chile	Americas	1995	75.298	14527381.0	14908.0347974549
Chile	Americas	1996	75.555	14734046.0	15744.7380005491
Chile	Americas	1997	75.816	14599929.0	10118.05318
Chile	Americas	1997	75.826	14932434.0	16683.9059031298
Chile	Americas	1998	76.324	15127799.0	17156.9718740639
Chile	Americas	1999	76.738	15319313.0	16896.1244715786
Chile	Americas	2000	77.128	15503635.0	17525.2717273479
Chile	Americas	2001	77.58	15683849.0	17870.3008332711
Chile	Americas	2002	77.86	15497046.0	10778.78385
Chile	Americas	2002	77.84	15857925.0	18240.2015602857
Chile	Americas	2003	77.884	16024752.0	18902.8708740806
Chile	Americas	2004	78.276	16187322.0	19961.9835794233
Chile	Americas	2005	78.459	16348778.0	20918.5275760681
Chile	Americas	2006	78.533	16509195.0	21968.5375355854
Chile	Americas	2007	78.553	16284741.0	13171.63885
Chile	Americas	2007	78.652	16671581.0	22878.8834428789
Chile	Americas	2008	78.752	16838988.0	23509.7816931441
Chile	Americas	2009	78.89	17009731.0	23013.5817893814
Chile	Americas	2010	79.095	17181464.0	24116.7694715614
Chile	Americas	2011	79.236	17351816.0	25366.2690249825
Chile	Americas	2012	79.221	17519119.0	26670.4971338402
Chile	Americas	2013	79.551	17687006.0	27291.3576525957
Chile	Americas	2014	79.714	17864195.0	27505.0495524158
Chile	Americas	2015	80.008	18047625.0	27811.3745158617
Chile	Americas	2016	80.295	18267221.0	27958.7284996682
Chile	Americas	2017	80.61	18558868.0	27892.9946862827
Chile	Americas	2018	80.559	18893191.0	28492.6611456515
Chile	Americas	2019	80.324	19197744.0	28218.5343879081
Chile	Americas	2020	79.349	19370624.0	26248.5616432825
Chile	Americas	2021	78.876	19456334.0	29089.850459728
Chile	Americas	2022	79.176	19553036.0	29569.4775527937
China	Asia	1952	44.0	556263527.0	400.448611
China	Asia	1957	50.54896	637408000.0	575.9870009
China	Asia	1962	44.50136	665770000.0	487.6740183
China	Asia	1967	58.38112	754550000.0	612.7056934
China	Asia	1972	63.11888	862030000.0	676.9000921
China	Asia	1977	63.96736	943455000.0	741.2374699
China	Asia	1982	65.525	1000281000.0	962.4213805
China	Asia	1987	67.274	1084035000.0	1378.904018
China	Asia	1990	68.155	1135185000.0	1666.92774090575
China	Asia	1991	68.61	1150780000.0	1798.27610528653
China	Asia	1992	68.69	1164970000.0	1655.784158
China	Asia	1992	69.059	1164970000.0	2030.38636999332
China	Asia	1993	69.492	1178440000.0	2286.75974444182
China	Asia	1994	69.835	1191835000.0	2556.64057218097
China	Asia	1995	70.363	1204855000.0	2808.03403089611
China	Asia	1996	70.823	1217550000.0	3055.96977919745
China	Asia	1997	70.426	1230075000.0	2289.234136
China	Asia	1997	71.227	1230075000.0	3305.79061082131
China	Asia	1998	71.601	1241935000.0	3533.56587021506
China	Asia	1999	71.952	1252735000.0	3774.13766362641
China	Asia	2000	72.288	1262645000.0	4066.03627019859
China	Asia	2001	72.675	1271850000.0	4372.15705579934
China	Asia	2002	72.028	1280400000.0	3119.280896
China	Asia	2002	73.034	1280400000.0	4744.39855079794
China	Asia	2003	73.385	1288400000.0	5192.00604608587
China	Asia	2004	73.727	1296075000.0	5684.16873050981
China	Asia	2005	74.085	1303720000.0	6298.32318474516
China	Asia	2006	74.404	1311020000.0	7057.09993331646
China	Asia	2007	72.961	1318683096.0	4959.114854
China	Asia	2007	74.789	1317885000.0	8013.71568302247
China	Asia	2008	74.833	1324655000.0	8743.74491232188
China	Asia	2009	75.317	1331260000.0	9518.43214737204
China	Asia	2010	75.668	1337705000.0	10476.3123630451
China	Asia	2011	75.889	1345035000.0	11405.0172845617
China	Asia	2012	76.2	1354190000.0	12217.8543175465
China	Asia	2013	76.452	1363240000.0	13080.8288162668
China	Asia	2014	76.714	1371860000.0	13968.581485524
China	Asia	2015	76.975	1379860000.0	14856.7807604461
China	Asia	2016	77.214	1387790000.0	15772.7647598696
China	Asia	2017	77.235	1396215000.0	16757.9736318662
China	Asia	2018	77.709	1402760000.0	17806.7902349725
China	Asia	2019	77.94	1407745000.0	18820.5131033646
China	Asia	2020	78.019	1411100000.0	19215.1541703465
China	Asia	2021	78.117	1412360000.0	20843.2978347377
China	Asia	2022	78.202	1412175000.0	21499.3822834427
Colombia	Americas	1952	50.643	12350771.0	2144.115096
Colombia	Americas	1957	55.118	14485993.0	2323.805581
Colombia	Americas	1962	57.863	17009885.0	2492.351109
Colombia	Americas	1967	59.963	19764027.0	2678.729839
Colombia	Americas	1972	61.623	22542890.0	3264.660041
Colombia	Americas	1977	63.837	25094412.0	3815.80787
Colombia	Americas	1982	66.653	27764644.0	4397.575659
Colombia	Americas	1987	67.768	30964245.0	4903.2191
Colombia	Americas	1990	68.701	32440069.0	9998.81069684463
Colombia	Americas	1991	68.772	33098372.0	9996.0978604328
Colombia	Americas	1992	68.421	34202721.0	5444.648617
Colombia	Americas	1992	68.764	33760571.0	10196.4329707468
Colombia	Americas	1993	69.083	34441473.0	10533.1149561734
Colombia	Americas	1994	69.422	35127410.0	10927.9389491607
Colombia	Americas	1995	69.81	35804662.0	11279.0004579347
Colombia	Americas	1996	70.209	36462745.0	11303.1308859186
Colombia	Americas	1997	70.313	37657830.0	6117.361746
Colombia	Americas	1997	70.632	37121149.0	11483.5050125907
Colombia	Americas	1998	70.924	37792165.0	11343.8799115733
Colombia	Americas	1999	70.913	38454863.0	10679.7092686089
Colombia	Americas	2000	70.905	39089934.0	10813.4942250011
Colombia	Americas	2001	71.185	39709262.0	10823.4504878807
Colombia	Americas	2002	71.682	41008227.0	5755.259962
Colombia	Americas	2002	71.537	40324680.0	10925.1485602082
Colombia	Americas	2003	72.309	40937429.0	11183.2911819793
Colombia	Americas	2004	72.76	41543171.0	11607.9384935105
Colombia	Americas	2005	73.156	42128977.0	11999.2549591305
Colombia	Americas	2006	73.497	42691084.0	12636.6246577724
Colombia	Americas	2007	72.889	44227550.0	7006.580419
Colombia	Americas	2007	73.751	43235374.0	13318.3033138168
Colombia	Americas	2008	74.206	43758808.0	13591.0609028567
Colombia	Americas	2009	74.531	44271541.0	13586.7518430982
Colombia	Americas	2010	74.876	44777319.0	14037.0642668639
Colombia	Americas	2011	75.18	45259614.0	14852.3699513061
Colombia	Americas	2012	75.611	45715810.0	15279.4790008058
Colombia	Americas	2013	75.834	46151584.0	15912.2471293239
Colombia	Americas	2014	75.95	46565429.0	16480.3631474161
Colombia	Americas	2015	76.067	46969940.0	16821.3801400631
Colombia	Americas	2016	76.228	47437512.0	17003.244366485
Colombia	Americas	2017	76.418	48131078.0	16986.0334182842
Colombia	Americas	2018	76.579	49024465.0	17104.1313545678
Colombia	Americas	2019	76.793	49907985.0	17336.7716030551
Colombia	Americas	2020	74.757	50629997.0	15861.4999291295
Colombia	Americas	2021	72.698	51188173.0	17383.0901728295
Colombia	Americas	2022	76.508	51737944.0	18458.7209460704
Comoros	Africa	1952	40.715	153936.0	1102.990936
Comoros	Africa	1957	42.46	170928.0	1211.148548
Comoros	Africa	1962	44.467	191689.0	1406.648278
Comoros	Africa	1967	46.472	217378.0	1876.029643
Comoros	Africa	1972	48.944	250027.0	1937.577675
Comoros	Africa	1977	50.939	304739.0	1172.603047
Comoros	Africa	1982	52.933	348643.0	1267.100083
Comoros	Africa	1987	54.926	395114.0	1315.980812
Comoros	Africa	1990	55.62	444596.0	3114.56170355537
Comoros	Africa	1991	56.104	455556.0	2852.17677568215
Comoros	Africa	1992	57.939	454429.0	1246.90737
Comoros	Africa	1992	56.576	465113.0	2999.12250768543
Comoros	Africa	1993	57.026	473682.0	3019.88376220683
Comoros	Africa	1994	57.458	482142.0	2848.61899402647
Comoros	Africa	1995	57.83	490586.0	2957.40898299767
Comoros	Africa	1996	58.151	499107.0	2892.08263672469
Comoros	Africa	1997	60.66	527982.0	1173.618235
Comoros	Africa	1997	58.228	507777.0	2968.07724742894
Comoros	Africa	1998	58.301	516597.0	2918.13300445377
Comoros	Africa	1999	58.853	525886.0	2943.92006172568
Comoros	Africa	2000	58.941	536080.0	2858.85692121457
Comoros	Africa	2001	59.587	547220.0	2952.44235205824
Comoros	Africa	2002	62.974	614382.0	1075.811558
Comoros	Africa	2002	59.723	558923.0	3023.52434389434
Comoros	Africa	2003	60.24	569798.0	3023.18985379149
Comoros	Africa	2004	60.557	580704.0	3058.38338421434
Comoros	Africa	2005	60.883	592677.0	3166.36268239583
Comoros	Africa	2006	61.229	604753.0	3048.69236655028
Comoros	Africa	2007	65.152	710960.0	986.1478792
Comoros	Africa	2007	61.475	616927.0	3012.54746686894
Comoros	Africa	2008	61.955	629307.0	3070.36952892496
Comoros	Africa	2009	62.302	641947.0	3107.45297029798
Comoros	Africa	2010	62.747	654836.0	3161.37481152565
Comoros	Africa	2011	63.105	668056.0	3227.21653582919
Comoros	Africa	2012	63.463	681630.0	3263.16316392712
Comoros	Africa	2013	63.839	696192.0	3337.59859719238
Comoros	Africa	2014	64.143	711503.0	3334.57512780965
Comoros	Africa	2015	64.473	726682.0	3302.38635129322
Comoros	Africa	2016	64.792	741741.0	3342.76677092883
Comoros	Africa	2017	65.127	756669.0	3401.85239322573
Comoros	Africa	2018	65.401	771590.0	3457.58685798732
Comoros	Africa	2019	65.662	786578.0	3451.42139338772
Comoros	Africa	2020	65.756	802163.0	3377.74564051638
Comoros	Africa	2021	65.201	818174.0	3377.88518482587
Comoros	Africa	2022	66.481	834188.0	3399.27830776976
Congo, Dem. Rep.	Africa	1952	39.143	14100005.0	780.5423257
Congo, Dem. Rep.	Africa	1957	40.652	15577932.0	905.8602303
Congo, Dem. Rep.	Africa	1962	42.122	17486434.0	896.3146335
Congo, Dem. Rep.	Africa	1967	44.056	19941073.0	861.5932424
Congo, Dem. Rep.	Africa	1972	45.989	23007669.0	904.8960685
Congo, Dem. Rep.	Africa	1977	47.804	26480870.0	795.757282
Congo, Dem. Rep.	Africa	1982	47.784	30646495.0	673.7478181
Congo, Dem. Rep.	Africa	1987	47.412	35481645.0	672.774812
Congo, Dem. Rep.	Africa	1990	48.538	36684063.0	2403.9702501624
Congo, Dem. Rep.	Africa	1991	48.944	37925817.0	2129.44892037951
Congo, Dem. Rep.	Africa	1992	45.548	41672143.0	457.7191807
Congo, Dem. Rep.	Africa	1992	49.323	39228910.0	1842.5484850692
Congo, Dem. Rep.	Africa	1993	49.621	40656336.0	1538.39690696229
Congo, Dem. Rep.	Africa	1994	49.88	42626876.0	1410.05655375361
Congo, Dem. Rep.	Africa	1995	50.381	44433704.0	1362.1877957229
Congo, Dem. Rep.	Africa	1996	49.376	45296124.0	1322.58011961553
Congo, Dem. Rep.	Africa	1997	42.587	47798986.0	312.188423
Congo, Dem. Rep.	Africa	1997	50.461	46029902.0	1228.39076846803
Congo, Dem. Rep.	Africa	1998	49.664	47297600.0	1176.05049796489
Congo, Dem. Rep.	Africa	1999	50.089	48912971.0	1088.65043725373
Congo, Dem. Rep.	Africa	2000	51.887	50507442.0	981.422080026496
Congo, Dem. Rep.	Africa	2001	52.205	52132646.0	930.8578260745
Congo, Dem. Rep.	Africa	2002	44.966	55379852.0	241.1658765
Congo, Dem. Rep.	Africa	2002	52.371	53750524.0	929.452807092197
Congo, Dem. Rep.	Africa	2003	52.952	55343867.0	953.044643237975
Congo, Dem. Rep.	Africa	2004	53.534	56997741.0	987.746920877671
Congo, Dem. Rep.	Africa	2005	54.001	58775724.0	1016.6338907666
Congo, Dem. Rep.	Africa	2006	54.498	60615908.0	1036.13329616563
Congo, Dem. Rep.	Africa	2007	46.462	64606759.0	277.5518587
Congo, Dem. Rep.	Africa	2007	54.954	62477752.0	1091.0040733455
Congo, Dem. Rep.	Africa	2008	55.388	64390664.0	1136.9467210438
Congo, Dem. Rep.	Africa	2009	55.798	66412044.0	1108.57506967795
Congo, Dem. Rep.	Africa	2010	56.411	68563038.0	1158.01422439658
Congo, Dem. Rep.	Africa	2011	56.911	70849311.0	1205.73984565432
Congo, Dem. Rep.	Africa	2012	57.35	73254618.0	1267.23827814087
Congo, Dem. Rep.	Africa	2013	57.795	75789395.0	1342.74156112016
Congo, Dem. Rep.	Africa	2014	58.236	78403242.0	1392.75841334673
Congo, Dem. Rep.	Africa	2015	58.658	81035531.0	1433.21579814709
Congo, Dem. Rep.	Africa	2016	59.081	83956415.0	1388.80163211633
Congo, Dem. Rep.	Africa	2017	59.495	87083398.0	1395.71961761712
Congo, Dem. Rep.	Africa	2018	59.926	90047644.0	1431.7285269693
Congo, Dem. Rep.	Africa	2019	60.242	92947442.0	1394.76461472893
Congo, Dem. Rep.	Africa	2020	60.428	95989998.0	1361.02791099008
Congo, Dem. Rep.	Africa	2021	60.044	99148932.0	1402.38560295221
Congo, Dem. Rep.	Africa	2022	60.979	102396968.0	1484.33841881449
Congo, Rep.	Africa	1952	42.111	854885.0	2125.621418
Congo, Rep.	Africa	1957	45.053	940458.0	2315.056572
Congo, Rep.	Africa	1962	48.435	1047924.0	2464.783157
Congo, Rep.	Africa	1967	52.04	1179760.0	2677.939642
Congo, Rep.	Africa	1972	54.907	1340458.0	3213.152683
Congo, Rep.	Africa	1977	55.625	1536769.0	3259.178978
Congo, Rep.	Africa	1982	56.695	1774735.0	4879.507522
Congo, Rep.	Africa	1987	57.47	2064095.0	4201.194937
Congo, Rep.	Africa	1990	57.07	2380560.0	8699.52683870615
Congo, Rep.	Africa	1991	56.764	2449229.0	8658.16145286005
Congo, Rep.	Africa	1992	56.433	2409073.0	4016.239529
Congo, Rep.	Africa	1992	56.483	2519465.0	8636.63719209923
Congo, Rep.	Africa	1993	56.041	2595124.0	8302.69726834941
Congo, Rep.	Africa	1994	55.641	2673144.0	7617.60750274811
Congo, Rep.	Africa	1995	55.474	2749461.0	7701.32468533336
Congo, Rep.	Africa	1996	55.24	2826785.0	7812.04779971641
Congo, Rep.	Africa	1997	52.962	2800947.0	3484.164376
Congo, Rep.	Africa	1997	48.575	2887862.0	7599.04815388587
Congo, Rep.	Africa	1998	52.551	2952061.0	7711.6321257605
Congo, Rep.	Africa	1999	54.427	3032874.0	7312.32665071621
Congo, Rep.	Africa	2000	55.371	3151345.0	7570.58279297342
Congo, Rep.	Africa	2001	55.885	3272537.0	7567.43916817104
Congo, Rep.	Africa	2002	52.97	3328795.0	3484.06197
Congo, Rep.	Africa	2002	56.414	3350771.0	7729.3889014189
Congo, Rep.	Africa	2003	57.131	3445753.0	7577.45630456352
Congo, Rep.	Africa	2004	57.957	3565554.0	7577.44597274153
Congo, Rep.	Africa	2005	58.73	3696393.0	7876.11806658285
Congo, Rep.	Africa	2006	59.474	3837409.0	8192.57979719023
Congo, Rep.	Africa	2007	55.322	3800610.0	3632.557798
Congo, Rep.	Africa	2007	60.05	3980430.0	7375.82454100145
Congo, Rep.	Africa	2008	60.79	4113517.0	7587.28826163492
Congo, Rep.	Africa	2009	61.215	4281219.0	8138.45033818822
Congo, Rep.	Africa	2010	61.731	4462290.0	8583.66179834288
Congo, Rep.	Africa	2011	62.286	4609724.0	8492.42098392103
Congo, Rep.	Africa	2012	62.662	4740450.0	9079.68656400891
Congo, Rep.	Africa	2013	62.969	4857099.0	8798.49382506314
Congo, Rep.	Africa	2014	63.349	4975880.0	9159.25664414045
Congo, Rep.	Africa	2015	63.662	5097581.0	8977.70681641417
Congo, Rep.	Africa	2016	63.911	5222536.0	8001.8255194505
Congo, Rep.	Africa	2017	64.203	5351011.0	7372.77046737599
Congo, Rep.	Africa	2018	64.472	5483118.0	7029.33651566257
Congo, Rep.	Africa	2019	63.152	5616661.0	6939.36913397466
Congo, Rep.	Africa	2020	64.391	5752791.0	6350.50913409722
Congo, Rep.	Africa	2021	64.192	5892183.0	6263.21161292636
Congo, Rep.	Africa	2022	65.0	6035104.0	6205.1050414034
Costa Rica	Americas	1952	57.206	926317.0	2627.009471
Costa Rica	Americas	1957	60.026	1112300.0	2990.010802
Costa Rica	Americas	1962	62.842	1345187.0	3460.937025
Costa Rica	Americas	1967	65.424	1588717.0	4161.727834
Costa Rica	Americas	1972	67.849	1834796.0	5118.146939
Costa Rica	Americas	1977	70.75	2108457.0	5926.876967
Costa Rica	Americas	1982	73.45	2424367.0	5262.734751
Costa Rica	Americas	1987	74.752	2799811.0	5629.915318
Costa Rica	Americas	1990	76.094	3121706.0	10953.4262046389
Costa Rica	Americas	1991	76.237	3202176.0	10920.0994045314
Costa Rica	Americas	1992	75.713	3173216.0	6160.416317
Costa Rica	Americas	1992	76.385	3284258.0	11626.8361274299
Costa Rica	Americas	1993	76.315	3367434.0	12144.4487480733
Costa Rica	Americas	1994	76.329	3451122.0	12385.4545660782
Costa Rica	Americas	1995	76.44	3535176.0	12593.2255061637
Costa Rica	Americas	1996	76.428	3619013.0	12467.6212160351
Costa Rica	Americas	1997	77.26	3518107.0	6677.045314
Costa Rica	Americas	1997	76.603	3701711.0	12856.5832725459
Costa Rica	Americas	1998	76.869	3782838.0	13481.0594799651
Costa Rica	Americas	1999	77.058	3862101.0	13760.9236981946
Costa Rica	Americas	2000	77.317	3937739.0	14018.7425010386
Costa Rica	Americas	2001	77.609	4008947.0	14250.4627491739
Costa Rica	Americas	2002	78.123	3834934.0	7723.447195
Costa Rica	Americas	2002	77.939	4075705.0	14495.9925105457
Costa Rica	Americas	2003	78.214	4138784.0	14891.3398216888
Costa Rica	Americas	2004	78.512	4200078.0	15323.2892201469
Costa Rica	Americas	2005	78.877	4261240.0	15703.9624720506
Costa Rica	Americas	2006	79.049	4321340.0	16620.1356432064
Costa Rica	Americas	2007	78.782	4133884.0	9645.06142
Costa Rica	Americas	2007	79.098	4380248.0	17743.6227382356
Costa Rica	Americas	2008	79.18	4440056.0	18334.0135988616
Costa Rica	Americas	2009	79.372	4499791.0	17932.6147807275
Costa Rica	Americas	2010	79.354	4555962.0	18660.9198222783
Costa Rica	Americas	2011	79.624	4609833.0	19254.9142153099
Costa Rica	Americas	2012	79.925	4663934.0	19960.7933253035
Costa Rica	Americas	2013	80.189	4716147.0	20232.2670799446
Costa Rica	Americas	2014	80.231	4767119.0	20724.9217693423
Costa Rica	Americas	2015	80.407	4818038.0	21254.7840932049
Costa Rica	Americas	2016	79.988	4866998.0	21925.6000803999
Costa Rica	Americas	2017	79.994	4913177.0	22622.5534502517
Costa Rica	Americas	2018	80.09	4957818.0	23005.3121471794
Costa Rica	Americas	2019	80.296	4999553.0	23364.783127574
Costa Rica	Americas	2020	79.725	5034320.0	22211.8613921698
Costa Rica	Americas	2021	78.05	5059988.0	23852.9253020002
Costa Rica	Americas	2022	79.316	5081765.0	24831.7193480342
Cote d'Ivoire	Africa	1952	40.477	2977019.0	1388.594732
Cote d'Ivoire	Africa	1957	42.469	3300000.0	1500.895925
Cote d'Ivoire	Africa	1962	44.93	3832408.0	1728.869428
Cote d'Ivoire	Africa	1967	47.35	4744870.0	2052.050473
Cote d'Ivoire	Africa	1972	49.801	6071696.0	2378.201111
Cote d'Ivoire	Africa	1977	52.374	7459574.0	2517.736547
Cote d'Ivoire	Africa	1982	53.983	9025951.0	2602.710169
Cote d'Ivoire	Africa	1987	54.655	10761098.0	2156.956069
Cote d'Ivoire	Africa	1990	52.796	12189778.0	5255.50962638401
Cote d'Ivoire	Africa	1991	52.621	12683870.0	5052.85167051386
Cote d'Ivoire	Africa	1992	52.044	12772596.0	1648.073791
Cote d'Ivoire	Africa	1992	52.429	13200310.0	4843.29349256353
Cote d'Ivoire	Africa	1993	52.247	13735951.0	4645.46750871805
Cote d'Ivoire	Africa	1994	52.005	14287201.0	4502.45953404415
Cote d'Ivoire	Africa	1995	51.713	14855565.0	4638.75732482502
Cote d'Ivoire	Africa	1996	51.596	15442312.0	4807.42428178026
Cote d'Ivoire	Africa	1997	47.991	14625967.0	1786.265407
Cote d'Ivoire	Africa	1997	51.498	16047170.0	5072.59703802667
Cote d'Ivoire	Africa	1998	51.22	16663948.0	5093.13169438529
Cote d'Ivoire	Africa	1999	51.273	17215935.0	4987.35708530265
Cote d'Ivoire	Africa	2000	51.393	17699004.0	4838.34023729938
Cote d'Ivoire	Africa	2001	51.428	18178913.0	4609.14469395303
Cote d'Ivoire	Africa	2002	46.832	16252726.0	1648.800823
Cote d'Ivoire	Africa	2002	51.544	18654771.0	4368.92808837279
Cote d'Ivoire	Africa	2003	51.443	19125542.0	4060.00038038427
Cote d'Ivoire	Africa	2004	51.939	19595000.0	4088.94517328472
Cote d'Ivoire	Africa	2005	52.432	20068458.0	4032.24588029846
Cote d'Ivoire	Africa	2006	52.885	20546802.0	4049.26032962496
Cote d'Ivoire	Africa	2007	48.328	18013409.0	1544.750112
Cote d'Ivoire	Africa	2007	53.452	21030558.0	3999.69095682208
Cote d'Ivoire	Africa	2008	54.179	21514439.0	4096.72346918931
Cote d'Ivoire	Africa	2009	54.744	21997940.0	4151.05360874982
Cote d'Ivoire	Africa	2010	55.282	22488065.0	4338.65248394142
Cote d'Ivoire	Africa	2011	55.972	22982000.0	4017.40782040208
Cote d'Ivoire	Africa	2012	56.57	23467078.0	4234.18055593319
Cote d'Ivoire	Africa	2013	57.057	23939775.0	4597.18635239866
Cote d'Ivoire	Africa	2014	57.772	24527395.0	4907.57450294516
Cote d'Ivoire	Africa	2015	58.281	25246342.0	5110.86240809881
Cote d'Ivoire	Africa	2016	58.814	25989405.0	5320.84646239855
Cote d'Ivoire	Africa	2017	59.315	26733372.0	5556.11366322898
Cote d'Ivoire	Africa	2018	59.795	27464173.0	5670.20005356688
Cote d'Ivoire	Africa	2019	60.274	28193009.0	5894.87874674153
Cote d'Ivoire	Africa	2020	60.14	28915449.0	5787.81533309018
Cote d'Ivoire	Africa	2021	60.29	29639736.0	6045.20480490879
Cote d'Ivoire	Africa	2022	61.562	30395002.0	6272.26395759415
Croatia	Europe	1952	61.21	3882229.0	3119.23652
Croatia	Europe	1957	64.77	3991242.0	4338.231617
Croatia	Europe	1962	67.13	4076557.0	5477.890018
Croatia	Europe	1967	68.5	4174366.0	6960.297861
Croatia	Europe	1972	69.61	4225310.0	9164.090127
Croatia	Europe	1977	70.64	4318673.0	11305.38517
Croatia	Europe	1982	70.46	4413368.0	13221.82184
Croatia	Europe	1987	71.52	4484310.0	13822.58394
Croatia	Europe	1990	72.1704878048781	4777368.0	23399.6954608454
Croatia	Europe	1991	72.1853658536586	4689022.0	18812.9105549554
Croatia	Europe	1992	72.527	4494013.0	8447.794873
Croatia	Europe	1992	71.2414634146342	4575818.0	17020.2074563824
Croatia	Europe	1993	71.5224390243903	4600463.0	15570.375935875
Croatia	Europe	1994	71.8034146341463	4652024.0	16301.7246832341
Croatia	Europe	1995	72.0843902439024	4620030.0	17522.7188846062
Croatia	Europe	1996	72.3653658536585	4557097.0	18849.9481406111
Croatia	Europe	1997	73.68	4444595.0	9875.604515
Croatia	Europe	1997	72.4951219512195	4534920.0	20110.4783060924
Croatia	Europe	1998	72.3170731707317	4532135.0	20575.9376668695
Croatia	Europe	1999	72.6419512195122	4512597.0	20489.6415210065
Croatia	Europe	2000	72.8078048780488	4468302.0	21302.2127756383
Croatia	Europe	2001	74.5129268292683	4299642.0	22826.5842099432
Croatia	Europe	2002	74.876	4481020.0	11628.38895
Croatia	Europe	2002	74.7173170731707	4302174.0	24137.0718325566
Croatia	Europe	2003	74.6139024390244	4303399.0	25473.8605610095
Croatia	Europe	2004	75.520243902439	4304600.0	26528.8403544171
Croatia	Europe	2005	75.2446341463415	4310145.0	27641.1574047303
Croatia	Europe	2006	75.8368292682927	4311159.0	29035.4782982039
Croatia	Europe	2007	75.748	4493312.0	14619.22272
Croatia	Europe	2007	75.7056097560976	4310217.0	30508.2259683289
Croatia	Europe	2008	75.9121951219512	4309705.0	31113.8095588649
Croatia	Europe	2009	76.1682926829268	4305181.0	29024.707648971
Croatia	Europe	2010	76.4756097560976	4295427.0	28701.9523495243
Croatia	Europe	2011	76.7756097560976	4280622.0	28769.278704706
Croatia	Europe	2012	77.1682926829268	4260368.0	28259.2956180056
Croatia	Europe	2013	77.5707317073171	4233922.0	28397.806093419
Croatia	Europe	2014	77.7243902439024	4201598.0	28456.686940941
Croatia	Europe	2015	77.2756097560976	4151725.0	29466.6476885137
Croatia	Europe	2016	77.9219512195122	4106867.0	30821.1093586479
Croatia	Europe	2017	77.7268292682927	4041407.0	32348.8771003693
Croatia	Europe	2018	77.919512195122	3988775.0	33729.8475967944
Croatia	Europe	2019	78.2243902439024	3949390.0	35122.7888426087
Croatia	Europe	2020	77.5243902439024	3914206.0	32493.2548533489
Croatia	Europe	2021	76.4243902439025	3878981.0	36930.2190219953
Croatia	Europe	2022	77.5756097560976	3855641.0	39863.9397386034
Cuba	Americas	1952	59.421	6007797.0	5586.53878
Cuba	Americas	1957	62.325	6640752.0	6092.174359
Cuba	Americas	1962	65.246	7254373.0	5180.75591
Cuba	Americas	1967	68.29	8139332.0	5690.268015
Cuba	Americas	1972	70.723	8831348.0	5305.445256
Cuba	Americas	1977	72.649	9537988.0	6380.494966
Cuba	Americas	1982	73.717	9789224.0	7316.918107
Cuba	Americas	1987	74.174	10239839.0	7532.924763
Cuba	Americas	1992	74.414	10723260.0	5592.843963
Cuba	Americas	1997	76.151	10983007.0	5431.990415
Cuba	Americas	2002	77.158	11226999.0	6340.646683
Cuba	Americas	2007	78.273	11416987.0	8948.102923
Czech Republic	Europe	1952	66.87	9125183.0	6876.14025
Czech Republic	Europe	1957	69.03	9513758.0	8256.343918
Czech Republic	Europe	1962	69.9	9620282.0	10136.86713
Czech Republic	Europe	1967	70.38	9835109.0	11399.44489
Czech Republic	Europe	1972	70.29	9862158.0	13108.4536
Czech Republic	Europe	1977	70.71	10161915.0	14800.16062
Czech Republic	Europe	1982	70.96	10303704.0	15377.22855
Czech Republic	Europe	1987	71.58	10311597.0	16310.4434
Czech Republic	Europe	1992	72.4	10315702.0	14297.02122
Czech Republic	Europe	1997	74.01	10300707.0	16048.51424
Czech Republic	Europe	2002	75.51	10256295.0	17596.21022
Czech Republic	Europe	2007	76.486	10228744.0	22833.30851
Denmark	Europe	1952	70.78	4334000.0	9692.385245
Denmark	Europe	1957	71.81	4487831.0	11099.65935
Denmark	Europe	1962	72.35	4646899.0	13583.31351
Denmark	Europe	1967	72.96	4838800.0	15937.21123
Denmark	Europe	1972	73.47	4991596.0	18866.20721
Denmark	Europe	1977	74.69	5088419.0	20422.9015
Denmark	Europe	1982	74.63	5117810.0	21688.04048
Denmark	Europe	1987	74.8	5127024.0	25116.17581
Denmark	Europe	1990	74.8053658536585	5140939.0	46200.4747957389
Denmark	Europe	1991	75.1578048780488	5154298.0	46752.671630889
Denmark	Europe	1992	75.33	5171393.0	26406.73985
Denmark	Europe	1992	75.1941463414634	5171370.0	47540.9254822308
Denmark	Europe	1993	75.1168292682927	5188628.0	47345.4134295964
Denmark	Europe	1994	75.3751219512195	5206180.0	49684.138577862
Denmark	Europe	1995	75.2126829268293	5233373.0	50927.5478357083
Denmark	Europe	1996	75.5914634146342	5263074.0	52106.5619034914
Denmark	Europe	1997	76.11	5283663.0	29804.34567
Denmark	Europe	1997	75.9451219512195	5284991.0	53534.6146433982
Denmark	Europe	1998	76.1390243902439	5304219.0	54581.4122543301
Denmark	Europe	1999	76.3414634146341	5321799.0	56015.3553380174
Denmark	Europe	2000	76.5926829268293	5339616.0	57907.5020603903
Denmark	Europe	2001	76.7926829268293	5358783.0	58248.553927359
Denmark	Europe	2002	77.18	5374693.0	32166.50006
Denmark	Europe	2002	76.8951219512195	5375931.0	58327.8281608342
Denmark	Europe	2003	77.1439024390244	5390574.0	58425.9658939096
Denmark	Europe	2004	77.4926829268293	5404523.0	59893.0929898784
Denmark	Europe	2005	77.8439024390244	5419432.0	61137.6803582961
Denmark	Europe	2006	78.0951219512195	5437272.0	63262.7404572232
Denmark	Europe	2007	78.332	5468120.0	35278.41874
Denmark	Europe	2007	78.1951219512195	5461438.0	63604.5626658193
Denmark	Europe	2008	78.4463414634146	5493621.0	62968.1612290596
Denmark	Europe	2009	78.5975609756098	5523095.0	59516.5093273659
Denmark	Europe	2010	79.1	5547683.0	60190.6346060499
Denmark	Europe	2011	79.8	5570572.0	60729.0557255127
Denmark	Europe	2012	80.0512195121951	5591572.0	60497.6919146995
Denmark	Europe	2013	80.3	5614932.0	61085.0312821103
Denmark	Europe	2014	80.7	5643475.0	61552.7997775157
Denmark	Europe	2015	80.7024390243902	5683483.0	62405.7161942122
Denmark	Europe	2016	80.8536585365854	5728010.0	63823.4502019665
Denmark	Europe	2017	81.1024390243903	5764980.0	65352.3988081353
Denmark	Europe	2018	80.9536585365854	5793636.0	66238.705427981
Denmark	Europe	2019	81.4512195121951	5814422.0	67131.4657009734
Denmark	Europe	2020	81.6024390243903	5831404.0	65744.4367251959
Denmark	Europe	2021	81.4048780487805	5856733.0	69715.1809680929
Denmark	Europe	2022	81.3048780487805	5903037.0	69475.3198650883
Djibouti	Africa	1952	34.812	63149.0	2669.529475
Djibouti	Africa	1957	37.328	71851.0	2864.969076
Djibouti	Africa	1962	39.693	89898.0	3020.989263
Djibouti	Africa	1967	42.074	127617.0	3020.050513
Djibouti	Africa	1972	44.366	178848.0	3694.212352
Djibouti	Africa	1977	46.519	228694.0	3081.761022
Djibouti	Africa	1982	48.812	305991.0	2879.468067
Djibouti	Africa	1987	50.04	311025.0	2880.102568
Djibouti	Africa	1992	51.604	384156.0	2377.156192
Djibouti	Africa	1997	53.157	417908.0	1895.016984
Djibouti	Africa	2002	53.373	447416.0	1908.260867
Djibouti	Africa	2007	54.791	496374.0	2082.481567
Djibouti	Africa	2013	62.116	984824.0	4469.07409933135
Djibouti	Africa	2014	62.427	1002717.0	4705.04926772184
Djibouti	Africa	2015	62.833	1020313.0	4961.8681860592
Djibouti	Africa	2016	63.335	1037653.0	5226.50026106607
Djibouti	Africa	2017	63.71	1054841.0	5421.95649149613
Djibouti	Africa	2018	64.105	1071882.0	5590.50426604853
Djibouti	Africa	2019	64.381	1088709.0	5809.30455041341
Djibouti	Africa	2020	64.2	1105188.0	5791.47767679877
Djibouti	Africa	2021	63.83	1121248.0	5960.10807396825
Djibouti	Africa	2022	65.54	1137096.0	6180.67998594606
Dominican Republic	Americas	1952	45.928	2491346.0	1397.717137
Dominican Republic	Americas	1957	49.828	2923186.0	1544.402995
Dominican Republic	Americas	1962	53.459	3453434.0	1662.137359
Dominican Republic	Americas	1967	56.751	4049146.0	1653.723003
Dominican Republic	Americas	1972	59.631	4671329.0	2189.874499
Dominican Republic	Americas	1977	61.788	5302800.0	2681.9889
Dominican Republic	Americas	1982	63.727	5968349.0	2861.092386
Dominican Republic	Americas	1987	66.046	6655297.0	2899.842175
Dominican Republic	Americas	1990	67.746	7151166.0	7327.72670133751
Dominican Republic	Americas	1991	68.154	7299853.0	7246.24670144222
Dominican Republic	Americas	1992	68.457	7351181.0	3044.214214
Dominican Republic	Americas	1992	68.525	7447474.0	7900.76809265865
Dominican Republic	Americas	1993	68.86	7594572.0	8318.49178576126
Dominican Republic	Americas	1994	69.16	7741694.0	8372.07169739279
Dominican Republic	Americas	1995	69.394	7888115.0	8685.01648557062
Dominican Republic	Americas	1996	69.595	8032894.0	9036.88352149896
Dominican Republic	Americas	1997	69.957	7992357.0	3614.101285
Dominican Republic	Americas	1997	69.809	8174078.0	9671.14817881707
Dominican Republic	Americas	1998	69.875	8310362.0	10150.4460178993
Dominican Republic	Americas	1999	70.178	8446208.0	10582.0775939337
Dominican Republic	Americas	2000	70.365	8584190.0	10896.3184155964
Dominican Republic	Americas	2001	70.553	8720283.0	10991.1363420488
Dominican Republic	Americas	2002	70.847	8650322.0	4563.808154
Dominican Republic	Americas	2002	70.719	8852235.0	11313.0690271273
Dominican Republic	Americas	2003	70.856	8980620.0	11000.8684059352
Dominican Republic	Americas	2004	70.73	9104892.0	11131.2709216332
Dominican Republic	Americas	2005	71.043	9225034.0	12022.5080544053
Dominican Republic	Americas	2006	71.054	9341183.0	12961.9183632133
Dominican Republic	Americas	2007	72.235	9319622.0	6025.374752
Dominican Republic	Americas	2007	71.097	9455658.0	13754.9212674095
Dominican Republic	Americas	2008	71.331	9573130.0	14030.1411084465
Dominican Republic	Americas	2009	71.587	9695265.0	13992.4103270189
Dominican Republic	Americas	2010	72.039	9820175.0	14975.0010126958
Dominican Republic	Americas	2011	72.496	9945621.0	15258.0858148503
Dominican Republic	Americas	2012	72.817	10070411.0	15487.2776356321
Dominican Republic	Americas	2013	73.038	10193833.0	16054.7677297656
Dominican Republic	Americas	2014	73.145	10315528.0	16993.587444403
Dominican Republic	Americas	2015	72.982	10434829.0	17973.1870256815
Dominican Republic	Americas	2016	72.889	10551430.0	18968.9752386179
Dominican Republic	Americas	2017	73.37	10666843.0	19501.8743054078
Dominican Republic	Americas	2018	73.555	10782053.0	20662.848586153
Dominican Republic	Americas	2019	73.112	10894043.0	21451.286441995
Dominican Republic	Americas	2020	72.636	11008300.0	19545.4099552943
Dominican Republic	Americas	2021	71.757	11123476.0	22053.4589869955
Dominican Republic	Americas	2022	74.211	11230734.0	22986.95808105
Ecuador	Americas	1952	48.357	3548753.0	3522.110717
Ecuador	Americas	1957	51.356	4058385.0	3780.546651
Ecuador	Americas	1962	54.64	4681707.0	4086.114078
Ecuador	Americas	1967	56.678	5432424.0	4579.074215
Ecuador	Americas	1972	58.796	6298651.0	5280.99471
Ecuador	Americas	1977	61.31	7278866.0	6679.62326
Ecuador	Americas	1982	64.342	8365850.0	7213.791267
Ecuador	Americas	1987	67.231	9545158.0	6481.776993
Ecuador	Americas	1990	68.445	10473673.0	9104.81599790272
Ecuador	Americas	1991	69.04	10702380.0	9292.61779173762
Ecuador	Americas	1992	69.613	10748394.0	7103.702595
Ecuador	Americas	1992	69.468	10930128.0	9291.3710483042
Ecuador	Americas	1993	70.07	11154274.0	9284.31503431235
Ecuador	Americas	1994	70.876	11372197.0	9494.17506194696
Ecuador	Americas	1995	71.349	11590514.0	9525.17701832407
Ecuador	Americas	1996	71.82	11810950.0	9509.27540633173
Ecuador	Americas	1997	72.312	11911819.0	7429.455877
Ecuador	Americas	1997	72.007	12031127.0	9739.26682428016
Ecuador	Americas	1998	71.949	12251184.0	9876.7507512592
Ecuador	Americas	1999	71.92	12470795.0	9242.96681019585
Ecuador	Americas	2000	72.09	12689206.0	9183.05155276919
Ecuador	Americas	2001	72.571	12910740.0	9405.11680690106
Ecuador	Americas	2002	74.173	12921234.0	5773.044512
Ecuador	Americas	2002	73.164	13138472.0	9697.55517665978
Ecuador	Americas	2003	73.632	13372306.0	9802.81408202125
Ecuador	Americas	2004	73.868	13608701.0	10290.6634264766
Ecuador	Americas	2005	73.909	13846163.0	10660.2046228939
Ecuador	Americas	2006	74.01	14086131.0	10933.4897470283
Ecuador	Americas	2007	74.994	13755680.0	6873.262326
Ecuador	Americas	2007	74.226	14328773.0	10952.8226853948
Ecuador	Americas	2008	74.709	14575202.0	11474.5257023541
Ecuador	Americas	2009	74.901	14825954.0	11403.5277978831
Ecuador	Americas	2010	75.188	15076695.0	11665.6978598204
Ecuador	Americas	2011	75.179	15326227.0	12449.0785549218
Ecuador	Americas	2012	75.486	15572194.0	12961.0267423765
Ecuador	Americas	2013	75.832	15807128.0	13689.1520460125
Ecuador	Americas	2014	76.141	16035124.0	14064.7992246727
Ecuador	Americas	2015	76.222	16266225.0	13881.5700738105
Ecuador	Americas	2016	76.094	16505139.0	13586.5160772568
Ecuador	Americas	2017	76.22	16759519.0	14179.1537503305
Ecuador	Americas	2018	77.248	17049547.0	14083.5069982304
Ecuador	Americas	2019	77.286	17340021.0	13870.4895118068
Ecuador	Americas	2020	72.004	17546065.0	12440.3263747814
Ecuador	Americas	2021	72.746	17682454.0	13507.4445638375
Ecuador	Americas	2022	76.577	17823897.0	14186.6388544625
Egypt	Africa	1952	41.893	22223309.0	1418.822445
Egypt	Africa	1957	44.444	25009741.0	1458.915272
Egypt	Africa	1962	46.992	28173309.0	1693.335853
Egypt	Africa	1967	49.293	31681188.0	1814.880728
Egypt	Africa	1972	51.137	34807417.0	2024.008147
Egypt	Africa	1977	53.319	38783863.0	2785.493582
Egypt	Africa	1982	56.006	45681811.0	3503.729636
Egypt	Africa	1987	59.797	52799062.0	3885.46071
Egypt	Africa	1990	62.513	58396618.0	8006.62143741369
Egypt	Africa	1991	63.059	60028997.0	7876.55257554109
Egypt	Africa	1992	63.674	59402198.0	3794.755195
Egypt	Africa	1992	63.585	61480660.0	8034.56230125827
Egypt	Africa	1993	64.147	62915681.0	8079.05480680472
Egypt	Africa	1994	64.663	64285589.0	8221.04684775661
Egypt	Africa	1995	65.214	65652622.0	8423.57817499547
Egypt	Africa	1996	65.733	67028048.0	8662.33147869592
Egypt	Africa	1997	67.217	66134291.0	4173.181797
Egypt	Africa	1997	66.207	68431740.0	8950.65410694496
Egypt	Africa	1998	66.635	69943294.0	9245.47890469795
Egypt	Africa	1999	67.01	71520954.0	9588.85938515274
Egypt	Africa	2000	67.332	73083284.0	9981.62775083138
Egypt	Africa	2001	67.612	74652029.0	10117.3331821699
Egypt	Africa	2002	69.806	73312559.0	4754.604414
Egypt	Africa	2002	67.846	76239137.0	10143.5063455702
Egypt	Africa	2003	68.045	77853548.0	10250.3765500459
Egypt	Africa	2004	68.211	79477443.0	10451.8217511537
Egypt	Africa	2005	68.355	81101004.0	10700.6090373232
Egypt	Africa	2006	68.493	82700403.0	11211.8320229508
Egypt	Africa	2007	71.338	80264543.0	5581.180998
Egypt	Africa	2007	68.627	84276225.0	11782.0060717966
Egypt	Africa	2008	68.761	85864789.0	12391.5847624705
Egypt	Africa	2009	68.915	87501636.0	12728.0814586737
Egypt	Africa	2010	69.078	89196072.0	13128.9878334085
Egypt	Africa	2011	69.232	91093059.0	13082.4263680701
Egypt	Africa	2012	69.464	93161001.0	13076.8052395914
Egypt	Africa	2013	69.632	95333553.0	13058.0748239258
Egypt	Africa	2014	69.911	97528654.0	13136.365629827
Egypt	Africa	2015	70.135	99597342.0	13425.9119599775
Egypt	Africa	2016	70.437	101644589.0	13727.3201600494
Egypt	Africa	2017	70.709	103696057.0	14018.360593453
Egypt	Africa	2018	70.974	105682094.0	14488.2094340483
Egypt	Africa	2019	71.213	107553158.0	15026.5682438097
Egypt	Africa	2020	69.79	109315124.0	15309.2359881702
Egypt	Africa	2021	68.976	110957008.0	15579.0160861551
Egypt	Africa	2022	71.01	112618250.0	16360.3907750364
El Salvador	Americas	1952	45.262	2042865.0	3048.3029
El Salvador	Americas	1957	48.57	2355805.0	3421.523218
El Salvador	Americas	1962	52.307	2747687.0	3776.803627
El Salvador	Americas	1967	55.855	3232927.0	4358.595393
El Salvador	Americas	1972	58.207	3790903.0	4520.246008
El Salvador	Americas	1977	56.696	4282586.0	5138.922374
El Salvador	Americas	1982	56.604	4474873.0	4098.344175
El Salvador	Americas	1987	63.154	4842194.0	4140.442097
El Salvador	Americas	1990	61.981	5399726.0	5976.01762522026
El Salvador	Americas	1991	62.542	5495077.0	5960.05892897788
El Salvador	Americas	1992	66.798	5274649.0	4444.2317
El Salvador	Americas	1992	62.944	5585609.0	6275.18767116905
El Salvador	Americas	1993	63.998	5659957.0	6553.07234073841
El Salvador	Americas	1994	64.47	5714129.0	6795.50608897192
El Salvador	Americas	1995	64.903	5762131.0	7057.92025248354
El Salvador	Americas	1996	65.48	5805286.0	7062.30007824136
El Salvador	Americas	1997	69.535	5783439.0	5154.825496
El Salvador	Americas	1997	66.248	5844578.0	7234.94456228435
El Salvador	Americas	1998	66.655	5880781.0	7381.114604175
El Salvador	Americas	1999	67.285	5913900.0	7498.46741097206
El Salvador	Americas	2000	67.711	5943366.0	7545.44796218991
El Salvador	Americas	2001	67.965	5968060.0	7580.32338410159
El Salvador	Americas	2002	70.734	6353681.0	5351.568666
El Salvador	Americas	2002	68.526	5986631.0	7675.67106195114
El Salvador	Americas	2003	68.792	5998599.0	7780.27177685599
El Salvador	Americas	2004	69.295	6004671.0	7841.53237886842
El Salvador	Americas	2005	69.336	6005578.0	8050.5345128919
El Salvador	Americas	2006	69.612	6002319.0	8404.24674903143
El Salvador	Americas	2007	71.878	6939688.0	5728.353514
El Salvador	Americas	2007	69.82	6009824.0	8548.83476118605
El Salvador	Americas	2008	70.138	6029297.0	8704.80584632591
El Salvador	Americas	2009	70.359	6048279.0	8494.49847423621
El Salvador	Americas	2010	70.909	6068249.0	8648.92982717672
El Salvador	Americas	2011	71.192	6090127.0	8943.06191543327
El Salvador	Americas	2012	71.42	6113975.0	9165.42034804478
El Salvador	Americas	2013	71.225	6138839.0	9327.56424468351
El Salvador	Americas	2014	71.144	6162955.0	9451.744607867
El Salvador	Americas	2015	70.952	6183676.0	9646.15432339854
El Salvador	Americas	2016	70.908	6200800.0	9863.76121214453
El Salvador	Americas	2017	71.007	6213533.0	10064.7934942601
El Salvador	Americas	2018	71.384	6219807.0	10297.203612692
El Salvador	Americas	2019	71.725	6222318.0	10543.9383291317
El Salvador	Americas	2020	70.244	6234673.0	9692.44931605799
El Salvador	Americas	2021	69.941	6255782.0	10809.713399518
El Salvador	Americas	2022	71.969	6280319.0	11085.6178074688
Equatorial Guinea	Africa	1952	34.482	216964.0	375.6431231
Equatorial Guinea	Africa	1957	35.983	232922.0	426.0964081
Equatorial Guinea	Africa	1962	37.485	249220.0	582.8419714
Equatorial Guinea	Africa	1967	38.987	259864.0	915.5960025
Equatorial Guinea	Africa	1972	40.516	277603.0	672.4122571
Equatorial Guinea	Africa	1977	42.024	192675.0	958.5668124
Equatorial Guinea	Africa	1982	43.662	285483.0	927.8253427
Equatorial Guinea	Africa	1987	45.664	341244.0	966.8968149
Equatorial Guinea	Africa	1990	51.397	474274.0	1122.81767364664
Equatorial Guinea	Africa	1991	51.497	492217.0	1070.82764283041
Equatorial Guinea	Africa	1992	47.545	387838.0	1132.055034
Equatorial Guinea	Africa	1992	51.579	510770.0	1390.47918482013
Equatorial Guinea	Africa	1993	51.671	530023.0	1487.81202528588
Equatorial Guinea	Africa	1994	51.785	550138.0	1672.34547535897
Equatorial Guinea	Africa	1995	51.926	571264.0	1892.11653062527
Equatorial Guinea	Africa	1996	52.123	593492.0	3033.84031220306
Equatorial Guinea	Africa	1997	48.245	439971.0	2814.480755
Equatorial Guinea	Africa	1997	52.365	616893.0	7296.10009809843
Equatorial Guinea	Africa	1998	52.646	641474.0	8684.6573083064
Equatorial Guinea	Africa	1999	53.001	667214.0	10492.4649475554
Equatorial Guinea	Africa	2000	53.395	703279.0	11767.4708814313
Equatorial Guinea	Africa	2001	53.827	749836.0	18031.964975074
Equatorial Guinea	Africa	2002	49.348	495627.0	7703.4959
Equatorial Guinea	Africa	2002	54.324	797957.0	20242.4309684399
Equatorial Guinea	Africa	2003	54.791	847862.0	21709.5751241959
Equatorial Guinea	Africa	2004	55.307	899917.0	28225.985816122
Equatorial Guinea	Africa	2005	55.766	947367.0	31302.957953874
Equatorial Guinea	Africa	2006	56.354	990343.0	32251.7680082519
Equatorial Guinea	Africa	2007	51.579	551201.0	12154.08975
Equatorial Guinea	Africa	2007	56.857	1036044.0	35540.4477563657
Equatorial Guinea	Africa	2008	57.384	1084530.0	39994.6159790647
Equatorial Guinea	Africa	2009	57.881	1135673.0	38706.6052512135
Equatorial Guinea	Africa	2010	58.344	1189085.0	33668.8740654852
Equatorial Guinea	Africa	2011	58.827	1241835.0	34341.9342607505
Equatorial Guinea	Africa	2012	59.301	1293483.0	35711.4919273537
Equatorial Guinea	Africa	2013	59.784	1346218.0	32894.3693189101
Equatorial Guinea	Africa	2014	60.228	1399828.0	31765.8997056851
Equatorial Guinea	Africa	2015	60.635	1453923.0	27797.7942803179
Equatorial Guinea	Africa	2016	61.081	1508186.0	24435.0645564801
Equatorial Guinea	Africa	2017	61.481	1562396.0	22250.4389230263
Equatorial Guinea	Africa	2018	61.915	1616422.0	20165.4795550607
Equatorial Guinea	Africa	2019	62.297	1670177.0	18446.5916579681
Equatorial Guinea	Africa	2020	62.141	1716468.0	17089.153726379
Equatorial Guinea	Africa	2021	62.447	1758786.0	16821.4486470413
Equatorial Guinea	Africa	2022	63.355	1803545.0	16932.7706827155
Eritrea	Africa	1952	35.928	1438760.0	328.9405571
Eritrea	Africa	1957	38.047	1542611.0	344.1618859
Eritrea	Africa	1962	40.158	1666618.0	380.9958433
Eritrea	Africa	1967	42.189	1820319.0	468.7949699
Eritrea	Africa	1972	44.142	2260187.0	514.3242082
Eritrea	Africa	1977	44.535	2512642.0	505.7538077
Eritrea	Africa	1982	43.89	2637297.0	524.8758493
Eritrea	Africa	1987	46.453	2915959.0	521.1341333
Eritrea	Africa	1992	49.991	3668440.0	582.8585102
Eritrea	Africa	1997	53.378	4058319.0	913.47079
Eritrea	Africa	2002	55.24	4414865.0	765.3500015
Eritrea	Africa	2007	58.04	4906585.0	641.3695236
Ethiopia	Africa	1952	34.078	20860941.0	362.1462796
Ethiopia	Africa	1957	36.667	22815614.0	378.9041632
Ethiopia	Africa	1962	40.059	25145372.0	419.4564161
Ethiopia	Africa	1967	42.115	27860297.0	516.1186438
Ethiopia	Africa	1972	43.515	30770372.0	566.2439442
Ethiopia	Africa	1977	44.51	34617799.0	556.8083834
Ethiopia	Africa	1982	44.916	38111756.0	577.8607471
Ethiopia	Africa	1987	46.684	42999530.0	573.7413142
Ethiopia	Africa	1990	45.117	47609755.0	874.346936189696
Ethiopia	Africa	1991	46.657	49717198.0	777.523566122291
Ethiopia	Africa	1992	48.091	52088559.0	421.3534653
Ethiopia	Africa	1992	47.279	51853747.0	680.834766978053
Ethiopia	Africa	1993	47.676	53708891.0	743.708485795208
Ethiopia	Africa	1994	47.926	55611508.0	741.17662360052
Ethiopia	Africa	1995	48.156	57537335.0	760.264345021167
Ethiopia	Africa	1996	48.697	59467635.0	826.991658780615
Ethiopia	Africa	1997	49.402	59861301.0	515.8894013
Ethiopia	Africa	1997	49.21	61404539.0	826.00521803882
Ethiopia	Africa	1998	49.785	63363524.0	772.78664639708
Ethiopia	Africa	1999	49.486	65374561.0	787.679577487053
Ethiopia	Africa	2000	50.88	67411494.0	810.270749126975
Ethiopia	Africa	2001	51.428	69487762.0	851.313428423251
Ethiopia	Africa	2002	50.725	67946797.0	530.0535319
Ethiopia	Africa	2002	52.085	71635517.0	838.298046963913
Ethiopia	Africa	2003	52.877	73832663.0	795.772138310178
Ethiopia	Africa	2004	53.735	76077206.0	877.114494970686
Ethiopia	Africa	2005	54.364	78367470.0	952.115666295785
Ethiopia	Africa	2006	55.402	80703490.0	1024.72911938972
Ethiopia	Africa	2007	52.947	76511887.0	690.8055759
Ethiopia	Africa	2007	56.566	83103217.0	1109.14330261241
Ethiopia	Africa	2008	57.733	85543668.0	1193.74728332973
Ethiopia	Africa	2009	58.715	88007636.0	1262.46398002755
Ethiopia	Africa	2010	59.709	90538514.0	1381.19044652656
Ethiopia	Africa	2011	60.595	93149970.0	1492.5339647204
Ethiopia	Africa	2012	61.443	95798767.0	1576.76875736149
Ethiopia	Africa	2013	62.161	98438751.0	1696.86515591049
Ethiopia	Africa	2014	62.927	101115610.0	1821.39161774962
Ethiopia	Africa	2015	63.592	103867135.0	1957.41454187301
Ethiopia	Africa	2016	64.162	106718162.0	2084.840556194
Ethiopia	Africa	2017	64.766	109666481.0	2222.82824481382
Ethiopia	Africa	2018	65.257	112664152.0	2311.16511659606
Ethiopia	Africa	2019	65.741	115737383.0	2437.97046055952
Ethiopia	Africa	2020	65.969	118917671.0	2516.54907642544
Ethiopia	Africa	2021	65.33	122138588.0	2588.41310215884
Ethiopia	Africa	2022	66.897	125384287.0	2655.59276743729
Finland	Europe	1952	66.55	4090500.0	6424.519071
Finland	Europe	1957	67.49	4324000.0	7545.415386
Finland	Europe	1962	68.75	4491443.0	9371.842561
Finland	Europe	1967	69.83	4605744.0	10921.63626
Finland	Europe	1972	70.87	4639657.0	14358.8759
Finland	Europe	1977	72.52	4738902.0	15605.42283
Finland	Europe	1982	74.55	4826933.0	18533.15761
Finland	Europe	1987	74.83	4931729.0	21141.01223
Finland	Europe	1990	74.8131707317073	4986431.0	38807.1185244347
Finland	Europe	1991	75.2275609756098	5013740.0	36326.0828945358
Finland	Europe	1992	75.7	5041039.0	20647.16499
Finland	Europe	1992	75.4553658536585	5041992.0	34926.3833591341
Finland	Europe	1993	75.7051219512195	5066447.0	34486.7522555352
Finland	Europe	1994	76.3956097560976	5088333.0	35699.7203086225
Finland	Europe	1995	76.409512195122	5107790.0	37069.62898136
Finland	Europe	1996	76.6934146341464	5124573.0	38301.5126175582
Finland	Europe	1997	77.13	5134406.0	23723.9502
Finland	Europe	1997	76.8785365853659	5139835.0	40630.921767316
Finland	Europe	1998	77.0907317073171	5153498.0	42733.4455712897
Finland	Europe	1999	77.2912195121951	5165474.0	44505.7114770222
Finland	Europe	2000	77.4658536585366	5176209.0	46968.841714507
Finland	Europe	2001	77.9658536585366	5188008.0	48099.3014282794
Finland	Europe	2002	78.37	5193039.0	28204.59057
Finland	Europe	2002	78.119512195122	5200598.0	48792.4864789775
Finland	Europe	2003	78.3682926829268	5213014.0	49655.5451564067
Finland	Europe	2004	78.7146341463415	5228172.0	51494.705860401
Finland	Europe	2005	78.8170731707317	5246096.0	52744.048034135
Finland	Europe	2006	79.2146341463415	5266268.0	54653.981203281
Finland	Europe	2007	79.313	5238460.0	33207.0844
Finland	Europe	2007	79.2634146341464	5288720.0	57313.2916474478
Finland	Europe	2008	79.5682926829268	5313399.0	57494.585352886
Finland	Europe	2009	79.719512195122	5338871.0	52599.1487066911
Finland	Europe	2010	79.8707317073171	5363352.0	54017.9458623339
Finland	Europe	2011	80.4707317073171	5388272.0	55053.3906850323
Finland	Europe	2012	80.6268292682927	5413971.0	53957.6680986279
Finland	Europe	2013	80.9756097560976	5438972.0	53183.4286685126
Finland	Europe	2014	81.1804878048781	5461512.0	52710.7334867778
Finland	Europe	2015	81.4804878048781	5479531.0	52782.4873926277
Finland	Europe	2016	81.4292682926829	5495303.0	53984.6316254715
Finland	Europe	2017	81.6317073170732	5508214.0	55637.2262781223
Finland	Europe	2018	81.7341463414634	5515525.0	56226.337241343
Finland	Europe	2019	81.9829268292683	5521606.0	56922.4873163103
Finland	Europe	2020	81.9317073170732	5529543.0	55424.8574989208
Finland	Europe	2021	81.8853658536585	5541017.0	56790.3766177692
Finland	Europe	2022	81.1878048780488	5556106.0	57068.3056478074
France	Europe	1952	67.41	42459667.0	7029.809327
France	Europe	1957	68.93	44310863.0	8662.834898
France	Europe	1962	70.51	47124000.0	10560.48553
France	Europe	1967	71.55	49569000.0	12999.91766
France	Europe	1972	72.38	51732000.0	16107.19171
France	Europe	1977	73.83	53165019.0	18292.63514
France	Europe	1982	74.89	54433565.0	20293.89746
France	Europe	1987	76.34	55630100.0	22066.44214
France	Europe	1990	76.6	58261012.0	38655.8856842914
France	Europe	1991	76.8487804878049	58554242.0	38937.9522513749
France	Europe	1992	77.46	57374179.0	24703.79615
France	Europe	1992	77.1	58846584.0	39331.9041920718
France	Europe	1993	77.3	59103094.0	39020.6141584284
France	Europe	1994	77.6487804878049	59324863.0	39801.3888979817
France	Europe	1995	77.7512195121951	59541294.0	40570.7169560557
France	Europe	1996	77.9536585365854	59754504.0	40990.7395148125
France	Europe	1997	78.64	58623428.0	25889.78487
France	Europe	1997	78.3048780487805	59968066.0	41876.9330265158
France	Europe	1998	78.6048780487805	60190684.0	43162.5423856938
France	Europe	1999	78.7560975609756	60501986.0	44400.1357889191
France	Europe	2000	79.0560975609756	60918661.0	45922.4789363701
France	Europe	2001	79.1585365853659	61364377.0	46454.8706927365
France	Europe	2002	79.59	59925035.0	28926.03234
France	Europe	2002	79.2609756097561	61812142.0	46610.7820717214
France	Europe	2003	79.1146341463415	62249855.0	46730.975806379
France	Europe	2004	80.1634146341463	62707588.0	47720.4413351103
France	Europe	2005	80.1634146341463	63180854.0	48257.4650937971
France	Europe	2006	80.8121951219512	63622342.0	49223.247197008
France	Europe	2007	80.657	61083916.0	30470.0167
France	Europe	2007	81.1121951219512	64016890.0	50157.7837477634
France	Europe	2008	81.2146341463415	64375116.0	50068.2969141379
France	Europe	2009	81.4146341463415	64706436.0	48404.9657826363
France	Europe	2010	81.6634146341463	65026211.0	49130.422942344
France	Europe	2011	82.1146341463415	65340830.0	50085.6829779109
France	Europe	2012	81.9682926829268	65657659.0	49935.6269081617
France	Europe	2013	82.219512195122	65997932.0	50066.5304324783
France	Europe	2014	82.719512195122	66312067.0	50326.567863089
France	Europe	2015	82.3219512195122	66548272.0	50682.8953586333
France	Europe	2016	82.5731707317073	66724104.0	50984.075297832
France	Europe	2017	82.5756097560976	66918020.0	51895.5662985838
France	Europe	2018	82.6756097560976	67158348.0	52560.9536243841
France	Europe	2019	82.8268292682927	67382061.0	53448.5548849943
France	Europe	2020	82.1756097560976	67601110.0	49311.333409639
France	Europe	2021	82.3243902439024	67842811.0	52517.3354905855
France	Europe	2022	82.1292682926829	68184457.0	53673.8137406422
Gabon	Africa	1952	37.003	420702.0	4293.476475
Gabon	Africa	1957	38.999	434904.0	4976.198099
Gabon	Africa	1962	40.489	455661.0	6631.459222
Gabon	Africa	1967	44.598	489004.0	8358.761987
Gabon	Africa	1972	48.69	537977.0	11401.94841
Gabon	Africa	1977	52.79	706367.0	21745.57328
Gabon	Africa	1982	56.564	753874.0	15113.36194
Gabon	Africa	1987	60.19	880397.0	11864.40844
Gabon	Africa	1990	60.736	983734.0	23884.8106998234
Gabon	Africa	1991	60.891	1010818.0	24665.6792295081
Gabon	Africa	1992	61.366	985739.0	13522.15752
Gabon	Africa	1992	61.013	1038380.0	23268.9974721281
Gabon	Africa	1993	61.125	1066405.0	23551.6812533724
Gabon	Africa	1994	61.183	1094720.0	23794.3149295887
Gabon	Africa	1995	61.27	1123213.0	24344.1857401023
Gabon	Africa	1996	61.265	1152015.0	24595.9719625614
Gabon	Africa	1997	60.461	1126189.0	14722.84188
Gabon	Africa	1997	61.395	1181439.0	25359.6596581834
Gabon	Africa	1998	61.506	1211736.0	25585.5077964813
Gabon	Africa	1999	61.658	1243016.0	22713.7144403948
Gabon	Africa	2000	61.81	1275572.0	21717.2240797447
Gabon	Africa	2001	61.982	1309589.0	21604.7804442423
Gabon	Africa	2002	56.761	1299304.0	12521.71392
Gabon	Africa	2002	62.175	1345135.0	20981.4798585102
Gabon	Africa	2003	62.463	1382350.0	20875.4549326477
Gabon	Africa	2004	62.694	1421609.0	20438.9307067212
Gabon	Africa	2005	62.978	1463495.0	20385.2899909742
Gabon	Africa	2006	63.259	1508337.0	19224.1268658969
Gabon	Africa	2007	56.735	1454867.0	13206.48452
Gabon	Africa	2007	63.619	1556237.0	19751.8762216408
Gabon	Africa	2008	64.011	1607175.0	18493.0921103343
Gabon	Africa	2009	64.361	1661556.0	17911.1458491661
Gabon	Africa	2010	64.715	1719879.0	18530.5760936058
Gabon	Africa	2011	65.102	1781985.0	19153.0878201525
Gabon	Africa	2012	65.438	1846889.0	19450.4027067379
Gabon	Africa	2013	65.751	1913059.0	19836.4554852011
Gabon	Africa	2014	66.07	1978399.0	20008.9899779322
Gabon	Africa	2015	66.336	2040989.0	20147.7116202405
Gabon	Africa	2016	66.583	2100306.0	19988.1755963792
Gabon	Africa	2017	66.816	2156900.0	19555.7078829752
Gabon	Africa	2018	67.043	2212318.0	19225.5982575261
Gabon	Africa	2019	67.337	2267706.0	19491.4067631986
Gabon	Africa	2020	67.073	2322539.0	18681.4840738985
Gabon	Africa	2021	67.072	2376722.0	18523.5798032193
Gabon	Africa	2022	67.713	2430747.0	18662.0497970621
Gambia	Africa	1952	30.0	284320.0	485.2306591
Gambia	Africa	1957	32.065	323150.0	520.9267111
Gambia	Africa	1962	33.896	374020.0	599.650276
Gambia	Africa	1967	35.857	439593.0	734.7829124
Gambia	Africa	1972	38.308	517101.0	756.0868363
Gambia	Africa	1977	41.842	608274.0	884.7552507
Gambia	Africa	1982	45.58	715523.0	835.8096108
Gambia	Africa	1987	49.265	848406.0	611.6588611
Gambia	Africa	1992	52.644	1025384.0	665.6244126
Gambia	Africa	1997	55.861	1235767.0	653.7301704
Gambia	Africa	2002	58.041	1457766.0	660.5855997
Gambia	Africa	2007	59.448	1688359.0	752.7497265
Germany	Europe	1952	67.5	69145952.0	7144.114393
Germany	Europe	1957	69.1	71019069.0	10187.82665
Germany	Europe	1962	70.3	73739117.0	12902.46291
Germany	Europe	1967	70.8	76368453.0	14745.62561
Germany	Europe	1972	71.0	78717088.0	18016.18027
Germany	Europe	1977	72.5	78160773.0	20512.92123
Germany	Europe	1982	73.8	78335266.0	22031.53274
Germany	Europe	1987	74.847	77718298.0	24639.18566
Germany	Europe	1990	75.0856341463415	79433029.0	42287.6527205782
Germany	Europe	1991	75.319512195122	80013896.0	44125.1442791519
Germany	Europe	1992	76.07	80597764.0	26505.30317
Germany	Europe	1992	75.819512195122	80624598.0	44672.6920465936
Germany	Europe	1993	75.8707317073171	81156363.0	43948.1489792699
Germany	Europe	1994	76.2707317073171	81438348.0	44933.2942631644
Germany	Europe	1995	76.4219512195122	81678051.0	45475.6859114918
Germany	Europe	1996	76.6731707317073	81914831.0	45814.8523072639
Germany	Europe	1997	77.34	82011073.0	27788.88416
Germany	Europe	1997	77.0731707317073	82034771.0	46596.1810672853
Germany	Europe	1998	77.4756097560976	82047195.0	47565.4526830045
Germany	Europe	1999	77.7268292682927	82100243.0	48547.0040773031
Germany	Europe	2000	77.9268292682927	82211508.0	49875.8764172059
Germany	Europe	2001	78.3292682926829	82349925.0	50606.7114616457
Germany	Europe	2002	78.67	82350671.0	30035.80198
Germany	Europe	2002	78.2292682926829	82488495.0	50406.3800683443
Germany	Europe	2003	78.3804878048781	82534176.0	50111.5752591319
Germany	Europe	2004	78.6804878048781	82516260.0	50704.9219887398
Germany	Europe	2005	78.9317073170732	82469422.0	51182.9591615718
Germany	Europe	2006	79.1317073170732	82376451.0	53222.0409282226
Germany	Europe	2007	79.406	82400996.0	32170.37442
Germany	Europe	2007	79.5341463414634	82266372.0	54832.9610328446
Germany	Europe	2008	79.7365853658537	82110097.0	55425.1109251245
Germany	Europe	2009	79.8365853658537	81902307.0	52484.8550055388
Germany	Europe	2010	79.9878048780488	81776930.0	54738.7083006711
Germany	Europe	2011	80.4365853658537	80274983.0	57858.4222602355
Germany	Europe	2012	80.5390243902439	80425823.0	58017.5855783147
Germany	Europe	2013	80.490243902439	80645605.0	58089.1708538296
Germany	Europe	2014	81.090243902439	80982500.0	59108.6977289315
Germany	Europe	2015	80.6414634146341	81686611.0	59573.7089539686
Germany	Europe	2016	80.990243902439	82348669.0	60407.9713703755
Germany	Europe	2017	80.9926829268293	82657002.0	61866.4872205276
Germany	Europe	2018	80.8926829268293	82905782.0	62381.3478772241
Germany	Europe	2019	81.2926829268293	83092962.0	62849.3741865912
Germany	Europe	2020	81.0414634146342	83160871.0	60203.289760263
Germany	Europe	2021	80.790243902439	83196078.0	62530.7653199239
Germany	Europe	2022	80.6080487804878	83177813.0	63676.087821808
Ghana	Africa	1952	43.149	5581001.0	911.2989371
Ghana	Africa	1957	44.779	6391288.0	1043.561537
Ghana	Africa	1962	46.452	7355248.0	1190.041118
Ghana	Africa	1967	48.072	8490213.0	1125.69716
Ghana	Africa	1972	49.875	9354120.0	1178.223708
Ghana	Africa	1977	51.756	10538093.0	993.2239571
Ghana	Africa	1982	53.744	11400338.0	876.032569
Ghana	Africa	1987	55.729	14168101.0	847.0061135
Ghana	Africa	1990	55.395	15394648.0	2785.67114332501
Ghana	Africa	1991	55.722	15787496.0	2859.82702166411
Ghana	Africa	1992	57.501	16278738.0	925.060154
Ghana	Africa	1992	56.055	16184855.0	2897.83543196858
Ghana	Africa	1993	56.286	16589519.0	2964.26600943658
Ghana	Africa	1994	56.234	16993190.0	2989.34731012131
Ghana	Africa	1995	56.662	17399017.0	3039.68873031674
Ghana	Africa	1996	56.957	17810181.0	3106.18555480388
Ghana	Africa	1997	58.556	18418288.0	1005.245812
Ghana	Africa	1997	57.241	18238958.0	3160.44504053249
Ghana	Africa	1998	57.525	18688036.0	3229.48228272631
Ghana	Africa	1999	57.835	19149864.0	3290.26865235748
Ghana	Africa	2000	58.139	19637087.0	3327.35199291767
Ghana	Africa	2001	58.403	20167069.0	3369.50702508212
Ghana	Africa	2002	58.453	20550751.0	1111.984578
Ghana	Africa	2002	58.709	20729388.0	3425.61820934278
Ghana	Africa	2003	59.014	21296705.0	3507.75105744843
Ghana	Africa	2004	59.316	21868298.0	3607.36522285021
Ghana	Africa	2005	59.638	22449438.0	3721.30785741996
Ghana	Africa	2006	59.975	23040702.0	3857.86154847605
Ghana	Africa	2007	60.022	22873338.0	1327.60891
Ghana	Africa	2007	60.282	23642279.0	3923.12567803728
Ghana	Africa	2008	60.578	24249946.0	4174.78124103364
Ghana	Africa	2009	60.928	24862664.0	4269.16005861557
Ghana	Africa	2010	61.297	25474995.0	4495.68916584106
Ghana	Africa	2011	61.617	26095088.0	5005.36732498187
Ghana	Africa	2012	61.995	26734268.0	5339.71321903045
Ghana	Africa	2013	62.397	27386193.0	5593.77481886917
Ghana	Africa	2014	62.832	28041592.0	5619.07233511591
Ghana	Africa	2015	63.175	28696068.0	5607.36635657413
Ghana	Africa	2016	63.522	29356742.0	5666.07795334591
Ghana	Africa	2017	63.829	30008354.0	5993.63085211077
Ghana	Africa	2018	64.138	30637585.0	6234.51208201488
Ghana	Africa	2019	64.455	31258945.0	6508.24652305901
Ghana	Africa	2020	64.309	31887809.0	6412.68541762469
Ghana	Africa	2021	64.286	32518665.0	6607.50297378321
Ghana	Africa	2022	65.246	33149152.0	6728.45414012286
Greece	Europe	1952	65.86	7733250.0	3530.690067
Greece	Europe	1957	67.86	8096218.0	4916.299889
Greece	Europe	1962	69.51	8448233.0	6017.190733
Greece	Europe	1967	71.0	8716441.0	8513.097016
Greece	Europe	1972	72.34	8888628.0	12724.82957
Greece	Europe	1977	73.68	9308479.0	14195.52428
Greece	Europe	1982	75.24	9786480.0	15268.42089
Greece	Europe	1987	76.67	9974490.0	16120.52839
Greece	Europe	1990	76.9390243902439	10196792.0	26916.3125225704
Greece	Europe	1991	77.1365853658537	10319927.0	27419.6029332234
Greece	Europe	1992	77.03	10325429.0	17541.49634
Greece	Europe	1992	77.3829268292683	10399061.0	27401.424003405
Greece	Europe	1993	77.390243902439	10460415.0	26804.8537616148
Greece	Europe	1994	77.6390243902439	10512922.0	27204.3958682198
Greece	Europe	1995	77.5853658536585	10562153.0	27646.1476383588
Greece	Europe	1996	77.6853658536585	10608800.0	27905.1065690594
Greece	Europe	1997	77.869	10502372.0	18747.69814
Greece	Europe	1997	78.1365853658537	10661259.0	28768.2401472217
Greece	Europe	1998	77.8390243902439	10720509.0	29592.525483114
Greece	Europe	1999	77.9878048780488	10761698.0	30263.0543705003
Greece	Europe	2000	77.8878048780488	10805808.0	31386.639783624
Greece	Europe	2001	78.3878048780488	10862132.0	32675.9292327768
Greece	Europe	2002	78.256	10603863.0	22514.2548
Greece	Europe	2002	78.6414634146341	10902022.0	34081.0289759343
Greece	Europe	2003	78.8414634146341	10928070.0	35970.7016808475
Greece	Europe	2004	79.0390243902439	10955141.0	37811.4913664483
Greece	Europe	2005	79.2390243902439	10987314.0	38146.962971083
Greece	Europe	2006	79.4390243902439	11020362.0	40483.1569225337
Greece	Europe	2007	79.483	10706290.0	27538.41188
Greece	Europe	2007	79.4390243902439	11048473.0	41796.2336918303
Greece	Europe	2008	79.9390243902439	11077841.0	41709.3877420312
Greece	Europe	2009	80.1878048780488	11107017.0	39886.2135496664
Greece	Europe	2010	80.3878048780488	11121341.0	37566.7483686263
Greece	Europe	2011	80.7317073170732	11104899.0	33906.4917435676
Greece	Europe	2012	80.6341463414634	11045011.0	31250.2268565956
Greece	Europe	2013	81.2853658536585	10965211.0	30762.4432227813
Greece	Europe	2014	81.3853658536585	10892413.0	31213.3765120298
Greece	Europe	2015	81.0365853658537	10820883.0	31347.976574604
Greece	Europe	2016	81.3878048780488	10775971.0	31468.6198471099
Greece	Europe	2017	81.2878048780488	10754679.0	31995.4108838386
Greece	Europe	2018	81.7878048780488	10732882.0	32722.3310444029
Greece	Europe	2019	81.6390243902439	10721582.0	33502.7506488997
Greece	Europe	2020	81.2878048780488	10698599.0	30487.1129331045
Greece	Europe	2021	80.0829268292683	10569207.0	33531.15511226
Greece	Europe	2022	80.7878048780488	10436882.0	35831.3441781205
Guatemala	Americas	1952	42.023	3146381.0	2428.237769
Guatemala	Americas	1957	44.142	3640876.0	2617.155967
Guatemala	Americas	1962	46.954	4208858.0	2750.364446
Guatemala	Americas	1967	50.016	4690773.0	3242.531147
Guatemala	Americas	1972	53.738	5149581.0	4031.408271
Guatemala	Americas	1977	56.029	5703430.0	4879.992748
Guatemala	Americas	1982	58.137	6395630.0	4820.49479
Guatemala	Americas	1987	60.782	7326406.0	4246.485974
Guatemala	Americas	1990	61.767	9024773.0	7594.72863203946
Guatemala	Americas	1991	61.926	9272584.0	7662.16744667172
Guatemala	Americas	1992	63.373	8486949.0	4439.45084
Guatemala	Americas	1992	61.992	9522266.0	7822.25981413262
Guatemala	Americas	1993	62.442	9779761.0	7915.4069288614
Guatemala	Americas	1994	63.026	10043718.0	8018.27959123705
Guatemala	Americas	1995	63.662	10312996.0	8195.34591091977
Guatemala	Americas	1996	64.54	10583526.0	8222.06539206535
Guatemala	Americas	1997	66.322	9803875.0	4684.313807
Guatemala	Americas	1997	65.249	10857754.0	8364.16131429348
Guatemala	Americas	1998	65.969	11139145.0	8559.98628929783
Guatemala	Americas	1999	66.634	11422965.0	8668.42697938871
Guatemala	Americas	2000	67.102	11697592.0	8770.4040870875
Guatemala	Americas	2001	67.436	11969422.0	8771.15520620407
Guatemala	Americas	2002	68.978	11178650.0	4858.347495
Guatemala	Americas	2002	67.835	12246915.0	8901.53633819804
Guatemala	Americas	2003	68.204	12525842.0	8926.15358002845
Guatemala	Americas	2004	68.245	12807402.0	9003.85719003217
Guatemala	Americas	2005	68.167	13087629.0	9099.72328845701
Guatemala	Americas	2006	68.79	13367459.0	9386.00114713774
Guatemala	Americas	2007	70.259	12572928.0	5186.050003
Guatemala	Americas	2007	69.299	13652040.0	9772.8053901732
Guatemala	Americas	2008	69.493	13935174.0	9889.57209974855
Guatemala	Americas	2009	69.676	14215611.0	9740.70936130832
Guatemala	Americas	2010	69.885	14500112.0	9825.0176796825
Guatemala	Americas	2011	70.321	14792126.0	10032.088632465
Guatemala	Americas	2012	70.722	15089647.0	10126.8283621986
Guatemala	Americas	2013	70.878	15387337.0	10297.8395710411
Guatemala	Americas	2014	70.942	15681725.0	10553.5642244297
Guatemala	Americas	2015	70.915	15971743.0	10785.9584615777
Guatemala	Americas	2016	71.215	16268760.0	10872.5939962916
Guatemala	Americas	2017	71.583	16567357.0	11005.4593976653
Guatemala	Americas	2018	71.496	16845685.0	11192.372055508
Guatemala	Americas	2019	71.639	17103803.0	11466.3765822795
Guatemala	Americas	2020	69.971	17357325.0	11097.15041153
Guatemala	Americas	2021	67.858	17598650.0	11825.141273764
Guatemala	Americas	2022	71.206	17847877.0	12147.9309684074
Guinea	Africa	1952	33.609	2664249.0	510.1964923
Guinea	Africa	1957	34.558	2876726.0	576.2670245
Guinea	Africa	1962	35.753	3140003.0	686.3736739
Guinea	Africa	1967	37.197	3451418.0	708.7595409
Guinea	Africa	1972	38.842	3811387.0	741.6662307
Guinea	Africa	1977	40.762	4227026.0	874.6858643
Guinea	Africa	1982	42.891	4710497.0	857.2503577
Guinea	Africa	1987	45.552	5650262.0	805.5724718
Guinea	Africa	1990	47.252	6434374.0	2105.74729496232
Guinea	Africa	1991	47.781	6697166.0	2075.99194302675
Guinea	Africa	1992	48.576	6990574.0	794.3484384
Guinea	Africa	1992	48.266	6914366.0	2076.55062690695
Guinea	Africa	1993	48.819	7128177.0	2115.8664959394
Guinea	Africa	1994	49.188	7345107.0	2134.89769355787
Guinea	Africa	1995	49.836	7553249.0	2171.72552153265
Guinea	Africa	1996	50.546	7770035.0	2205.32363416973
Guinea	Africa	1997	51.455	8048834.0	869.4497668
Guinea	Africa	1997	51.113	7931370.0	2272.41100463955
Guinea	Africa	1998	51.61	8081990.0	2311.327353403
Guinea	Africa	1999	51.987	8265123.0	2346.2701835771
Guinea	Africa	2000	52.42	8428832.0	2358.28765608495
Guinea	Africa	2001	52.669	8539960.0	2412.75161959628
Guinea	Africa	2002	53.676	8807818.0	945.5835837
Guinea	Africa	2002	53.2	8674066.0	2498.13177495102
Guinea	Africa	2003	53.589	8870781.0	2473.23418295471
Guinea	Africa	2004	53.975	9062726.0	2477.50282602363
Guinea	Africa	2005	54.422	9245844.0	2501.22160456279
Guinea	Africa	2006	54.875	9441171.0	2478.61319510726
Guinea	Africa	2007	56.007	9947814.0	942.6542111
Guinea	Africa	2007	55.233	9662281.0	2587.0048887648
Guinea	Africa	2008	55.703	9898870.0	2629.5397474637
Guinea	Africa	2009	56.052	10143534.0	2537.30645758746
Guinea	Africa	2010	56.431	10396086.0	2594.83050344245
Guinea	Africa	2011	56.778	10656810.0	2673.40873029955
Guinea	Africa	2012	57.117	10921581.0	2762.90350938513
Guinea	Africa	2013	57.459	11191873.0	2802.56007024474
Guinea	Africa	2014	57.581	11472924.0	2834.96634347846
Guinea	Africa	2015	57.899	11767070.0	2869.85157178732
Guinea	Africa	2016	58.49	12073030.0	3099.78874189372
Guinea	Africa	2017	58.715	12385659.0	3332.76576150531
Guinea	Africa	2018	59.043	12704774.0	3455.64512638662
Guinea	Africa	2019	59.379	13034346.0	3557.46233883145
Guinea	Africa	2020	59.35	13371183.0	3630.99330577677
Guinea	Africa	2021	59.373	13710513.0	3738.8051255133
Guinea	Africa	2022	60.432	14055137.0	3792.01068836277
Guinea-Bissau	Africa	1952	32.5	580653.0	299.850319
Guinea-Bissau	Africa	1957	33.489	601095.0	431.7904566
Guinea-Bissau	Africa	1962	34.488	627820.0	522.0343725
Guinea-Bissau	Africa	1967	35.492	601287.0	715.5806402
Guinea-Bissau	Africa	1972	36.486	625361.0	820.2245876
Guinea-Bissau	Africa	1977	37.465	745228.0	764.7259628
Guinea-Bissau	Africa	1982	39.327	825987.0	838.1239671
Guinea-Bissau	Africa	1987	41.245	927524.0	736.4153921
Guinea-Bissau	Africa	1990	46.89	973669.0	1967.96808437551
Guinea-Bissau	Africa	1991	47.201	994639.0	2024.72770800391
Guinea-Bissau	Africa	1992	43.266	1050938.0	745.5398706
Guinea-Bissau	Africa	1992	47.518	1024356.0	1987.61538633299
Guinea-Bissau	Africa	1993	47.84	1058745.0	1963.44000410032
Guinea-Bissau	Africa	1994	47.775	1092031.0	1964.50771152778
Guinea-Bissau	Africa	1995	48.531	1119949.0	1999.82023018049
Guinea-Bissau	Africa	1996	48.772	1143535.0	2185.76736211592
Guinea-Bissau	Africa	1997	44.873	1193708.0	796.6644681
Guinea-Bissau	Africa	1997	48.033	1165545.0	2283.88357077251
Guinea-Bissau	Africa	1998	48.123	1187473.0	1738.54122410447
Guinea-Bissau	Africa	1999	48.492	1210206.0	1992.72847838268
Guinea-Bissau	Africa	2000	50.565	1234741.0	1974.62172274651
Guinea-Bissau	Africa	2001	51.054	1261273.0	2025.60064005453
Guinea-Bissau	Africa	2002	45.504	1332459.0	575.7047176
Guinea-Bissau	Africa	2002	51.608	1289307.0	2053.96189370909
Guinea-Bissau	Africa	2003	52.186	1318806.0	2002.27740627342
Guinea-Bissau	Africa	2004	52.8	1349563.0	1979.57457765814
Guinea-Bissau	Africa	2005	52.949	1381585.0	2060.53834311757
Guinea-Bissau	Africa	2006	54.089	1415303.0	2065.08370690452
Guinea-Bissau	Africa	2007	46.388	1472041.0	579.231743
Guinea-Bissau	Africa	2007	54.87	1450986.0	2065.86121747677
Guinea-Bissau	Africa	2008	55.3	1488054.0	2105.54284991215
Guinea-Bissau	Africa	2009	56.297	1526377.0	2102.92720552345
Guinea-Bissau	Africa	2010	56.999	1566347.0	2164.13349780236
Guinea-Bissau	Africa	2011	57.663	1608076.0	2278.40566106623
Guinea-Bissau	Africa	2012	58.27	1651417.0	2180.60762289148
Guinea-Bissau	Africa	2013	58.879	1695973.0	2192.45628322206
Guinea-Bissau	Africa	2014	59.476	1741122.0	2156.2021908175
Guinea-Bissau	Africa	2015	60.071	1786457.0	2230.39106612596
Guinea-Bissau	Africa	2016	60.619	1831893.0	2293.23583589196
Guinea-Bissau	Africa	2017	61.148	1877072.0	2342.41526571427
Guinea-Bissau	Africa	2018	61.652	1922168.0	2373.50158144916
Guinea-Bissau	Africa	2019	62.161	1967696.0	2442.10663731324
Guinea-Bissau	Africa	2020	61.343	2013255.0	2455.85606168546
Guinea-Bissau	Africa	2021	61.653	2058841.0	2522.76764302521
Guinea-Bissau	Africa	2022	63.605	2105529.0	2603.24022588591
Haiti	Americas	1952	37.579	3201488.0	1840.366939
Haiti	Americas	1957	40.696	3507701.0	1726.887882
Haiti	Americas	1962	43.59	3880130.0	1796.589032
Haiti	Americas	1967	46.243	4318137.0	1452.057666
Haiti	Americas	1972	48.042	4698301.0	1654.456946
Haiti	Americas	1977	49.923	4908554.0	1874.298931
Haiti	Americas	1982	51.461	5198399.0	2011.159549
Haiti	Americas	1987	53.636	5756203.0	1823.015995
Haiti	Americas	1990	53.215	6854441.0	3959.02526089687
Haiti	Americas	1991	53.524	6995450.0	3952.17272724934
Haiti	Americas	1992	55.089	6326682.0	1456.309517
Haiti	Americas	1992	54.041	7136571.0	3668.31318736615
Haiti	Americas	1993	54.478	7278181.0	3401.75901805261
Haiti	Americas	1994	54.731	7419771.0	2938.07008518147
Haiti	Americas	1995	55.582	7562546.0	3167.91307649838
Haiti	Americas	1996	56.111	7707557.0	3237.01967477296
Haiti	Americas	1997	56.671	6913545.0	1341.726931
Haiti	Americas	1997	56.675	7854298.0	3262.4591815691
Haiti	Americas	1998	57.137	8002143.0	3272.04956439325
Haiti	Americas	1999	57.692	8151296.0	3299.23533948239
Haiti	Americas	2000	58.175	8303151.0	3267.07646816599
Haiti	Americas	2001	58.591	8455918.0	3197.05701086586
Haiti	Americas	2002	58.137	7607651.0	1270.364932
Haiti	Americas	2002	59.041	8607641.0	3173.73848729607
Haiti	Americas	2003	59.44	8759912.0	3227.12087860443
Haiti	Americas	2004	58.517	8910263.0	3130.85551975981
Haiti	Americas	2005	60.318	9061273.0	3173.26081032717
Haiti	Americas	2006	60.74	9216562.0	3174.97622258076
Haiti	Americas	2007	60.916	8502814.0	1201.637154
Haiti	Americas	2007	61.09	9373296.0	3268.81890675823
Haiti	Americas	2008	61.28	9530774.0	3300.25849332968
Haiti	Americas	2009	61.694	9689581.0	3437.3806965318
Haiti	Americas	2010	45.577	9803294.0	3205.49829961515
Haiti	Americas	2011	61.581	9914904.0	3330.99820416355
Haiti	Americas	2012	62.273	10069771.0	3296.24782448974
Haiti	Americas	2013	62.624	10222362.0	3387.47180169748
Haiti	Americas	2014	62.969	10373235.0	3434.63597400578
Haiti	Americas	2015	63.224	10523242.0	3433.07529240973
Haiti	Americas	2016	63.325	10671457.0	3446.75276647872
Haiti	Americas	2017	63.832	10817754.0	3485.4923470131
Haiti	Americas	2018	64.077	10962362.0	3496.87870320748
Haiti	Americas	2019	64.328	11105163.0	3392.43263210456
Haiti	Americas	2020	63.773	11243848.0	3239.83543441301
Haiti	Americas	2021	62.613	11374586.0	3145.00681057269
Haiti	Americas	2022	63.948	11503606.0	3057.42840826502
Honduras	Americas	1952	41.912	1517453.0	2194.926204
Honduras	Americas	1957	44.665	1770390.0	2220.487682
Honduras	Americas	1962	48.041	2090162.0	2291.156835
Honduras	Americas	1967	50.924	2500689.0	2538.269358
Honduras	Americas	1972	53.884	2965146.0	2529.842345
Honduras	Americas	1977	57.402	3055235.0	3203.208066
Honduras	Americas	1982	60.909	3669448.0	3121.760794
Honduras	Americas	1987	64.492	4372203.0	3023.096699
Honduras	Americas	1990	65.183	4980488.0	1172.07980628643
Honduras	Americas	1991	65.584	5123792.0	1436.05066019021
Honduras	Americas	1992	66.399	5077347.0	3081.694603
Honduras	Americas	1992	65.908	5271431.0	1521.94721692982
Honduras	Americas	1993	66.074	5423249.0	1681.08238779882
Honduras	Americas	1994	66.523	5579242.0	2108.27415007174
Honduras	Americas	1995	66.919	5739637.0	2555.02622819382
Honduras	Americas	1996	67.263	5903954.0	3054.15773738434
Honduras	Americas	1997	67.659	5867957.0	3160.454906
Honduras	Americas	1997	67.542	6071454.0	3635.98071228428
Honduras	Americas	1998	62.432	6234431.0	3950.83498620229
Honduras	Americas	1999	68.005	6400463.0	4293.82723059843
Honduras	Americas	2000	68.302	6577773.0	4579.68960840984
Honduras	Americas	2001	68.491	6757993.0	4578.94787944773
Honduras	Americas	2002	68.565	6677328.0	3099.72866
Honduras	Americas	2002	68.714	6938859.0	4627.02278723456
Honduras	Americas	2003	68.874	7119213.0	4714.86701000971
Honduras	Americas	2004	69.05	7298994.0	4885.34258343422
Honduras	Americas	2005	69.198	7478355.0	5056.67544412551
Honduras	Americas	2006	69.364	7656832.0	5263.15029099578
Honduras	Americas	2007	70.198	7483763.0	3548.330846
Honduras	Americas	2007	69.539	7834798.0	5461.90151889031
Honduras	Americas	2008	69.657	8012587.0	5566.70639487722
Honduras	Americas	2009	69.823	8189899.0	5313.75573967791
Honduras	Americas	2010	69.77	8365878.0	5396.07227927744
Honduras	Americas	2011	70.116	8540583.0	5488.43371596332
Honduras	Americas	2012	70.46	8715076.0	5600.6077605497
Honduras	Americas	2013	70.765	8889278.0	5644.13384802045
Honduras	Americas	2014	71.032	9063122.0	5705.16246265484
Honduras	Americas	2015	71.323	9237305.0	5812.5348879105
Honduras	Americas	2016	71.615	9412380.0	5926.49025534228
Honduras	Americas	2017	71.805	9588137.0	6099.60734919414
Honduras	Americas	2018	72.001	9765210.0	6219.27973775059
Honduras	Americas	2019	72.124	9943633.0	6264.01884276715
Honduras	Americas	2020	70.864	10119640.0	5603.26398377777
Honduras	Americas	2021	69.492	10289877.0	6202.98078812037
Honduras	Americas	2022	72.715	10463872.0	6352.58710177732
Hong Kong, China	Asia	1952	60.96	2125900.0	3054.421209
Hong Kong, China	Asia	1957	64.75	2736300.0	3629.076457
Hong Kong, China	Asia	1962	67.65	3305200.0	4692.648272
Hong Kong, China	Asia	1967	70.0	3722800.0	6197.962814
Hong Kong, China	Asia	1972	72.0	4115700.0	8315.928145
Hong Kong, China	Asia	1977	73.6	4583700.0	11186.14125
Hong Kong, China	Asia	1982	75.45	5264500.0	14560.53051
Hong Kong, China	Asia	1987	76.2	5584510.0	20038.47269
Hong Kong, China	Asia	1990	77.3707317073171	5704500.0	31598.7559995379
Hong Kong, China	Asia	1991	77.8729268292683	5752000.0	33124.6861100788
Hong Kong, China	Asia	1992	77.601	5829696.0	24757.60301
Hong Kong, China	Asia	1992	77.6734146341464	5800500.0	34895.7612081565
Hong Kong, China	Asia	1993	78.0160975609756	5901000.0	36428.527042456
Hong Kong, China	Asia	1994	78.5436585365854	6035400.0	37767.1935301195
Hong Kong, China	Asia	1995	78.6787804878049	6156100.0	37905.6509352086
Hong Kong, China	Asia	1996	79.6275609756098	6435500.0	37804.068427697
Hong Kong, China	Asia	1997	80.0	6495918.0	28377.63219
Hong Kong, China	Asia	1997	80.1121951219512	6489300.0	39402.5953789391
Hong Kong, China	Asia	1998	80.1068292682927	6543700.0	36776.3830289355
Hong Kong, China	Asia	1999	80.3726829268293	6606500.0	37339.9267574178
Hong Kong, China	Asia	2000	80.8731707317073	6665000.0	39848.59152924
Hong Kong, China	Asia	2001	81.4192682926829	6714300.0	39777.8561883562
Hong Kong, China	Asia	2002	81.495	6762476.0	30209.01516
Hong Kong, China	Asia	2002	81.4521951219512	6744100.0	40258.1727894569
Hong Kong, China	Asia	2003	81.3434146341464	6730800.0	41570.5763105053
Hong Kong, China	Asia	2004	81.7992682926829	6783500.0	44836.2053321129
Hong Kong, China	Asia	2005	81.6090243902439	6813200.0	47938.8998017111
Hong Kong, China	Asia	2006	82.3848780487805	6857100.0	50981.7931037524
Hong Kong, China	Asia	2007	82.208	6980412.0	39724.97867
Hong Kong, China	Asia	2007	82.3668292682927	6916300.0	53813.0792084943
Hong Kong, China	Asia	2008	82.3404878048781	6957800.0	54630.3763985044
Hong Kong, China	Asia	2009	82.7751219512195	6972800.0	53172.3001900618
Hong Kong, China	Asia	2010	82.9575609756098	7024200.0	56355.4117939379
Hong Kong, China	Asia	2011	83.4119512195122	7071600.0	58672.8294901182
Hong Kong, China	Asia	2012	83.450243902439	7150100.0	59015.3332811946
Hong Kong, China	Asia	2013	83.8312195121951	7178900.0	60601.6097817011
Hong Kong, China	Asia	2014	83.9356097560976	7229500.0	61839.810843419
Hong Kong, China	Asia	2015	84.2526829268293	7291300.0	62779.7484353718
Hong Kong, China	Asia	2016	84.2114634146342	7336600.0	63749.4095274634
Hong Kong, China	Asia	2017	84.6956097560976	7393200.0	65662.8359167546
Hong Kong, China	Asia	2018	84.869756097561	7452600.0	66993.9679794398
Hong Kong, China	Asia	2019	85.1558536585366	7507900.0	65388.3336248234
Hong Kong, China	Asia	2020	85.4963414634146	7481000.0	61328.5288044938
Hong Kong, China	Asia	2021	85.5326829268293	7413100.0	65884.9376260603
Hong Kong, China	Asia	2022	83.6609756097561	7346100.0	64036.6454154727
Hungary	Europe	1952	64.03	9504000.0	5263.673816
Hungary	Europe	1957	66.41	9839000.0	6040.180011
Hungary	Europe	1962	67.96	10063000.0	7550.359877
Hungary	Europe	1967	69.5	10223422.0	9326.64467
Hungary	Europe	1972	69.76	10394091.0	10168.65611
Hungary	Europe	1977	69.95	10637171.0	11674.83737
Hungary	Europe	1982	69.39	10705535.0	12545.99066
Hungary	Europe	1987	69.58	10612740.0	12986.47998
Hungary	Europe	1990	69.3156097560976	10373988.0	21297.0006409015
Hungary	Europe	1991	69.3770731707317	10373400.0	18765.4162504008
Hungary	Europe	1992	69.17	10348684.0	10535.62855
Hungary	Europe	1992	69.1170731707317	10369341.0	18197.5305521351
Hungary	Europe	1993	69.1012195121951	10357523.0	18113.3369069655
Hungary	Europe	1994	69.469756097561	10343355.0	18672.707236547
Hungary	Europe	1995	69.7917073170732	10328965.0	18977.2437047366
Hungary	Europe	1996	70.3287804878049	10311238.0	19029.1137284914
Hungary	Europe	1997	71.04	10244684.0	11712.7768
Hungary	Europe	1997	70.7024390243902	10290486.0	19635.2949600537
Hungary	Europe	1998	70.5578048780488	10266570.0	20438.3829550506
Hungary	Europe	1999	70.6770731707317	10237530.0	21128.8884639402
Hungary	Europe	2000	71.2463414634146	10210971.0	22117.9204303193
Hungary	Europe	2001	72.2487804878049	10187576.0	23069.2114730987
Hungary	Europe	2002	72.59	10083313.0	14843.93556
Hungary	Europe	2002	72.3487804878049	10158608.0	24229.2953575981
Hungary	Europe	2003	72.3	10129552.0	25255.8711300567
Hungary	Europe	2004	72.6487804878049	10107146.0	26568.118861864
Hungary	Europe	2005	72.6487804878049	10087065.0	27765.7886146197
Hungary	Europe	2006	73.0975609756098	10071370.0	28903.0475407078
Hungary	Europe	2007	73.338	9956108.0	18008.94444
Hungary	Europe	2007	73.1512195121951	10055780.0	29044.0669021254
Hungary	Europe	2008	73.7024390243903	10038188.0	29384.0070385818
Hungary	Europe	2009	73.9048780487805	10022650.0	27445.959458479
Hungary	Europe	2010	74.2073170731707	10000023.0	27801.833816111
Hungary	Europe	2011	74.8585365853659	9971727.0	28415.1173442897
Hungary	Europe	2012	75.0634146341463	9920362.0	28179.656464434
Hungary	Europe	2013	75.5658536585366	9872734.0	28891.0217544976
Hungary	Europe	2014	75.7634146341463	9833038.0	30264.9492302161
Hungary	Europe	2015	75.5682926829269	9797755.0	31485.5675425634
Hungary	Europe	2016	76.0634146341464	9759755.0	32378.9674983075
Hungary	Europe	2017	75.8170731707317	9726756.0	33828.714942571
Hungary	Europe	2018	76.0658536585366	9706964.0	35798.0412754022
Hungary	Europe	2019	76.3195121951219	9694824.0	37662.67681014
Hungary	Europe	2020	75.419512195122	9670419.0	36119.5211735652
Hungary	Europe	2021	74.0658536585366	9630932.0	38887.1909527154
Hungary	Europe	2022	75.8682926829268	9605074.0	40610.9711368238
Iceland	Europe	1952	72.49	147962.0	7267.688428
Iceland	Europe	1957	73.47	165110.0	9244.001412
Iceland	Europe	1962	73.68	182053.0	10350.15906
Iceland	Europe	1967	73.73	198676.0	13319.89568
Iceland	Europe	1972	74.46	209275.0	15798.06362
Iceland	Europe	1977	76.11	221823.0	19654.96247
Iceland	Europe	1982	76.99	233997.0	23269.6075
Iceland	Europe	1987	77.23	244676.0	26923.20628
Iceland	Europe	1990	78.0363414634146	254826.0	42336.427188355
Iceland	Europe	1991	77.9919512195122	257797.0	41754.9758908173
Iceland	Europe	1992	78.77	259012.0	25144.39201
Iceland	Europe	1992	78.760243902439	261057.0	39842.3760942383
Iceland	Europe	1993	78.9346341463415	263725.0	39957.3221402786
Iceland	Europe	1994	79.2470731707317	266021.0	41042.0117943302
Iceland	Europe	1995	77.9843902439024	267468.0	40867.564218067
Iceland	Europe	1996	78.7778048780488	268916.0	42475.6936133275
Iceland	Europe	1997	78.95	271192.0	28061.09966
Iceland	Europe	1997	78.8853658536585	271128.0	43873.6690642163
Iceland	Europe	1998	79.6024390243903	274047.0	46449.3454621245
Iceland	Europe	1999	79.3512195121951	277381.0	47679.8715900493
Iceland	Europe	2000	79.6536585365854	281205.0	49338.4714252632
Iceland	Europe	2001	80.690243902439	284968.0	50556.9938356842
Iceland	Europe	2002	80.5	288030.0	31163.20196
Iceland	Europe	2002	80.5024390243903	287523.0	50379.4595507316
Iceland	Europe	2003	80.9634146341464	289521.0	51173.1982542632
Iceland	Europe	2004	80.9975609756098	292074.0	54592.5314628804
Iceland	Europe	2005	81.5024390243902	296734.0	57512.4237338213
Iceland	Europe	2006	81.1585365853659	303782.0	59364.2901148281
Iceland	Europe	2007	81.757	301931.0	36180.78919
Iceland	Europe	2007	81.4536585365854	311566.0	62940.7473430955
Iceland	Europe	2008	81.609756097561	317414.0	62831.1728631816
Iceland	Europe	2009	81.7512195121951	318499.0	57406.4697506817
Iceland	Europe	2010	81.8975609756097	318041.0	56211.8345417402
Iceland	Europe	2011	82.3585365853659	319014.0	56813.742648754
Iceland	Europe	2012	82.9170731707317	320716.0	57173.0434212296
Iceland	Europe	2013	82.0609756097561	323764.0	58671.930709837
Iceland	Europe	2014	82.8609756097561	327386.0	59133.2701459773
Iceland	Europe	2015	82.4682926829268	330815.0	60725.7271247657
Iceland	Europe	2016	82.2048780487805	335439.0	63612.5551585223
Iceland	Europe	2017	82.6609756097561	343400.0	64303.3782501037
Iceland	Europe	2018	82.8609756097561	352721.0	65521.9313424781
Iceland	Europe	2019	83.1634146341463	360563.0	64826.4324085557
Iceland	Europe	2020	83.0634146341463	366463.0	59543.813498684
Iceland	Europe	2021	83.1658536585366	372520.0	61610.2132740715
Iceland	Europe	2022	82.119512195122	382003.0	65380.3173049324
India	Asia	1952	37.373	372000000.0	546.5657493
India	Asia	1957	40.249	409000000.0	590.061996
India	Asia	1962	43.605	454000000.0	658.3471509
India	Asia	1967	47.193	506000000.0	700.7706107
India	Asia	1972	50.651	567000000.0	724.032527
India	Asia	1977	54.208	634000000.0	813.337323
India	Asia	1982	56.596	708000000.0	855.7235377
India	Asia	1987	58.553	788000000.0	976.5126756
India	Asia	1990	58.618	864972221.0	2203.14703867968
India	Asia	1991	59.032	883927600.0	2178.6859145401
India	Asia	1992	60.223	872000000.0	1164.406809
India	Asia	1992	59.445	902957070.0	2249.69790389274
India	Asia	1993	59.823	922118387.0	2307.60714181108
India	Asia	1994	60.237	941163767.0	2411.46273689083
India	Asia	1995	60.63	960301044.0	2542.42211133345
India	Asia	1996	61.027	979678458.0	2680.27888437082
India	Asia	1997	61.765	959000000.0	1458.817442
India	Asia	1997	61.439	999133762.0	2734.52089133672
India	Asia	1998	61.852	1018665080.0	2847.96234988663
India	Asia	1999	62.284	1038225823.0	3041.48258556057
India	Asia	2000	62.749	1057922733.0	3099.5028215766
India	Asia	2001	63.158	1077898575.0	3188.81024020636
India	Asia	2002	62.879	1034172547.0	1746.769454
India	Asia	2002	63.649	1097600380.0	3250.69565544917
India	Asia	2003	64.086	1116803006.0	3445.92592352395
India	Asia	2004	64.484	1135991513.0	3656.12620652098
India	Asia	2005	64.939	1154676322.0	3881.9661798273
India	Asia	2006	65.373	1172878890.0	4129.77837009239
India	Asia	2007	64.698	1110396331.0	2452.210407
India	Asia	2007	65.803	1190676021.0	4379.69604361151
India	Asia	2008	66.247	1207930964.0	4450.39022919238
India	Asia	2009	66.7	1225524753.0	4731.36160463896
India	Asia	2010	67.162	1243481564.0	5059.2827108398
India	Asia	2011	67.623	1261224954.0	5249.54925694026
India	Asia	2012	68.076	1278674502.0	5460.43768570052
India	Asia	2013	68.499	1295829511.0	5732.24189090876
India	Asia	2014	68.932	1312277191.0	6079.84393523695
India	Asia	2015	69.326	1328024498.0	6488.14602910787
India	Asia	2016	69.709	1343944296.0	6940.62588857522
India	Asia	2017	70.068	1359657400.0	7326.60693679859
India	Asia	2018	70.415	1374659064.0	7714.33974724531
India	Asia	2019	70.746	1389030312.0	7930.0911303899
India	Asia	2020	70.156	1402617695.0	7399.53068079041
India	Asia	2021	67.282	1414203896.0	8050.01857452664
India	Asia	2022	71.698	1425423212.0	8594.39190499879
Indonesia	Asia	1952	37.468	82052000.0	749.6816546
Indonesia	Asia	1957	39.918	90124000.0	858.9002707
Indonesia	Asia	1962	42.518	99028000.0	849.2897701
Indonesia	Asia	1967	45.964	109343000.0	762.4317721
Indonesia	Asia	1972	49.203	121282000.0	1111.107907
Indonesia	Asia	1977	52.702	136725000.0	1382.702056
Indonesia	Asia	1982	56.159	153343000.0	1516.872988
Indonesia	Asia	1987	60.137	169276000.0	1748.356961
Indonesia	Asia	1990	63.249	183501098.0	4873.05380133263
Indonesia	Asia	1991	63.703	186778238.0	5118.46789591815
Indonesia	Asia	1992	62.681	184816000.0	2383.140898
Indonesia	Asia	1992	64.182	190043744.0	5357.3758979759
Indonesia	Asia	1993	64.851	193305168.0	5609.15178814269
Indonesia	Asia	1994	65.041	196591828.0	5931.23473426762
Indonesia	Asia	1995	65.263	199888057.0	6312.93453561158
Indonesia	Asia	1996	65.465	203204348.0	6695.40975787395
Indonesia	Asia	1997	66.041	199278000.0	3119.335603
Indonesia	Asia	1997	65.774	206536095.0	6897.00236563331
Indonesia	Asia	1998	65.942	209826788.0	5897.68530859207
Indonesia	Asia	1999	66.001	213004668.0	5855.65800744994
Indonesia	Asia	2000	66.292	216077790.0	6056.38197842165
Indonesia	Asia	2001	66.583	219097902.0	6190.51954040991
Indonesia	Asia	2002	68.588	211060000.0	2873.91287
Indonesia	Asia	2002	66.954	222088495.0	6381.94955179996
Indonesia	Asia	2003	67.134	225048008.0	6599.09193597034
Indonesia	Asia	2004	65.521	227926649.0	6843.54654972364
Indonesia	Asia	2005	67.531	230871650.0	7140.8545640704
Indonesia	Asia	2006	67.664	233951652.0	7434.48785352221
Indonesia	Asia	2007	70.65	223547000.0	3540.651564
Indonesia	Asia	2007	67.914	237062337.0	7802.46406905954
Indonesia	Asia	2008	68.085	240157903.0	8165.06155116624
Indonesia	Asia	2009	68.267	243220028.0	8435.4557468629
Indonesia	Asia	2010	68.364	246305322.0	8848.22473702066
Indonesia	Asia	2011	68.629	249470032.0	9274.96955181702
Indonesia	Asia	2012	68.862	252698525.0	9708.61182531081
Indonesia	Asia	2013	69.064	255852467.0	10121.8141535043
Indonesia	Asia	2014	69.292	258877399.0	10504.3869411088
Indonesia	Asia	2015	69.52	261799249.0	10893.6621142169
Indonesia	Asia	2016	69.733	264627418.0	11319.6634287738
Indonesia	Asia	2017	69.953	267346658.0	11772.5743296107
Indonesia	Asia	2018	70.08	269951846.0	12262.2310300771
Indonesia	Asia	2019	70.349	272489381.0	12757.7850854842
Indonesia	Asia	2020	68.817	274814866.0	12388.5449268131
Indonesia	Asia	2021	67.452	276758053.0	12757.0746440204
Indonesia	Asia	2022	70.925	278830529.0	13334.2653947637
Iran	Asia	1952	44.869	17272000.0	3035.326002
Iran	Asia	1957	47.181	19792000.0	3290.257643
Iran	Asia	1962	49.325	22874000.0	4187.329802
Iran	Asia	1967	52.469	26538000.0	5906.731805
Iran	Asia	1972	55.234	30614000.0	9613.818607
Iran	Asia	1977	57.702	35480679.0	11888.59508
Iran	Asia	1982	59.62	43072751.0	7608.334602
Iran	Asia	1987	63.04	51889696.0	6642.881371
Iran	Asia	1990	64.066	58380092.0	9656.00116894359
Iran	Asia	1991	66.233	59986931.0	10592.3319257222
Iran	Asia	1992	65.742	60397973.0	7235.653188
Iran	Asia	1992	66.653	61184983.0	10727.4183671547
Iran	Asia	1993	67.037	61403543.0	10531.9952777275
Iran	Asia	1994	67.49	61520598.0	10333.4330005595
Iran	Asia	1995	67.904	62205567.0	10465.0259592685
Iran	Asia	1996	68.328	62881300.0	11010.0094976248
Iran	Asia	1997	68.042	63327987.0	8263.590301
Iran	Asia	1997	68.649	63639638.0	11025.7202371524
Iran	Asia	1998	69.214	64519859.0	11101.507869196
Iran	Asia	1999	69.686	65445391.0	11163.6950736445
Iran	Asia	2000	70.166	66418659.0	11643.1218077696
Iran	Asia	2001	70.619	67452005.0	11739.0090911282
Iran	Asia	2002	69.451	66907826.0	9240.761975
Iran	Asia	2002	71.112	68011317.0	12583.044990424
Iran	Asia	2003	70.464	68769340.0	13519.4501926929
Iran	Asia	2004	72.04	70256316.0	13807.1953114023
Iran	Asia	2005	72.446	71828455.0	13935.7743087596
Iran	Asia	2006	72.895	73392747.0	14320.6568534545
Iran	Asia	2007	70.964	69453570.0	11605.71449
Iran	Asia	2007	73.299	74602648.0	15237.4237850549
Iran	Asia	2008	73.683	75514204.0	15091.2506521463
Iran	Asia	2009	74.041	76457825.0	15055.1494647199
Iran	Asia	2010	74.39	77420842.0	15729.9131707266
Iran	Asia	2011	74.721	78383598.0	15947.766097961
Iran	Asia	2012	75.039	79370580.0	15159.2948206531
Iran	Asia	2013	75.349	80414686.0	14734.740588719
Iran	Asia	2014	75.635	81502045.0	15262.8515760903
Iran	Asia	2015	75.907	82619362.0	14841.9048340737
Iran	Asia	2016	76.155	83812228.0	15920.3718021202
Iran	Asia	2017	76.396	85026754.0	16167.9677224227
Iran	Asia	2018	76.621	86117998.0	15364.8049052614
Iran	Asia	2019	76.855	87051648.0	14841.0751514998
Iran	Asia	2020	74.141	87723443.0	15381.5845437266
Iran	Asia	2021	73.752	88455488.0	15884.4276775963
Iran	Asia	2022	76.799	89524246.0	16377.9610645368
Iraq	Asia	1952	45.32	5441766.0	4129.766056
Iraq	Asia	1957	48.437	6248643.0	6229.333562
Iraq	Asia	1962	51.457	7240260.0	8341.737815
Iraq	Asia	1967	54.459	8519282.0	8931.459811
Iraq	Asia	1972	56.95	10061506.0	9576.037596
Iraq	Asia	1977	60.413	11882916.0	14688.23507
Iraq	Asia	1982	62.038	14173318.0	14517.90711
Iraq	Asia	1987	65.044	16543189.0	11643.57268
Iraq	Asia	1990	57.587	17581206.0	10735.0941102925
Iraq	Asia	1991	61.338	17767253.0	3819.16194827144
Iraq	Asia	1992	59.461	17861905.0	3745.640687
Iraq	Asia	1992	65.344	18300845.0	4916.26440292878
Iraq	Asia	1993	65.31	19201195.0	6105.04166284592
Iraq	Asia	1994	65.027	20139807.0	6044.8710481053
Iraq	Asia	1995	64.761	20825860.0	5969.66964095891
Iraq	Asia	1996	64.618	21501321.0	6419.36981876289
Iraq	Asia	1997	58.811	20775703.0	3076.239795
Iraq	Asia	1997	64.241	22176593.0	7545.72976101105
Iraq	Asia	1998	64.405	22884399.0	9871.73398030533
Iraq	Asia	1999	64.532	23636527.0	11237.8537439894
Iraq	Asia	2000	64.86	24424056.0	12702.1641950921
Iraq	Asia	2001	65.292	25197840.0	12529.6084051005
Iraq	Asia	2002	57.046	24001816.0	4390.717312
Iraq	Asia	2002	65.724	26006559.0	11144.0505255928
Iraq	Asia	2003	64.834	26802659.0	6849.33200800508
Iraq	Asia	2004	64.634	27577878.0	10210.5631004959
Iraq	Asia	2005	64.899	28407448.0	10078.4437646837
Iraq	Asia	2006	64.029	28616515.0	10568.9137652977
Iraq	Asia	2007	59.545	27499638.0	4471.061906
Iraq	Asia	2007	64.428	28391607.0	10853.8161022311
Iraq	Asia	2008	66.465	28971036.0	11511.9387643664
Iraq	Asia	2009	67.834	30058206.0	11470.5178061755
Iraq	Asia	2010	68.092	31045366.0	11816.841015026
Iraq	Asia	2011	68.435	32161424.0	12267.5848940673
Iraq	Asia	2012	68.827	33654842.0	13357.0143882353
Iraq	Asia	2013	69.047	35281989.0	13712.9317142992
Iraq	Asia	2014	69.679	36550059.0	13536.8227681431
Iraq	Asia	2015	69.977	37560535.0	13516.0271989204
Iraq	Asia	2016	68.683	38469627.0	15016.0920644592
Iraq	Asia	2017	69.788	39337353.0	14417.6306896487
Iraq	Asia	2018	71.116	40265624.0	14456.2357053224
Iraq	Asia	2019	71.245	41192171.0	14910.2250318887
Iraq	Asia	2020	69.651	42116605.0	12827.6345392323
Iraq	Asia	2021	70.704	43071211.0	12731.7535755129
Iraq	Asia	2022	72.037	44070551.0	13433.3977166987
Ireland	Europe	1952	66.91	2952156.0	5210.280328
Ireland	Europe	1957	68.9	2878220.0	5599.077872
Ireland	Europe	1962	70.29	2830000.0	6631.597314
Ireland	Europe	1967	71.08	2900100.0	7655.568963
Ireland	Europe	1972	71.28	3024400.0	9530.772896
Ireland	Europe	1977	72.03	3271900.0	11150.98113
Ireland	Europe	1982	73.1	3480000.0	12618.32141
Ireland	Europe	1987	74.36	3539900.0	13872.86652
Ireland	Europe	1990	74.8460731707317	3513974.0	29555.6320622281
Ireland	Europe	1991	75.025	3534235.0	29953.2439013902
Ireland	Europe	1992	75.467	3557761.0	17558.81555
Ireland	Europe	1992	75.4150975609756	3558430.0	30744.1914629607
Ireland	Europe	1993	75.2921951219512	3576261.0	31414.5961920787
Ireland	Europe	1994	75.7866341463415	3590386.0	33092.0640438826
Ireland	Europe	1995	75.4693170731707	3608841.0	36094.7616757114
Ireland	Europe	1996	75.8317073170732	3637510.0	38452.9454979361
Ireland	Europe	1997	76.122	3667233.0	24521.94713
Ireland	Europe	1997	75.9853658536585	3674171.0	42265.1652200505
Ireland	Europe	1998	76.1804878048781	3712696.0	45493.1692570651
Ireland	Europe	1999	76.0829268292683	3754786.0	49719.8847973285
Ireland	Europe	2000	76.5365853658537	3805174.0	53675.0054596933
Ireland	Europe	2001	77.1341463414634	3866243.0	55630.1013273441
Ireland	Europe	2002	77.783	3879155.0	34077.04939
Ireland	Europe	2002	77.6341463414634	3931947.0	57927.488372311
Ireland	Europe	2003	78.1390243902439	3996521.0	58709.1544464475
Ireland	Europe	2004	78.5390243902439	4070262.0	61558.5783140852
Ireland	Europe	2005	78.9439024390244	4159914.0	63689.0843530779
Ireland	Europe	2006	79.2414634146342	4273591.0	65087.1804631559
Ireland	Europe	2007	78.885	4109086.0	40675.99635
Ireland	Europe	2007	79.6414634146341	4398942.0	66590.1938973457
Ireland	Europe	2008	80.0951219512195	4489544.0	62320.66630649
Ireland	Europe	2009	80.190243902439	4535375.0	58547.2673956109
Ireland	Europe	2010	80.7439024390244	4560155.0	59209.0996763251
Ireland	Europe	2011	80.7463414634146	4580084.0	59899.917652844
Ireland	Europe	2012	80.8463414634146	4599533.0	59405.0460751524
Ireland	Europe	2013	80.9487804878049	4623816.0	60388.9413147986
Ireland	Europe	2014	81.3487804878049	4657740.0	65575.8061665793
Ireland	Europe	2015	81.4536585365854	4701957.0	80954.6619818255
Ireland	Europe	2016	81.6536585365854	4762722.0	80899.0223207227
Ireland	Europe	2017	82.1560975609756	4827445.0	87882.7074355024
Ireland	Europe	2018	82.2048780487805	4898022.0	93276.0188154012
Ireland	Europe	2019	82.7024390243903	4976456.0	96371.2910180182
Ireland	Europe	2020	82.4560975609756	5039747.0	101968.554362011
Ireland	Europe	2021	82.2536585365854	5110585.0	116903.61243517
Ireland	Europe	2022	82.509756097561	5212836.0	123219.076059494
Israel	Asia	1952	65.39	1620914.0	4086.522128
Israel	Asia	1957	67.84	1944401.0	5385.278451
Israel	Asia	1962	69.39	2310904.0	7105.630706
Israel	Asia	1967	70.75	2693585.0	8393.741404
Israel	Asia	1972	71.63	3095893.0	12786.93223
Israel	Asia	1977	73.06	3495918.0	13306.61921
Israel	Asia	1982	74.45	3858421.0	15367.0292
Israel	Asia	1987	75.6	4203148.0	17122.47986
Israel	Asia	1990	76.6073170731707	4660000.0	25335.2722247493
Israel	Asia	1991	76.7585365853659	4949000.0	25698.9296957607
Israel	Asia	1992	76.93	4936550.0	18051.52254
Israel	Asia	1992	76.5048780487805	5123000.0	26752.4006346892
Israel	Asia	1993	77.1536585365854	5261000.0	27123.1073850066
Israel	Asia	1994	77.4024390243903	5399000.0	28393.0000212879
Israel	Asia	1995	77.4512195121951	5545000.0	29470.81726085
Israel	Asia	1996	78.1048780487805	5692000.0	30386.1981561933
Israel	Asia	1997	78.269	5531387.0	20896.60924
Israel	Asia	1997	78.0	5836000.0	30707.0065373148
Israel	Asia	1998	78.1487804878049	5971000.0	31246.8564724838
Israel	Asia	1999	78.6585365853659	6125000.0	31465.6129203265
Israel	Asia	2000	78.9536585365854	6289000.0	33275.0631655978
Israel	Asia	2001	79.4073170731707	6439000.0	32590.2286180761
Israel	Asia	2002	79.696	6029529.0	21905.59514
Israel	Asia	2002	79.4512195121951	6570000.0	31897.5848832705
Israel	Asia	2003	79.6487804878049	6689700.0	31780.7796080985
Israel	Asia	2004	80.1463414634146	6809000.0	32675.2080644863
Israel	Asia	2005	80.1512195121951	6930100.0	33512.8909185546
Israel	Asia	2006	80.5536585365854	7053700.0	34770.0262786336
Israel	Asia	2007	80.745	6426679.0	25523.2771
Israel	Asia	2007	80.5048780487805	7180100.0	36317.8525090071
Israel	Asia	2008	80.9512195121951	7308800.0	36827.9249156064
Israel	Asia	2009	81.4048780487805	7485600.0	36403.1626371602
Israel	Asia	2010	81.6024390243903	7623600.0	37722.4099869836
Israel	Asia	2011	81.6560975609756	7765800.0	39075.375376272
Israel	Asia	2012	81.7048780487805	7910500.0	39299.3515506546
Israel	Asia	2013	82.0560975609756	8059500.0	40148.7774492867
Israel	Asia	2014	82.1536585365854	8215700.0	40872.5808449627
Israel	Asia	2015	82.0512195121951	8380100.0	40967.3707596637
Israel	Asia	2016	82.4073170731707	8546000.0	41963.675796165
Israel	Asia	2017	82.5512195121951	8713300.0	42947.0586686984
Israel	Asia	2018	82.8024390243903	8882800.0	43814.2949977965
Israel	Asia	2019	82.8048780487805	9054000.0	44580.8078825716
Israel	Asia	2020	82.6487804878049	9215100.0	42915.9416939728
Israel	Asia	2021	82.5	9371400.0	46162.0822730247
Israel	Asia	2022	82.7	9557500.0	48098.187235579
Italy	Europe	1952	65.94	47666000.0	4931.404155
Italy	Europe	1957	67.81	49182000.0	6248.656232
Italy	Europe	1962	69.24	50843200.0	8243.58234
Italy	Europe	1967	71.06	52667100.0	10022.40131
Italy	Europe	1972	72.19	54365564.0	12269.27378
Italy	Europe	1977	73.48	56059245.0	14255.98475
Italy	Europe	1982	74.98	56535636.0	16537.4835
Italy	Europe	1987	76.42	56729703.0	19207.23482
Italy	Europe	1990	76.9707317073171	56719240.0	42656.7445101659
Italy	Europe	1991	77.0195121951219	56758521.0	43283.0204441901
Italy	Europe	1992	77.44	56840847.0	22013.64486
Italy	Europe	1992	77.419512195122	56797087.0	43614.4850883758
Italy	Europe	1993	77.7219512195122	56831821.0	43216.1096444751
Italy	Europe	1994	77.9219512195122	56843400.0	44136.7059141923
Italy	Europe	1995	78.1707317073171	56844303.0	45410.1391731091
Italy	Europe	1996	78.5219512195122	56860281.0	46008.2389303796
Italy	Europe	1997	78.82	57479469.0	24675.02446
Italy	Europe	1997	78.8243902439024	56890372.0	46869.4256086419
Italy	Europe	1998	78.9756097560976	56906744.0	47701.3974191265
Italy	Europe	1999	79.4243902439024	56916317.0	48493.6651210308
Italy	Europe	2000	79.7780487804878	56942108.0	50353.4200415436
Italy	Europe	2001	80.1268292682927	56976981.0	51332.2904432567
Italy	Europe	2002	80.24	57926999.0	27968.09817
Italy	Europe	2002	80.2292682926829	57089824.0	51369.1149098293
Italy	Europe	2003	79.9829268292683	57399184.0	51126.2585544038
Italy	Europe	2004	80.7804878048781	57828179.0	51495.0028841364
Italy	Europe	2005	80.7829268292683	58166682.0	51585.6445807938
Italy	Europe	2006	81.2829268292683	58399861.0	52304.2402949819
Italy	Europe	2007	80.546	58147733.0	28569.7197
Italy	Europe	2007	81.4341463414634	58756247.0	52747.1905476807
Italy	Europe	2008	81.4853658536585	59211181.0	51806.3906176391
Italy	Europe	2009	81.6365853658537	59555454.0	48774.3916833748
Italy	Europe	2010	82.0365853658537	59819407.0	49301.6959141674
Italy	Europe	2011	82.1878048780488	60026841.0	49473.0149235634
Italy	Europe	2012	82.2390243902439	60191247.0	47795.9579360541
Italy	Europe	2013	82.690243902439	60311613.0	46833.3615309303
Italy	Europe	2014	83.090243902439	60320707.0	46825.6511245062
Italy	Europe	2015	82.5439024390244	60229605.0	47311.8255262709
Italy	Europe	2016	83.2439024390244	60115223.0	47987.8379581014
Italy	Europe	2017	82.9463414634147	60002252.0	48849.2183534756
Italy	Europe	2018	83.3463414634146	60148658.0	49133.143527174
Italy	Europe	2019	83.4975609756098	59729081.0	49690.6298505274
Italy	Europe	2020	82.1951219512195	59438851.0	45505.0688708956
Italy	Europe	2021	82.6463414634146	59133173.0	49825.3934111848
Italy	Europe	2022	82.7	59013667.0	52333.3274270604
Jamaica	Americas	1952	58.53	1426095.0	2898.530881
Jamaica	Americas	1957	62.61	1535090.0	4756.525781
Jamaica	Americas	1962	65.61	1665128.0	5246.107524
Jamaica	Americas	1967	67.51	1861096.0	6124.703451
Jamaica	Americas	1972	69.0	1997616.0	7433.889293
Jamaica	Americas	1977	70.11	2156814.0	6650.195573
Jamaica	Americas	1982	71.21	2298309.0	6068.05135
Jamaica	Americas	1987	71.77	2326606.0	6351.237495
Jamaica	Americas	1990	71.705	2379877.0	8879.65295231625
Jamaica	Americas	1991	71.787	2400869.0	9227.87613770652
Jamaica	Americas	1992	71.766	2378618.0	7404.923685
Jamaica	Americas	1992	71.816	2424701.0	9315.8581885588
Jamaica	Americas	1993	71.758	2449916.0	10088.232357755
Jamaica	Americas	1994	71.624	2475220.0	10123.2339381488
Jamaica	Americas	1995	71.488	2500151.0	10257.8065381959
Jamaica	Americas	1996	71.328	2524463.0	10147.4641121652
Jamaica	Americas	1997	72.262	2531311.0	7121.924704
Jamaica	Americas	1997	71.216	2547848.0	9939.66172862006
Jamaica	Americas	1998	71.17	2569736.0	9624.92935948127
Jamaica	Americas	1999	71.189	2589795.0	9650.43726482499
Jamaica	Americas	2000	71.281	2607826.0	9667.92474492316
Jamaica	Americas	2001	71.287	2624403.0	9736.06291757526
Jamaica	Americas	2002	72.047	2664659.0	6994.774861
Jamaica	Americas	2002	71.478	2640572.0	9869.71291927176
Jamaica	Americas	2003	71.585	2656623.0	10169.7500243245
Jamaica	Americas	2004	71.542	2672225.0	10244.2066702878
Jamaica	Americas	2005	71.493	2687066.0	10278.6834382546
Jamaica	Americas	2006	71.395	2700968.0	10522.2367459591
Jamaica	Americas	2007	72.567	2780132.0	7320.880262
Jamaica	Americas	2007	71.405	2713800.0	10622.4442829007
Jamaica	Americas	2008	71.502	2725635.0	10490.4686134498
Jamaica	Americas	2009	71.717	2736995.0	9992.97699539021
Jamaica	Americas	2010	71.979	2748568.0	9805.90172806302
Jamaica	Americas	2011	72.245	2760494.0	9932.48380946963
Jamaica	Americas	2012	72.405	2772430.0	9829.03510015044
Jamaica	Americas	2013	72.435	2783687.0	9839.96506606095
Jamaica	Americas	2014	72.357	2793749.0	9872.15913752129
Jamaica	Americas	2015	72.214	2802534.0	9931.89875715182
Jamaica	Americas	2016	72.052	2809915.0	10179.2536486158
Jamaica	Americas	2017	71.879	2815764.0	10391.0378224678
Jamaica	Americas	2018	71.606	2820097.0	10636.0929784551
Jamaica	Americas	2019	71.532	2823271.0	10816.3720391154
Jamaica	Americas	2020	71.452	2830739.0	9891.96932961548
Jamaica	Americas	2021	69.085	2837682.0	10430.6909771759
Jamaica	Americas	2022	71.481	2839144.0	11096.6377085321
Japan	Asia	1952	63.03	86459025.0	3216.956347
Japan	Asia	1957	65.5	91563009.0	4317.694365
Japan	Asia	1962	68.73	95831757.0	6576.649461
Japan	Asia	1967	71.43	100825279.0	9847.788607
Japan	Asia	1972	73.42	107188273.0	14778.78636
Japan	Asia	1977	75.38	113872473.0	16610.37701
Japan	Asia	1982	77.11	118454974.0	19384.10571
Japan	Asia	1987	78.67	122091325.0	22375.94189
Japan	Asia	1990	78.8370731707317	123478000.0	35272.4189828727
Japan	Asia	1991	79.0368292682927	123964000.0	36372.0347517186
Japan	Asia	1992	79.36	124329269.0	26824.89511
Japan	Asia	1992	79.080243902439	124425000.0	36563.6226393696
Japan	Asia	1993	79.3036585365854	124829000.0	36277.9231838837
Japan	Asia	1994	79.6968292682927	125178000.0	36568.7123907341
Japan	Asia	1995	79.5360975609756	125472000.0	37442.8946125519
Japan	Asia	1996	80.219756097561	125757000.0	38528.791438519
Japan	Asia	1997	80.69	125956499.0	28816.58499
Japan	Asia	1997	80.4241463414634	126057000.0	38814.2535478124
Japan	Asia	1998	80.5014634146342	126400000.0	38217.1955920953
Japan	Asia	1999	80.4609756097561	126631000.0	38020.0940020688
Japan	Asia	2000	81.0760975609756	126843000.0	39005.9136305044
Japan	Asia	2001	81.4163414634146	127149000.0	39062.2817355235
Japan	Asia	2002	82.0	127065841.0	28604.5919
Japan	Asia	2002	81.6907317073171	127445000.0	38987.9102707538
Japan	Asia	2003	81.76	127718000.0	39501.806782419
Japan	Asia	2004	82.030243902439	127761000.0	40351.776374395
Japan	Asia	2005	81.9551219512195	127773000.0	41075.8243580849
Japan	Asia	2006	82.3219512195122	127854000.0	41613.1483821427
Japan	Asia	2007	82.603	127467972.0	31656.06806
Japan	Asia	2007	82.5070731707317	128001000.0	42182.1758636624
Japan	Asia	2008	82.5875609756098	128063000.0	41645.5722078975
Japan	Asia	2009	82.9314634146342	128047000.0	39279.498871012
Japan	Asia	2010	82.8426829268293	128070000.0	40881.7972423185
Japan	Asia	2011	82.5912195121951	127833000.0	40967.3431400832
Japan	Asia	2012	83.0960975609756	127629000.0	41596.9238038796
Japan	Asia	2013	83.3319512195122	127445000.0	42492.2439560498
Japan	Asia	2014	83.5878048780488	127276000.0	42674.6976301321
Japan	Asia	2015	83.7939024390244	127141000.0	43386.7100739513
Japan	Asia	2016	83.9848780487805	127076000.0	43736.1305076612
Japan	Asia	2017	84.099756097561	126972000.0	44505.2792603684
Japan	Asia	2018	84.2109756097561	126811000.0	44848.4899421798
Japan	Asia	2019	84.3563414634146	126633000.0	44730.9102844958
Japan	Asia	2020	84.56	126261000.0	42992.4796365328
Japan	Asia	2021	84.4456097560976	125681593.0	44355.3487163354
Japan	Asia	2022	83.9963414634146	125124989.0	44972.3438362201
Jordan	Asia	1952	43.158	607914.0	1546.907807
Jordan	Asia	1957	45.669	746559.0	1886.080591
Jordan	Asia	1962	48.126	933559.0	2348.009158
Jordan	Asia	1967	51.629	1255058.0	2741.796252
Jordan	Asia	1972	56.528	1613551.0	2110.856309
Jordan	Asia	1977	61.134	1937652.0	2852.351568
Jordan	Asia	1982	63.739	2347031.0	4161.415959
Jordan	Asia	1987	65.869	2820042.0	4448.679912
Jordan	Asia	1990	70.094	3621908.0	7589.82007850421
Jordan	Asia	1991	70.24	3915149.0	7134.29024084856
Jordan	Asia	1992	68.015	3867409.0	3431.593647
Jordan	Asia	1992	70.4	4127693.0	7737.96922068777
Jordan	Asia	1993	70.568	4348020.0	7675.47163756117
Jordan	Asia	1994	70.738	4561406.0	7680.14079173861
Jordan	Asia	1995	70.915	4752096.0	7829.08121456011
Jordan	Asia	1996	71.105	4912516.0	7731.47855807269
Jordan	Asia	1997	69.772	4526235.0	3645.379572
Jordan	Asia	1997	71.324	5046285.0	7775.5427123949
Jordan	Asia	1998	71.521	5164284.0	7826.74015705934
Jordan	Asia	1999	71.737	5276444.0	7920.01974595781
Jordan	Asia	2000	71.926	5386945.0	8086.92202690853
Jordan	Asia	2001	72.141	5498894.0	8339.78581448441
Jordan	Asia	2002	71.263	5307470.0	3844.917194
Jordan	Asia	2002	72.359	5616066.0	8638.08033080173
Jordan	Asia	2003	72.585	5741828.0	8800.49674649158
Jordan	Asia	2004	72.788	5882061.0	9326.66839127919
Jordan	Asia	2005	72.977	6029587.0	9839.68834968723
Jordan	Asia	2006	73.225	6427371.0	9977.75903329275
Jordan	Asia	2007	72.535	6053193.0	4519.461171
Jordan	Asia	2007	73.407	6827227.0	10161.4021194103
Jordan	Asia	2008	73.563	6989866.0	10641.5894255558
Jordan	Asia	2009	73.707	7141753.0	10938.5027244703
Jordan	Asia	2010	73.797	7297043.0	10953.537631697
Jordan	Asia	2011	73.929	7480424.0	10977.4820450868
Jordan	Asia	2012	74.087	7587127.0	11086.0299443995
Jordan	Asia	2013	74.282	7991809.0	10799.3538143329
Jordan	Asia	2014	74.606	8791710.0	10148.99809876
Jordan	Asia	2015	75.06	9544729.0	9581.68922567813
Jordan	Asia	2016	75.55	10006367.0	9321.9045113153
Jordan	Asia	2017	76.071	10234226.0	9339.81039725983
Jordan	Asia	2018	76.491	10462306.0	9311.53116265584
Jordan	Asia	2019	76.865	10671891.0	9288.52709103516
Jordan	Asia	2020	75.583	10865228.0	9022.63930356769
Jordan	Asia	2021	74.204	11066356.0	9182.496161256
Jordan	Asia	2022	77.088	11256263.0	9266.57538251337
Kenya	Africa	1952	42.27	6464046.0	853.540919
Kenya	Africa	1957	44.686	7454779.0	944.4383152
Kenya	Africa	1962	47.949	8678557.0	896.9663732
Kenya	Africa	1967	50.654	10191512.0	1056.736457
Kenya	Africa	1972	53.559	12044785.0	1222.359968
Kenya	Africa	1977	56.155	14500404.0	1267.613204
Kenya	Africa	1982	58.766	17661452.0	1348.225791
Kenya	Africa	1987	59.339	21198082.0	1361.936856
Kenya	Africa	1990	58.334	22892651.0	4177.48603310346
Kenya	Africa	1991	57.826	23646514.0	4102.47677512965
Kenya	Africa	1992	59.285	25020539.0	1341.921721
Kenya	Africa	1992	57.095	24382460.0	3946.84093437851
Kenya	Africa	1993	56.668	25117188.0	3844.92029783599
Kenya	Africa	1994	56.101	25857130.0	3833.22357838589
Kenya	Africa	1995	55.856	26601751.0	3890.0985511465
Kenya	Africa	1996	55.575	27344211.0	3941.40919481353
Kenya	Africa	1997	54.407	28263827.0	1360.485021
Kenya	Africa	1997	55.478	28101768.0	3853.37139280354
Kenya	Africa	1998	55.568	28888057.0	3871.82176322447
Kenya	Africa	1999	55.866	29733408.0	3848.46470612727
Kenya	Africa	2000	56.084	30642890.0	3756.63622296879
Kenya	Africa	2001	56.501	31619170.0	3778.25854755615
Kenya	Africa	2002	50.992	31386842.0	1287.514732
Kenya	Africa	2002	56.759	32629808.0	3681.2569427491
Kenya	Africa	2003	57.369	33652223.0	3674.08592758409
Kenya	Africa	2004	57.947	34713455.0	3743.56785736929
Kenya	Africa	2005	58.51	35796484.0	3844.73557120578
Kenya	Africa	2006	59.059	36904008.0	3970.73349887685
Kenya	Africa	2007	54.11	35610177.0	1463.249282
Kenya	Africa	2007	59.407	38036349.0	4116.45094720856
Kenya	Africa	2008	59.955	39206351.0	4002.88364073792
Kenya	Africa	2009	60.483	40408891.0	4012.19428382397
Kenya	Africa	2010	60.915	41598567.0	4211.52462957784
Kenya	Africa	2011	61.283	42758461.0	4307.10611556858
Kenya	Africa	2012	61.537	43888303.0	4387.93790075409
Kenya	Africa	2013	61.729	44986791.0	4443.371215682
Kenya	Africa	2014	61.99	46051440.0	4558.55155266374
Kenya	Africa	2015	62.279	47088526.0	4679.62182831938
Kenya	Africa	2016	62.526	48139687.0	4770.31046388086
Kenya	Africa	2017	62.725	49197766.0	4846.86210851932
Kenya	Africa	2018	62.825	50207107.0	5017.66784674664
Kenya	Africa	2019	62.939	51202827.0	5171.71264279257
Kenya	Africa	2020	61.596	52217334.0	5057.40115537429
Kenya	Africa	2021	61.225	53219166.0	5338.85243382781
Kenya	Africa	2022	63.549	54252461.0	5491.69378280246
Korea, Dem. Rep.	Asia	1952	50.056	8865488.0	1088.277758
Korea, Dem. Rep.	Asia	1957	54.081	9411381.0	1571.134655
Korea, Dem. Rep.	Asia	1962	56.656	10917494.0	1621.693598
Korea, Dem. Rep.	Asia	1967	59.942	12617009.0	2143.540609
Korea, Dem. Rep.	Asia	1972	63.983	14781241.0	3701.621503
Korea, Dem. Rep.	Asia	1977	67.159	16325320.0	4106.301249
Korea, Dem. Rep.	Asia	1982	69.1	17647518.0	4106.525293
Korea, Dem. Rep.	Asia	1987	70.647	19067554.0	4106.492315
Korea, Dem. Rep.	Asia	1992	69.978	20711375.0	3726.063507
Korea, Dem. Rep.	Asia	1997	67.727	21585105.0	1690.756814
Korea, Dem. Rep.	Asia	2002	66.662	22215365.0	1646.758151
Korea, Dem. Rep.	Asia	2007	67.297	23301725.0	1593.06548
Korea, Rep.	Asia	1952	47.453	20947571.0	1030.592226
Korea, Rep.	Asia	1957	52.681	22611552.0	1487.593537
Korea, Rep.	Asia	1962	55.292	26420307.0	1536.344387
Korea, Rep.	Asia	1967	57.716	30131000.0	2029.228142
Korea, Rep.	Asia	1972	62.612	33505000.0	3030.87665
Korea, Rep.	Asia	1977	64.766	36436000.0	4657.22102
Korea, Rep.	Asia	1982	67.123	39326000.0	5622.942464
Korea, Rep.	Asia	1987	69.81	41622000.0	8533.088805
Korea, Rep.	Asia	1990	71.5975609756098	42869283.0	14377.8839203268
Korea, Rep.	Asia	1991	72.0463414634146	43295704.0	15784.4668669974
Korea, Rep.	Asia	1992	72.244	43805450.0	12104.27872
Korea, Rep.	Asia	1992	72.4975609756098	43747962.0	16613.4907015983
Korea, Rep.	Asia	1993	72.9975609756098	44194628.0	17595.9036148432
Korea, Rep.	Asia	1994	73.3975609756098	44641540.0	19052.2990926264
Korea, Rep.	Asia	1995	73.7	45092991.0	20697.8969808345
Korea, Rep.	Asia	1996	74.1512195121951	45524681.0	22139.7963785414
Korea, Rep.	Asia	1997	74.647	46173816.0	15993.52796
Korea, Rep.	Asia	1997	74.6024390243903	45953580.0	23311.0420901741
Korea, Rep.	Asia	1998	75.0048780487805	46286503.0	22000.3387603516
Korea, Rep.	Asia	1999	75.409756097561	46616677.0	24382.2508517369
Korea, Rep.	Asia	2000	75.909756097561	47008111.0	26404.1588575745
Korea, Rep.	Asia	2001	76.4121951219512	47370164.0	27440.6564915847
Korea, Rep.	Asia	2002	77.045	47969150.0	19233.98818
Korea, Rep.	Asia	2002	76.7658536585366	47644736.0	29395.2766036796
Korea, Rep.	Asia	2003	77.2146341463415	47892330.0	30142.4605585814
Korea, Rep.	Asia	2004	77.6658536585366	48082519.0	31579.5283048867
Korea, Rep.	Asia	2005	78.1682926829268	48184561.0	32886.0472450743
Korea, Rep.	Asia	2006	78.6682926829268	48438292.0	34429.6222013137
Korea, Rep.	Asia	2007	78.623	49044790.0	23348.13973
Korea, Rep.	Asia	2007	79.119512195122	48683638.0	36257.3401689702
Korea, Rep.	Asia	2008	79.5170731707317	49054708.0	37064.1518484106
Korea, Rep.	Asia	2009	79.9682926829268	49307835.0	37176.1939270969
Korea, Rep.	Asia	2010	80.1170731707317	49554112.0	39574.0500732947
Korea, Rep.	Asia	2011	80.5682926829269	49936638.0	40719.2273771671
Korea, Rep.	Asia	2012	80.819512195122	50199853.0	41537.6728611117
Korea, Rep.	Asia	2013	81.2707317073171	50428893.0	42709.9751857887
Korea, Rep.	Asia	2014	81.7219512195122	50746659.0	43806.9250985661
Korea, Rep.	Asia	2015	82.0243902439024	51014947.0	44849.106767089
Korea, Rep.	Asia	2016	82.2756097560976	51217803.0	46088.2430785383
Korea, Rep.	Asia	2017	82.6268292682927	51361911.0	47536.7898568851
Korea, Rep.	Asia	2018	82.6268292682927	51585058.0	48834.4471157733
Korea, Rep.	Asia	2019	83.2268292682927	51764822.0	49790.8679884821
Korea, Rep.	Asia	2020	83.4268292682927	51836239.0	49374.0926148025
Korea, Rep.	Asia	2021	83.5268292682927	51769539.0	51718.2518656631
Korea, Rep.	Asia	2022	82.6804878048781	51672569.0	53228.6035655365
Kuwait	Asia	1952	55.565	160000.0	108382.3529
Kuwait	Asia	1957	58.033	212846.0	113523.1329
Kuwait	Asia	1962	60.47	358266.0	95458.11176
Kuwait	Asia	1967	64.624	575003.0	80894.88326
Kuwait	Asia	1972	67.712	841934.0	109347.867
Kuwait	Asia	1977	69.343	1140357.0	59265.47714
Kuwait	Asia	1982	71.309	1497494.0	31354.03573
Kuwait	Asia	1987	74.174	1891487.0	28118.42998
Kuwait	Asia	1990	73.4171463414634	1684819.0	38932.9435275146
Kuwait	Asia	1991	73.907243902439	1351399.0	28633.9695922465
Kuwait	Asia	1992	75.19	1418095.0	34932.91959
Kuwait	Asia	1992	76.0023902439025	1634961.0	43266.9328651676
Kuwait	Asia	1993	76.0514878048781	1672151.0	56684.1863309395
Kuwait	Asia	1994	76.0328292682927	1664361.0	61753.8489990065
Kuwait	Asia	1995	75.979756097561	1681513.0	64093.5178778949
Kuwait	Asia	1996	75.9250487804878	1730246.0	62665.2243536425
Kuwait	Asia	1997	76.156	1765345.0	40300.61996
Kuwait	Asia	1997	75.9071463414634	1787683.0	62151.9518270333
Kuwait	Asia	1998	75.9642926829269	1844302.0	62450.0884424765
Kuwait	Asia	1999	76.0779512195122	1900030.0	59533.9542752452
Kuwait	Asia	2000	76.2258780487805	1954709.0	60585.3026788164
Kuwait	Asia	2001	76.3843414634146	2008121.0	59099.6653133601
Kuwait	Asia	2002	76.904	2111561.0	35110.10566
Kuwait	Asia	2002	76.5316341463415	2059974.0	59348.6172741565
Kuwait	Asia	2003	76.6445609756098	2109881.0	67984.3145062554
Kuwait	Asia	2004	76.7276829268293	2157320.0	73298.0621819477
Kuwait	Asia	2005	76.8007804878049	2236788.0	78193.9012127585
Kuwait	Asia	2006	76.8876829268293	2364733.0	79521.3484338455
Kuwait	Asia	2007	77.588	2505559.0	47306.98978
Kuwait	Asia	2007	77.0101707317073	2507887.0	79474.7611346377
Kuwait	Asia	2008	77.1890487804878	2651421.0	77036.5083833055
Kuwait	Asia	2009	77.4333658536585	2795484.0	67896.2680451995
Kuwait	Asia	2010	77.7262195121951	2943372.0	62956.2152904125
Kuwait	Asia	2011	78.052243902439	3132814.0	64844.5019019408
Kuwait	Asia	2012	78.3950243902439	3337109.0	64908.262639237
Kuwait	Asia	2013	78.7418048780488	3507844.0	62458.8089221249
Kuwait	Asia	2014	79.0803414634146	3665876.0	60065.6544076232
Kuwait	Asia	2015	79.3765609756098	3834574.0	57763.5174574395
Kuwait	Asia	2016	79.6775853658537	4004096.0	56936.620842726
Kuwait	Asia	2017	79.9160731707317	4154812.0	52285.5871175696
Kuwait	Asia	2018	80.1063658536585	4323515.0	51623.8078622052
Kuwait	Asia	2019	81.969756097561	4442316.0	51380.6455354631
Kuwait	Asia	2020	78.7609756097561	4400267.0	49372.8187938552
Kuwait	Asia	2021	78.7365853658537	4360865.0	50651.9575337091
Kuwait	Asia	2022	80.5878048780488	4589643.0	51379.8833194119
Lebanon	Asia	1952	55.928	1439529.0	4834.804067
Lebanon	Asia	1957	59.489	1647412.0	6089.786934
Lebanon	Asia	1962	62.094	1886848.0	5714.560611
Lebanon	Asia	1967	63.87	2186894.0	6006.983042
Lebanon	Asia	1972	65.421	2680018.0	7486.384341
Lebanon	Asia	1977	66.099	3115787.0	8659.696836
Lebanon	Asia	1982	66.983	3086876.0	7640.519521
Lebanon	Asia	1987	67.926	3089353.0	5377.091329
Lebanon	Asia	1990	65.479	3595175.0	5345.51209718413
Lebanon	Asia	1991	70.865	3668912.0	7828.17201077656
Lebanon	Asia	1992	69.292	3219994.0	6890.806854
Lebanon	Asia	1992	71.169	3747371.0	8924.15264553271
Lebanon	Asia	1993	71.559	3820647.0	9695.31549182752
Lebanon	Asia	1994	72.03	3889799.0	10294.812771264
Lebanon	Asia	1995	72.383	3960735.0	10762.4426963776
Lebanon	Asia	1996	72.614	4034781.0	11757.2824887935
Lebanon	Asia	1997	70.265	3430388.0	8754.96385
Lebanon	Asia	1997	72.94	4108405.0	11668.4006854372
Lebanon	Asia	1998	73.201	4181281.0	11885.3072278409
Lebanon	Asia	1999	73.513	4255277.0	11617.2497708538
Lebanon	Asia	2000	73.895	4329340.0	11571.7326041085
Lebanon	Asia	2001	74.354	4401918.0	11817.9305012844
Lebanon	Asia	2002	71.028	3677780.0	9313.93883
Lebanon	Asia	2002	74.836	4463504.0	12053.8341563826
Lebanon	Asia	2003	75.275	4525508.0	12272.3440677497
Lebanon	Asia	2004	75.693	4599279.0	12882.0757995163
Lebanon	Asia	2005	76.074	4671102.0	13024.6648924956
Lebanon	Asia	2006	75.677	4751136.0	13003.680803908
Lebanon	Asia	2007	71.993	3921278.0	10461.05868
Lebanon	Asia	2007	76.732	4844118.0	13941.5614244767
Lebanon	Asia	2008	76.956	4925354.0	14955.1413563252
Lebanon	Asia	2009	77.262	4992287.0	16264.3506182706
Lebanon	Asia	2010	77.529	5041288.0	17390.7584012958
Lebanon	Asia	2011	77.768	5096020.0	17353.1960845294
Lebanon	Asia	2012	77.941	5235742.0	17323.3013764282
Lebanon	Asia	2013	78.037	5743436.0	16396.4969302163
Lebanon	Asia	2014	78.148	6346990.0	15205.873265402
Lebanon	Asia	2015	78.275	6472469.0	14980.020515614
Lebanon	Asia	2016	78.306	6323060.0	15572.3611739774
Lebanon	Asia	2017	78.192	6160128.0	16128.5838196051
Lebanon	Asia	2018	78.263	5984119.0	16290.0516478592
Lebanon	Asia	2019	78.208	5794594.0	15659.5661040012
Lebanon	Asia	2020	76.299	5702398.0	12507.4366368078
Lebanon	Asia	2021	73.65	5718122.0	11599.7755083765
Lebanon	Asia	2022	78.003	5744489.0	11474.7505845558
Lesotho	Africa	1952	42.138	748747.0	298.8462121
Lesotho	Africa	1957	45.047	813338.0	335.9971151
Lesotho	Africa	1962	47.747	893143.0	411.8006266
Lesotho	Africa	1967	48.492	996380.0	498.6390265
Lesotho	Africa	1972	49.767	1116779.0	496.5815922
Lesotho	Africa	1977	52.208	1251524.0	745.3695408
Lesotho	Africa	1982	55.078	1411807.0	797.2631074
Lesotho	Africa	1987	57.18	1599200.0	773.9932141
Lesotho	Africa	1990	59.317	1809696.0	1422.15056881284
Lesotho	Africa	1991	59.061	1842379.0	1494.24032446777
Lesotho	Africa	1992	59.685	1803195.0	977.4862725
Lesotho	Africa	1992	58.638	1873274.0	1571.8270420314
Lesotho	Africa	1993	58.06	1901793.0	1602.59633239095
Lesotho	Africa	1994	57.288	1927707.0	1675.5977232422
Lesotho	Africa	1995	56.368	1951437.0	1709.69433512939
Lesotho	Africa	1996	55.136	1972418.0	1786.182290166
Lesotho	Africa	1997	55.558	1982823.0	1186.147994
Lesotho	Africa	1997	53.733	1988130.0	1837.69657049966
Lesotho	Africa	1998	52.029	1998049.0	1856.69078488714
Lesotho	Africa	1999	50.385	2003234.0	1860.70052178612
Lesotho	Africa	2000	48.783	2003913.0	1932.15793223415
Lesotho	Africa	2001	47.153	2000853.0	2004.03350215955
Lesotho	Africa	2002	44.593	2046772.0	1275.184575
Lesotho	Africa	2002	45.95	1994679.0	2024.78727304864
Lesotho	Africa	2003	44.921	1985059.0	2127.37302160132
Lesotho	Africa	2004	44.039	1971129.0	2178.66474674332
Lesotho	Africa	2005	43.611	1953076.0	2275.01614419256
Lesotho	Africa	2006	43.182	1945063.0	2381.02024562073
Lesotho	Africa	2007	42.592	2012649.0	1569.331442
Lesotho	Africa	2007	43.66	1953268.0	2470.31462127885
Lesotho	Africa	2008	44.304	1966541.0	2589.16635854686
Lesotho	Africa	2009	45.055	1980883.0	2538.19341751854
Lesotho	Africa	2010	46.045	1996251.0	2651.37804898226
Lesotho	Africa	2011	46.93	2014009.0	2749.31958166573
Lesotho	Africa	2012	48.235	2034354.0	2894.22705048142
Lesotho	Africa	2013	49.547	2056504.0	2914.37515966739
Lesotho	Africa	2014	50.786	2080089.0	2930.61724036206
Lesotho	Africa	2015	51.83	2104611.0	2986.95866729879
Lesotho	Africa	2016	52.908	2130422.0	3057.26091568162
Lesotho	Africa	2017	53.874	2157110.0	2924.68096193272
Lesotho	Africa	2018	54.638	2183603.0	2846.41828124649
Lesotho	Africa	2019	55.249	2209405.0	2773.28639887236
Lesotho	Africa	2020	55.133	2235727.0	2517.11044486593
Lesotho	Africa	2021	54.209	2261542.0	2544.78249551214
Lesotho	Africa	2022	56.812	2286110.0	2577.54544127769
Liberia	Africa	1952	38.48	863308.0	575.5729961
Liberia	Africa	1957	39.486	975950.0	620.9699901
Liberia	Africa	1962	40.502	1112796.0	634.1951625
Liberia	Africa	1967	41.536	1279406.0	713.6036483
Liberia	Africa	1972	42.614	1482628.0	803.0054535
Liberia	Africa	1977	43.764	1703617.0	640.3224383
Liberia	Africa	1982	44.852	1956875.0	572.1995694
Liberia	Africa	1987	46.027	2269414.0	506.1138573
Liberia	Africa	1990	37.644	2223667.0	1866.40548125833
Liberia	Africa	1991	43.575	1956518.0	1819.49785292522
Liberia	Africa	1992	40.802	1912974.0	636.6229191
Liberia	Africa	1992	43.566	2072461.0	1115.03770816852
Liberia	Africa	1993	43.022	2155126.0	718.683238814764
Liberia	Africa	1994	42.621	2149928.0	563.640361196647
Liberia	Africa	1995	44.573	2169162.0	534.809715165406
Liberia	Africa	1996	44.945	2232289.0	582.677982536092
Liberia	Africa	1997	42.221	2200725.0	609.1739508
Liberia	Africa	1997	48.302	2412989.0	1111.93760251371
Liberia	Africa	1998	49.367	2670124.0	1308.40568305294
Liberia	Africa	1999	50.412	2821684.0	1507.31470254594
Liberia	Africa	2000	51.852	2928117.0	1868.17975587618
Liberia	Africa	2001	53.109	3015338.0	1867.11910921753
Liberia	Africa	2002	43.753	2814651.0	531.4823679
Liberia	Africa	2002	54.061	3094782.0	1887.64601570733
Liberia	Africa	2003	53.045	3119532.0	1308.15090140274
Liberia	Africa	2004	55.949	3156892.0	1326.53565502695
Liberia	Africa	2005	56.765	3301015.0	1335.61728880785
Liberia	Africa	2006	57.495	3490787.0	1364.60347323709
Liberia	Africa	2007	45.678	3193942.0	414.5073415
Liberia	Africa	2007	58.147	3669050.0	1422.10019670004
Liberia	Africa	2008	58.675	3821003.0	1463.12408187297
Liberia	Africa	2009	59.106	3943028.0	1492.99817384053
Liberia	Africa	2010	59.358	4058890.0	1538.85083488512
Liberia	Africa	2011	59.486	4221178.0	1601.03374045996
Liberia	Africa	2012	59.785	4373043.0	1668.97289588776
Liberia	Africa	2013	59.992	4470239.0	1774.5205777394
Liberia	Africa	2014	59.21	4564293.0	1750.1438489328
Liberia	Africa	2015	59.248	4659431.0	1714.09047960464
Liberia	Africa	2016	60.483	4755608.0	1653.31050211233
Liberia	Africa	2017	60.777	4848925.0	1661.30290782171
Liberia	Africa	2018	60.999	4944726.0	1647.97443793846
Liberia	Africa	2019	61.232	5043721.0	1575.76665001238
Liberia	Africa	2020	61.267	5149463.0	1497.37692436272
Liberia	Africa	2021	61.166	5259323.0	1539.20892304674
Liberia	Africa	2022	61.934	5373294.0	1578.99837069175
Libya	Africa	1952	42.723	1019729.0	2387.54806
Libya	Africa	1957	45.289	1201578.0	3448.284395
Libya	Africa	1962	47.808	1441863.0	6757.030816
Libya	Africa	1967	50.227	1759224.0	18772.75169
Libya	Africa	1972	52.773	2183877.0	21011.49721
Libya	Africa	1977	57.442	2721783.0	21951.21176
Libya	Africa	1982	62.155	3344074.0	17364.27538
Libya	Africa	1987	66.234	3799845.0	11770.5898
Libya	Africa	1990	69.312	4445239.0	18126.5869612606
Libya	Africa	1991	69.635	4544400.0	20506.8762691578
Libya	Africa	1992	68.755	4364501.0	9640.138501
Libya	Africa	1992	69.974	4640352.0	19538.138704794
Libya	Africa	1993	70.247	4733045.0	18434.641128465
Libya	Africa	1994	70.472	4822037.0	18444.5133617859
Libya	Africa	1995	70.641	4906843.0	17723.2679211029
Libya	Africa	1996	70.736	4987393.0	17809.1519222171
Libya	Africa	1997	71.555	4759670.0	9467.446056
Libya	Africa	1997	70.72	5064639.0	18451.6998451345
Libya	Africa	1998	70.657	5140704.0	17532.9261043755
Libya	Africa	1999	70.601	5218038.0	17402.5683820479
Libya	Africa	2000	70.542	5305021.0	17747.0188855832
Libya	Africa	2001	70.653	5403639.0	17115.9888564264
Libya	Africa	2002	72.737	5368585.0	9534.677467
Libya	Africa	2002	70.788	5508410.0	16629.4364346005
Libya	Africa	2003	70.996	5619398.0	18422.7336032405
Libya	Africa	2004	71.21	5736693.0	18851.2039109963
Libya	Africa	2005	71.439	5858798.0	20649.4624580172
Libya	Africa	2006	71.632	5980211.0	21545.2986384419
Libya	Africa	2007	73.952	6036914.0	12057.49928
Libya	Africa	2007	71.788	6104380.0	22422.0117594762
Libya	Africa	2008	71.936	6235430.0	21915.1976208274
Libya	Africa	2009	72.071	6366686.0	20518.9642412838
Libya	Africa	2010	72.196	6497839.0	21115.5259846154
Libya	Africa	2011	69.95	6343203.0	10741.9206751908
Libya	Africa	2012	72.188	6179328.0	20601.0026641
Libya	Africa	2013	72.339	6304628.0	16557.500941665
Libya	Africa	2014	71.3	6427252.0	12499.0829968523
Libya	Africa	2015	71.644	6531819.0	12195.3486990421
Libya	Africa	2016	71.799	6632126.0	11831.8257669559
Libya	Africa	2017	72.721	6738770.0	15428.1164411854
Libya	Africa	2018	73.151	6849055.0	16385.164476127
Libya	Africa	2019	72.941	6951033.0	14337.1962987582
Libya	Africa	2020	72.388	7045399.0	9978.66400110743
Libya	Africa	2021	72.062	7135175.0	12641.5097714075
Libya	Africa	2022	74.462	7223805.0	11450.0598552928
Madagascar	Africa	1952	36.681	4762912.0	1443.011715
Madagascar	Africa	1957	38.865	5181679.0	1589.20275
Madagascar	Africa	1962	40.848	5703324.0	1643.38711
Madagascar	Africa	1967	42.881	6334556.0	1634.047282
Madagascar	Africa	1972	44.851	7082430.0	1748.562982
Madagascar	Africa	1977	46.881	8007166.0	1544.228586
Madagascar	Africa	1982	48.969	9171477.0	1302.878658
Madagascar	Africa	1987	49.35	10568642.0	1155.441948
Madagascar	Africa	1990	52.14	12055639.0	1968.27239771424
Madagascar	Africa	1991	52.555	12421412.0	1789.84169366249
Madagascar	Africa	1992	52.214	12210395.0	1040.67619
Madagascar	Africa	1992	52.946	12800870.0	1757.29459775259
Madagascar	Africa	1993	53.733	13197345.0	1740.29513594203
Madagascar	Africa	1994	54.247	13613850.0	1686.34190833351
Madagascar	Africa	1995	54.845	14051275.0	1661.27062467061
Madagascar	Africa	1996	55.477	14510711.0	1643.32579628891
Madagascar	Africa	1997	54.978	14165114.0	986.2958956
Madagascar	Africa	1997	56.127	14990814.0	1649.44809006306
Madagascar	Africa	1998	56.803	15489364.0	1658.88849253066
Madagascar	Africa	1999	57.434	16000506.0	1681.35933226493
Madagascar	Africa	2000	57.974	16516338.0	1701.44320253582
Madagascar	Africa	2001	58.674	17032939.0	1748.50350929178
Madagascar	Africa	2002	57.286	16473477.0	894.6370822
Madagascar	Africa	2002	59.17	17549913.0	1486.43429741771
Madagascar	Africa	2003	59.693	18071854.0	1584.74925232364
Madagascar	Africa	2004	60.168	18606608.0	1620.11953793293
Madagascar	Africa	2005	60.664	19159707.0	1648.17631554009
Madagascar	Africa	2006	61.14	19730909.0	1686.86335460016
Madagascar	Africa	2007	59.443	19167654.0	1044.770126
Madagascar	Africa	2007	61.533	20318583.0	1731.61751794976
Madagascar	Africa	2008	61.992	20923840.0	1794.40235887329
Madagascar	Africa	2009	62.304	21547280.0	1673.15551466723
Madagascar	Africa	2010	62.597	22183340.0	1635.24511473059
Madagascar	Africa	2011	62.86	22822300.0	1614.55137773785
Madagascar	Africa	2012	63.007	23462438.0	1617.79082882481
Madagascar	Africa	2013	63.161	24109290.0	1610.6023078966
Madagascar	Africa	2014	63.261	24764348.0	1620.357889066
Madagascar	Africa	2015	63.362	25426702.0	1627.5806134224
Madagascar	Africa	2016	63.431	26099952.0	1648.91226979296
Madagascar	Africa	2017	63.433	26788375.0	1669.72764267278
Madagascar	Africa	2018	63.491	27494926.0	1678.78623269491
Madagascar	Africa	2019	63.504	28219554.0	1707.83153830039
Madagascar	Africa	2020	62.706	28953556.0	1545.72714379204
Madagascar	Africa	2021	62.516	29691083.0	1577.43246056529
Madagascar	Africa	2022	63.068	30437261.0	1602.71368352337
Malawi	Africa	1952	36.256	2917802.0	369.1650802
Malawi	Africa	1957	37.207	3221238.0	416.3698064
Malawi	Africa	1962	38.41	3628608.0	427.9010856
Malawi	Africa	1967	39.487	4147252.0	495.5147806
Malawi	Africa	1972	41.766	4730997.0	584.6219709
Malawi	Africa	1977	43.767	5637246.0	663.2236766
Malawi	Africa	1982	45.642	6502825.0	632.8039209
Malawi	Africa	1987	47.457	7824747.0	635.5173634
Malawi	Africa	1990	43.575	9545852.0	1047.46436351132
Malawi	Africa	1991	43.54	9844227.0	1104.3904622212
Malawi	Africa	1992	49.42	10014249.0	563.2000145
Malawi	Africa	1992	43.636	10135079.0	994.036504790471
Malawi	Africa	1993	43.648	10284024.0	1074.58485213269
Malawi	Africa	1994	43.8	10164894.0	975.849640143399
Malawi	Africa	1995	43.804	10150117.0	1140.75609365079
Malawi	Africa	1996	44.005	10352228.0	1200.32058232422
Malawi	Africa	1997	47.495	10419991.0	692.2758103
Malawi	Africa	1997	44.2	10562035.0	1221.09404555353
Malawi	Africa	1998	44.3	10792876.0	1241.52433181826
Malawi	Africa	1999	45.06	11047804.0	1249.77523298871
Malawi	Africa	2000	46.17	11315942.0	1239.39174838676
Malawi	Africa	2001	47.205	11593058.0	1149.58039601898
Malawi	Africa	2002	45.009	11824495.0	665.4231186
Malawi	Africa	2002	48.176	11880440.0	1140.84274642418
Malawi	Africa	2003	49.601	12181574.0	1176.12385998737
Malawi	Africa	2004	51.073	12500737.0	1208.2196975075
Malawi	Africa	2005	52.469	12840031.0	1214.7426419188
Malawi	Africa	2006	53.652	13198701.0	1237.27386519947
Malawi	Africa	2007	48.303	13327079.0	759.3499101
Malawi	Africa	2007	54.687	13576343.0	1318.33196397214
Malawi	Africa	2008	55.715	13976417.0	1378.42886690465
Malawi	Africa	2009	56.714	14395788.0	1449.72601522136
Malawi	Africa	2010	57.787	14826463.0	1504.37514113215
Malawi	Africa	2011	58.859	15265022.0	1533.22889572405
Malawi	Africa	2012	59.87	15709577.0	1518.14803849238
Malawi	Africa	2013	60.816	16161816.0	1555.50607410511
Malawi	Africa	2014	61.651	16621538.0	1597.56484331405
Malawi	Africa	2015	62.324	17085587.0	1597.69145324855
Malawi	Africa	2016	63.163	17557739.0	1593.59549264808
Malawi	Africa	2017	63.914	18039715.0	1613.0593571462
Malawi	Africa	2018	64.464	18528081.0	1638.91665761076
Malawi	Africa	2019	64.995	19025752.0	1687.28944917892
Malawi	Africa	2020	65.216	19533888.0	1656.43985192533
Malawi	Africa	2021	64.782	20047258.0	1687.59358179651
Malawi	Africa	2022	66.037	20568728.0	1659.95933825168
Malaysia	Asia	1952	48.463	6748378.0	1831.132894
Malaysia	Asia	1957	52.102	7739235.0	1810.066992
Malaysia	Asia	1962	55.737	8906385.0	2036.884944
Malaysia	Asia	1967	59.371	10154878.0	2277.742396
Malaysia	Asia	1972	63.01	11441462.0	2849.09478
Malaysia	Asia	1977	65.256	12845381.0	3827.921571
Malaysia	Asia	1982	68.0	14441916.0	4920.355951
Malaysia	Asia	1987	69.5	16331785.0	5249.802653
Malaysia	Asia	1990	70.952	17833171.0	12013.6969483112
Malaysia	Asia	1991	71.219	18342464.0	12795.0498964228
Malaysia	Asia	1992	70.693	18319502.0	7277.912802
Malaysia	Asia	1992	71.483	18834572.0	13567.8936121181
Malaysia	Asia	1993	71.721	19322664.0	14533.790397007
Malaysia	Asia	1994	71.865	19820446.0	15474.0144648307
Malaysia	Asia	1995	71.979	20330599.0	16568.5160590209
Malaysia	Asia	1996	72.119	20850087.0	17771.7118795056
Malaysia	Asia	1997	71.938	20476091.0	10132.90964
Malaysia	Asia	1997	72.296	21375218.0	18604.514527465
Malaysia	Asia	1998	72.385	21906713.0	16817.1719190401
Malaysia	Asia	1999	72.428	22435531.0	17428.6256563043
Malaysia	Asia	2000	72.732	22967816.0	18532.9096706227
Malaysia	Asia	2001	73.08	23526538.0	18186.4411330146
Malaysia	Asia	2002	73.044	22662365.0	10206.97794
Malaysia	Asia	2002	73.469	24102477.0	18708.8694877279
Malaysia	Asia	2003	73.727	24679602.0	19329.0062757538
Malaysia	Asia	2004	74.027	25256772.0	20168.5062099425
Malaysia	Asia	2005	74.37	25836071.0	20767.5857243346
Malaysia	Asia	2006	74.697	26417909.0	21444.4857715028
Malaysia	Asia	2007	74.241	24821286.0	12451.6558
Malaysia	Asia	2007	74.961	26998389.0	22305.118263117
Malaysia	Asia	2008	75.151	27570059.0	22898.0027575442
Malaysia	Asia	2009	75.269	28124778.0	22106.6417311801
Malaysia	Asia	2010	75.376	28655776.0	23307.9698543785
Malaysia	Asia	2011	75.488	29162039.0	24115.8181203958
Malaysia	Asia	2012	75.552	29662831.0	25006.3587781537
Malaysia	Asia	2013	75.464	30174265.0	25736.3525554142
Malaysia	Asia	2014	75.345	30696137.0	26818.4317281659
Malaysia	Asia	2015	75.288	31232798.0	27699.6278860387
Malaysia	Asia	2016	75.371	31789685.0	28425.3707609412
Malaysia	Asia	2017	75.542	32355644.0	29551.5457597197
Malaysia	Asia	2018	75.734	32910967.0	30459.9655338061
Malaysia	Asia	2019	75.9	33440596.0	31300.5086554849
Malaysia	Asia	2020	76.057	33889558.0	29200.452632127
Malaysia	Asia	2021	73.917	34282399.0	29822.8491831618
Malaysia	Asia	2022	75.444	34695493.0	32129.2217820113
Mali	Africa	1952	33.685	3838168.0	452.3369807
Mali	Africa	1957	35.307	4241884.0	490.3821867
Mali	Africa	1962	36.936	4690372.0	496.1743428
Mali	Africa	1967	38.487	5212416.0	545.0098873
Mali	Africa	1972	39.977	5828158.0	581.3688761
Mali	Africa	1977	41.714	6491649.0	686.3952693
Mali	Africa	1982	43.916	6998256.0	618.0140641
Mali	Africa	1987	46.364	7634008.0	684.1715576
Mali	Africa	1990	46.541	9178830.0	1890.50212991263
Mali	Africa	1991	46.889	9362888.0	2087.9190293987
Mali	Africa	1992	48.388	8416215.0	739.014375
Mali	Africa	1992	47.238	9553540.0	1942.72857142808
Mali	Africa	1993	47.586	9754786.0	1985.38064863365
Mali	Africa	1994	47.914	9967031.0	2051.75478430683
Mali	Africa	1995	48.292	10185365.0	2022.4037826787
Mali	Africa	1996	48.5	10407278.0	2105.2753013378
Mali	Africa	1997	49.903	9384984.0	790.2579846
Mali	Africa	1997	49.086	10646495.0	2142.78769298746
Mali	Africa	1998	49.592	10919573.0	2228.20055528486
Mali	Africa	1999	50.06	11227415.0	2269.08741153512
Mali	Africa	2000	50.605	11559290.0	2187.71894209604
Mali	Africa	2001	51.3	11912158.0	2458.46155672294
Mali	Africa	2002	51.818	10580176.0	951.4097518
Mali	Africa	2002	51.995	12288050.0	2455.61935704114
Mali	Africa	2003	52.632	12684955.0	2611.8368553004
Mali	Africa	2004	53.253	13102409.0	2565.97744562534
Mali	Africa	2005	53.792	13538647.0	2546.33281406377
Mali	Africa	2006	54.305	13990139.0	2555.07476259654
Mali	Africa	2007	54.467	12031795.0	1042.581557
Mali	Africa	2007	54.756	14457775.0	2515.94692367878
Mali	Africa	2008	55.187	14940782.0	2523.1996127255
Mali	Africa	2009	55.588	15435539.0	2575.54549773621
Mali	Africa	2010	55.993	15945198.0	2632.26468220172
Mali	Africa	2011	56.367	16469049.0	2623.34627008963
Mali	Africa	2012	56.696	16957033.0	2520.52931087437
Mali	Africa	2013	57.052	17459615.0	2528.53006767058
Mali	Africa	2014	57.482	18020267.0	2609.16733048758
Mali	Africa	2015	57.852	18593022.0	2686.56065074588
Mali	Africa	2016	58.286	19191289.0	2759.11051294151
Mali	Africa	2017	58.562	19813011.0	2816.194239022
Mali	Africa	2018	58.873	20442030.0	2862.40728989634
Mali	Africa	2019	59.217	21068405.0	2916.17167790759
Mali	Africa	2020	58.858	21713836.0	2796.41038444894
Mali	Africa	2021	59.116	22388630.0	2796.22793795433
Mali	Africa	2022	60.035	23072640.0	2813.81095962843
Mauritania	Africa	1952	40.543	1022556.0	743.1159097
Mauritania	Africa	1957	42.338	1076852.0	846.1202613
Mauritania	Africa	1962	44.248	1146757.0	1055.896036
Mauritania	Africa	1967	46.289	1230542.0	1421.145193
Mauritania	Africa	1972	48.437	1332786.0	1586.851781
Mauritania	Africa	1977	50.852	1456688.0	1497.492223
Mauritania	Africa	1982	53.599	1622136.0	1481.150189
Mauritania	Africa	1987	56.145	1841240.0	1421.603576
Mauritania	Africa	1990	58.087	1951878.0	5519.61033643387
Mauritania	Africa	1991	58.291	2009738.0	5456.55576032365
Mauritania	Africa	1992	58.333	2119465.0	1361.369784
Mauritania	Africa	1992	58.568	2088135.0	5350.1180367309
Mauritania	Africa	1993	58.733	2174328.0	5439.82228766957
Mauritania	Africa	1994	58.763	2249454.0	5097.20839032237
Mauritania	Africa	1995	58.861	2312017.0	5446.26956105444
Mauritania	Africa	1996	58.915	2358188.0	5650.3411811269
Mauritania	Africa	1997	60.43	2444741.0	1483.136136
Mauritania	Africa	1997	59.417	2411306.0	5302.3666333722
Mauritania	Africa	1998	59.89	2474651.0	5310.15819138341
Mauritania	Africa	1999	60.443	2541698.0	5359.98881996232
Mauritania	Africa	2000	61.044	2613441.0	5008.60806690014
Mauritania	Africa	2001	61.662	2678760.0	4847.41086088566
Mauritania	Africa	2002	62.247	2828858.0	1579.019543
Mauritania	Africa	2002	62.249	2738655.0	4806.89853417166
Mauritania	Africa	2003	62.805	2802046.0	5023.65213424467
Mauritania	Africa	2004	63.369	2868664.0	5139.22552002451
Mauritania	Africa	2005	63.92	2939059.0	5445.82951227718
Mauritania	Africa	2006	64.493	3013660.0	6284.70209025296
Mauritania	Africa	2007	64.164	3270065.0	1803.151496
Mauritania	Africa	2007	64.885	3093059.0	6002.77832165174
Mauritania	Africa	2008	65.233	3183269.0	5813.35608368305
Mauritania	Africa	2009	65.485	3284448.0	5639.78745018612
Mauritania	Africa	2010	65.661	3390965.0	5605.76388754436
Mauritania	Africa	2011	65.754	3502811.0	5653.21719956693
Mauritania	Africa	2012	65.808	3619034.0	5716.25195328296
Mauritania	Africa	2013	65.89	3734318.0	5769.72870835599
Mauritania	Africa	2014	66.207	3848514.0	5837.8520312229
Mauritania	Africa	2015	66.498	3965959.0	5969.54239339806
Mauritania	Africa	2016	66.823	4086657.0	5866.28144759405
Mauritania	Africa	2017	67.088	4210600.0	6050.62180273825
Mauritania	Africa	2018	67.419	4337685.0	6153.63790295218
Mauritania	Africa	2019	67.64	4467708.0	6162.21044512087
Mauritania	Africa	2020	66.794	4600131.0	5963.23549793488
Mauritania	Africa	2021	66.762	4734874.0	5836.56580821897
Mauritania	Africa	2022	68.281	4875637.0	6053.26178155509
Mauritius	Africa	1952	50.986	516556.0	1967.955707
Mauritius	Africa	1957	58.089	609816.0	2034.037981
Mauritius	Africa	1962	60.246	701016.0	2529.067487
Mauritius	Africa	1967	61.557	789309.0	2475.387562
Mauritius	Africa	1972	62.944	851334.0	2575.484158
Mauritius	Africa	1977	64.93	913025.0	3710.982963
Mauritius	Africa	1982	66.711	992040.0	3688.037739
Mauritius	Africa	1987	68.74	1042663.0	4783.586903
Mauritius	Africa	1990	69.4048780487805	1058775.0	9058.66650192375
Mauritius	Africa	1991	69.9560975609756	1070266.0	9358.88578338005
Mauritius	Africa	1992	69.745	1096202.0	6058.253846
Mauritius	Africa	1992	70.0585365853659	1084441.0	9838.10232774766
Mauritius	Africa	1993	70.1073170731707	1097374.0	10216.2423835678
Mauritius	Africa	1994	70.1585365853659	1112846.0	10490.888540896
Mauritius	Africa	1995	70.3258536585366	1122457.0	10847.0307453987
Mauritius	Africa	1996	70.3229268292683	1133996.0	11336.6041686972
Mauritius	Africa	1997	70.736	1149818.0	7425.705295
Mauritius	Africa	1997	70.4048780487805	1148284.0	11832.2877924531
Mauritius	Africa	1998	70.6073170731707	1160421.0	12419.4673726952
Mauritius	Africa	1999	70.9609756097561	1175267.0	12582.7521544356
Mauritius	Africa	2000	71.6634146341463	1186873.0	13481.7540541745
Mauritius	Africa	2001	71.7658536585366	1196287.0	13823.4171391048
Mauritius	Africa	2002	71.954	1200206.0	9021.815894
Mauritius	Africa	2002	71.9658536585366	1204621.0	13949.4742923184
Mauritius	Africa	2003	72.1170731707317	1213370.0	14669.5001844577
Mauritius	Africa	2004	72.2658536585366	1221003.0	15209.0164267817
Mauritius	Africa	2005	72.4321951219512	1228254.0	15387.9807842254
Mauritius	Africa	2006	72.4321951219512	1233996.0	16061.6030030396
Mauritius	Africa	2007	72.801	1250882.0	10956.99112
Mauritius	Africa	2007	72.5707317073171	1239630.0	16904.2745171796
Mauritius	Africa	2008	72.5707317073171	1244121.0	17750.5936228988
Mauritius	Africa	2009	72.8824390243903	1247429.0	18290.4070077862
Mauritius	Africa	2010	72.9673170731707	1250400.0	19045.6542832867
Mauritius	Africa	2011	73.2668292682927	1252404.0	19790.5300586052
Mauritius	Africa	2012	73.8634146341464	1255882.0	20425.707017688
Mauritius	Africa	2013	74.0170731707317	1258927.0	21061.0293432869
Mauritius	Africa	2014	74.1943902439024	1261208.0	21827.4802326052
Mauritius	Africa	2015	74.3531707317073	1262879.0	22603.0885218714
Mauritius	Africa	2016	74.3948780487805	1263747.0	23460.0011516323
Mauritius	Africa	2017	74.5146341463415	1264887.0	24361.8758542058
Mauritius	Africa	2018	74.4163414634146	1265577.0	25324.1785958124
Mauritius	Africa	2019	74.2358536585366	1265985.0	26047.9753573284
Mauritius	Africa	2020	74.1770731707317	1266014.0	22258.3868106268
Mauritius	Africa	2021	73.680243902439	1266334.0	23010.2013826905
Mauritius	Africa	2022	73.5146341463415	1262523.0	25085.9891959451
Mexico	Americas	1952	50.789	30144317.0	3478.125529
Mexico	Americas	1957	55.19	35015548.0	4131.546641
Mexico	Americas	1962	58.299	41121485.0	4581.609385
Mexico	Americas	1967	60.11	47995559.0	5754.733883
Mexico	Americas	1972	62.361	55984294.0	6809.40669
Mexico	Americas	1977	65.032	63759976.0	7674.929108
Mexico	Americas	1982	67.405	71640904.0	9611.147541
Mexico	Americas	1987	69.498	80122492.0	8688.156003
Mexico	Americas	1990	69.034	82820170.0	17169.5925840496
Mexico	Americas	1991	69.368	84430572.0	17511.7313092808
Mexico	Americas	1992	71.455	88111030.0	9472.384295
Mexico	Americas	1992	69.663	86044809.0	17796.4059642863
Mexico	Americas	1993	69.961	87653807.0	17970.5871849494
Mexico	Americas	1994	70.302	89259205.0	18422.819927556
Mexico	Americas	1995	70.703	90862455.0	17028.1215003697
Mexico	Americas	1996	71.088	92452702.0	17775.8727869147
Mexico	Americas	1997	73.67	95895146.0	9767.29753
Mexico	Americas	1997	71.472	94021207.0	18737.6426443231
Mexico	Americas	1998	71.792	95575245.0	19573.0654539328
Mexico	Americas	1999	72.203	97115707.0	19793.2852841045
Mexico	Americas	2000	72.562	98625552.0	20470.4937646148
Mexico	Americas	2001	72.912	100099099.0	20078.2183908739
Mexico	Americas	2002	74.902	102479927.0	10742.44053
Mexico	Americas	2002	73.106	101548624.0	19744.7933653416
Mexico	Americas	2003	73.308	102978515.0	19701.4633876569
Mexico	Americas	2004	73.432	104394131.0	20127.2242847772
Mexico	Americas	2005	73.627	105811504.0	20277.2552818503
Mexico	Americas	2006	73.746	107253666.0	20965.8256074046
Mexico	Americas	2007	76.195	108700891.0	11977.57496
Mexico	Americas	2007	73.796	108774360.0	21102.2688314629
Mexico	Americas	2008	73.695	110374288.0	20992.5602618229
Mexico	Americas	2009	73.628	111999721.0	19385.5437230088
Mexico	Americas	2010	73.718	113623895.0	20058.3854859755
Mexico	Americas	2011	73.921	115243504.0	20457.6001664624
Mexico	Americas	2012	74.128	116818208.0	20898.9357195292
Mexico	Americas	2013	74.289	118343573.0	20805.3480411912
Mexico	Americas	2014	74.404	119784261.0	21069.7661649129
Mexico	Americas	2015	74.431	121072306.0	21408.9283201493
Mexico	Americas	2016	74.376	122251351.0	21578.2633554092
Mexico	Americas	2017	74.261	123400057.0	21777.5225111982
Mexico	Americas	2018	74.301	124573711.0	21997.7730167472
Mexico	Americas	2019	74.53	125762982.0	21704.1859494071
Mexico	Americas	2020	70.449	126799054.0	19728.4817823158
Mexico	Americas	2021	69.75	127648148.0	20782.5877417545
Mexico	Americas	2022	73.973	128613117.0	21391.8573692427
Mongolia	Asia	1952	42.244	800663.0	786.5668575
Mongolia	Asia	1957	45.248	882134.0	912.6626085
Mongolia	Asia	1962	48.251	1010280.0	1056.353958
Mongolia	Asia	1967	51.253	1149500.0	1226.04113
Mongolia	Asia	1972	53.754	1320500.0	1421.741975
Mongolia	Asia	1977	55.491	1528000.0	1647.511665
Mongolia	Asia	1982	57.489	1756032.0	2000.603139
Mongolia	Asia	1987	60.222	2015133.0	2338.008304
Mongolia	Asia	1990	58.8011951219512	2098710.0	6637.81926731198
Mongolia	Asia	1991	59.8047317073171	2165342.0	5874.25558231388
Mongolia	Asia	1992	61.271	2312802.0	1785.402016
Mongolia	Asia	1992	60.4307073170732	2167790.0	5324.48759689987
Mongolia	Asia	1993	60.8242195121951	2165130.0	5162.0998701038
Mongolia	Asia	1994	60.859	2189395.0	5213.84632608076
Mongolia	Asia	1995	60.892512195122	2224945.0	5457.68501570005
Mongolia	Asia	1996	60.994	2259507.0	5494.32133981897
Mongolia	Asia	1997	63.625	2494803.0	1902.2521
Mongolia	Asia	1997	61.414512195122	2291750.0	5628.10663484223
Mongolia	Asia	1998	62.0830731707317	2323809.0	5735.84383645771
Mongolia	Asia	1999	62.7895365853659	2356813.0	5829.16641455929
Mongolia	Asia	2000	63.2104878048781	2388299.0	5818.24307842901
Mongolia	Asia	2001	63.3917073170732	2417751.0	5917.07088396343
Mongolia	Asia	2002	65.033	2674234.0	2140.739323
Mongolia	Asia	2002	63.540243902439	2449027.0	6117.9824222592
Mongolia	Asia	2003	63.5753658536585	2480374.0	6463.78966651762
Mongolia	Asia	2004	64.630243902439	2508412.0	7070.667158451
Mongolia	Asia	2005	65.2807317073171	2536407.0	7499.84803935428
Mongolia	Asia	2006	65.9021951219512	2567168.0	8043.99678108557
Mongolia	Asia	2007	66.803	2874127.0	3095.772271
Mongolia	Asia	2007	66.5934146341464	2601850.0	8750.13407442299
Mongolia	Asia	2008	67.2460975609756	2643201.0	9379.85489687765
Mongolia	Asia	2009	67.9690243902439	2691115.0	9095.9769892529
Mongolia	Asia	2010	68.5056097560976	2738622.0	9507.118823625
Mongolia	Asia	2011	69.109268292683	2786317.0	10960.0959283864
Mongolia	Asia	2012	69.500243902439	2839705.0	12078.9185320062
Mongolia	Asia	2013	70.0980487804878	2899011.0	13210.0945665668
Mongolia	Asia	2014	70.5831707317073	2963113.0	13943.4277148653
Mongolia	Asia	2015	70.810243902439	3026864.0	13974.5967260365
Mongolia	Asia	2016	70.2239024390244	3088856.0	13898.1456953585
Mongolia	Asia	2017	70.5434146341463	3148917.0	14401.5375067562
Mongolia	Asia	2018	70.8270731707317	3208189.0	15230.2408828847
Mongolia	Asia	2019	71.0531707317073	3267673.0	15790.6961126441
Mongolia	Asia	2020	71.3490243902439	3327204.0	14801.3420829185
Mongolia	Asia	2021	71.6451219512195	3383741.0	14792.2509086422
Mongolia	Asia	2022	71.9007317073171	3433748.0	15310.4349469163
Montenegro	Europe	1952	59.164	413834.0	2647.585601
Montenegro	Europe	1957	61.448	442829.0	3682.259903
Montenegro	Europe	1962	63.728	474528.0	4649.593785
Montenegro	Europe	1967	67.178	501035.0	5907.850937
Montenegro	Europe	1972	70.636	527678.0	7778.414017
Montenegro	Europe	1977	73.066	560073.0	9595.929905
Montenegro	Europe	1982	74.101	562548.0	11222.58762
Montenegro	Europe	1987	74.865	569473.0	11732.51017
Montenegro	Europe	1992	75.435	621621.0	7003.339037
Montenegro	Europe	1997	75.445	692651.0	6465.613349
Montenegro	Europe	1997	73.3429756097561	609520.0	14638.766139893
Montenegro	Europe	1998	73.2877804878049	607662.0	15403.0195657707
Montenegro	Europe	1999	73.1438780487805	606001.0	13993.385920894
Montenegro	Europe	2000	73.3968048780488	604950.0	14452.2457197778
Montenegro	Europe	2001	73.5801951219512	607389.0	14552.5251416368
Montenegro	Europe	2002	73.981	720230.0	6557.194282
Montenegro	Europe	2002	73.9652195121951	609828.0	14770.2852164946
Montenegro	Europe	2003	74.0557317073171	612267.0	15076.6820508634
Montenegro	Europe	2004	74.2056097560976	613353.0	15716.1074199337
Montenegro	Europe	2005	73.9829268292683	614261.0	16348.9329623984
Montenegro	Europe	2006	73.8390243902439	615025.0	17727.402075263
Montenegro	Europe	2007	74.543	684736.0	9253.896111
Montenegro	Europe	2007	74.3390243902439	615875.0	18966.4915067749
Montenegro	Europe	2008	75.1365853658537	616969.0	20238.9627808951
Montenegro	Europe	2009	75.1439024390244	618294.0	18984.9764999082
Montenegro	Europe	2010	75.990243902439	619428.0	19476.2022026463
Montenegro	Europe	2011	76.0829268292683	620345.0	20110.5278464469
Montenegro	Europe	2012	76.3	621418.0	19576.4518399104
Montenegro	Europe	2013	76.490243902439	622587.0	20201.3326929367
Montenegro	Europe	2014	76.3390243902439	623744.0	20641.8064714034
Montenegro	Europe	2015	76.6024390243903	624651.0	21131.8839814374
Montenegro	Europe	2016	76.5414634146342	625353.0	21834.1362513082
Montenegro	Europe	2017	76.6853658536585	625982.0	22513.8265222794
Montenegro	Europe	2018	77.8853658536585	626438.0	23562.2241452894
Montenegro	Europe	2019	76.6829268292683	626753.0	24585.1659214028
Montenegro	Europe	2020	75.9317073170732	626590.0	20904.6424194034
Montenegro	Europe	2021	73.8243902439024	625053.0	23690.0272582142
Montenegro	Europe	2022	76.1878048780488	623591.0	25583.3675663587
Morocco	Africa	1952	42.873	9939217.0	1688.20357
Morocco	Africa	1957	45.423	11406350.0	1642.002314
Morocco	Africa	1962	47.924	13056604.0	1566.353493
Morocco	Africa	1967	50.335	14770296.0	1711.04477
Morocco	Africa	1972	52.862	16660670.0	1930.194975
Morocco	Africa	1977	55.73	18396941.0	2370.619976
Morocco	Africa	1982	59.65	20198730.0	2702.620356
Morocco	Africa	1987	62.677	22987397.0	2755.046991
Morocco	Africa	1990	62.396	24375551.0	4418.66015625
Morocco	Africa	1991	62.919	24799014.0	4656.1259765625
Morocco	Africa	1992	65.393	25798239.0	2948.047252
Morocco	Africa	1992	63.388	25212468.0	4483.24951171875
Morocco	Africa	1993	63.868	25614586.0	4379.76416015625
Morocco	Africa	1994	64.346	26000822.0	4771.0927734375
Morocco	Africa	1995	64.725	26399429.0	4444.228515625
Morocco	Africa	1996	65.226	26808107.0	4916.47998046875
Morocco	Africa	1997	67.66	28529501.0	2982.101858
Morocco	Africa	1997	65.616	27213337.0	4766.1103515625
Morocco	Africa	1998	66.008	27621648.0	5033.92333984375
Morocco	Africa	1999	66.404	28027179.0	5043.6650390625
Morocco	Africa	2000	66.794	28423435.0	5100.11572265625
Morocco	Africa	2001	67.2	28814643.0	5417.57861328125
Morocco	Africa	2002	69.615	31167783.0	3258.495584
Morocco	Africa	2002	67.582	29198142.0	5544.07177734375
Morocco	Africa	2003	67.958	29571415.0	5810.05322265625
Morocco	Africa	2004	68.272	29953018.0	5996.39013671875
Morocco	Africa	2005	68.748	30358144.0	6103.42236328125
Morocco	Africa	2006	69.157	30771178.0	6488.673828125
Morocco	Africa	2007	71.164	33757175.0	3820.17523
Morocco	Africa	2007	69.62	31186468.0	6620.59033203125
Morocco	Africa	2008	70.051	31606767.0	6901.95068359375
Morocco	Africa	2009	70.454	32030778.0	7063.72705078125
Morocco	Africa	2010	70.821	32467016.0	7210.63671875
Morocco	Africa	2011	71.263	32912588.0	7503.79296875
Morocco	Africa	2012	71.674	33355241.0	7628.64404296875
Morocco	Africa	2013	72.117	33787571.0	7839.0322265625
Morocco	Africa	2014	72.522	34204780.0	7951.79833984375
Morocco	Africa	2015	72.894	34607588.0	8198.80859375
Morocco	Africa	2016	73.228	35023457.0	8141.9404296875
Morocco	Africa	2017	73.608	35446392.0	8450.0087890625
Morocco	Africa	2018	73.946	35839760.0	8611.75
Morocco	Africa	2019	74.245	36210898.0	8768.17578125
Morocco	Africa	2020	73.133	36584208.0	8054.56298828125
Morocco	Africa	2021	73.385	36954442.0	8623.265625
Morocco	Africa	2022	75.161	37329064.0	8690.4482421875
Mozambique	Africa	1952	31.286	6446316.0	468.5260381
Mozambique	Africa	1957	33.779	7038035.0	495.5868333
Mozambique	Africa	1962	36.161	7788944.0	556.6863539
Mozambique	Africa	1967	38.113	8680909.0	566.6691539
Mozambique	Africa	1972	40.328	9809596.0	724.9178037
Mozambique	Africa	1977	42.495	11127868.0	502.3197334
Mozambique	Africa	1982	42.795	12587223.0	462.2114149
Mozambique	Africa	1987	42.861	12891952.0	389.8761846
Mozambique	Africa	1990	44.337	13094537.0	547.622781432196
Mozambique	Africa	1991	44.705	13352090.0	563.512103416232
Mozambique	Africa	1992	44.284	13160731.0	410.8968239
Mozambique	Africa	1992	45.095	13613316.0	510.82282292831
Mozambique	Africa	1993	45.675	14051192.0	549.048759770955
Mozambique	Africa	1994	46.086	15033853.0	546.209688164263
Mozambique	Africa	1995	46.546	15960530.0	525.418671837499
Mozambique	Africa	1996	47.121	16492480.0	562.857456341656
Mozambique	Africa	1997	46.344	16603334.0	472.3460771
Mozambique	Africa	1997	47.8	16949982.0	612.371551265915
Mozambique	Africa	1998	48.212	17340464.0	660.650177820748
Mozambique	Africa	1999	48.837	17734506.0	722.305561379979
Mozambique	Africa	2000	49.476	18129653.0	711.976393527396
Mozambique	Africa	2001	50.259	18537729.0	785.790173616246
Mozambique	Africa	2002	44.026	18473780.0	633.6179466
Mozambique	Africa	2002	50.879	18958338.0	842.645266172761
Mozambique	Africa	2003	51.383	19392475.0	883.239121472194
Mozambique	Africa	2004	51.855	19840313.0	934.133964844421
Mozambique	Africa	2005	52.322	20304569.0	970.38995609863
Mozambique	Africa	2006	52.748	20787087.0	1041.80471709595
Mozambique	Africa	2007	42.082	19951656.0	823.6856205
Mozambique	Africa	2007	53.255	21287635.0	1095.12568701598
Mozambique	Africa	2008	53.799	21819036.0	1141.94256161019
Mozambique	Africa	2009	54.4	22391745.0	1178.70909947834
Mozambique	Africa	2010	55.04	22999235.0	1224.23020471309
Mozambique	Africa	2011	55.733	23649039.0	1275.52959822581
Mozambique	Africa	2012	56.46	24337846.0	1338.51594866104
Mozambique	Africa	2013	57.189	25051611.0	1385.83254864214
Mozambique	Africa	2014	57.965	25788475.0	1449.92926632722
Mozambique	Africa	2015	58.711	26547572.0	1512.5997455554
Mozambique	Africa	2016	59.455	27337105.0	1537.90853271216
Mozambique	Africa	2017	60.148	28166393.0	1532.0073576114
Mozambique	Africa	2018	60.79	29018644.0	1538.83512127022
Mozambique	Africa	2019	61.306	29884380.0	1528.88988354373
Mozambique	Africa	2020	61.39	30783688.0	1466.12476474476
Mozambique	Africa	2021	60.268	31707800.0	1457.23540930922
Mozambique	Africa	2022	63.011	32656246.0	1476.66560298097
Myanmar	Asia	1952	36.319	20092996.0	331.0
Myanmar	Asia	1957	41.905	21731844.0	350.0
Myanmar	Asia	1962	45.108	23634436.0	388.0
Myanmar	Asia	1967	49.379	25870271.0	349.0
Myanmar	Asia	1972	53.07	28466390.0	357.0
Myanmar	Asia	1977	56.059	31528087.0	371.0
Myanmar	Asia	1982	58.056	34680442.0	424.0
Myanmar	Asia	1987	58.339	38028578.0	385.0
Myanmar	Asia	1990	57.159	39817251.0	775.328254381998
Myanmar	Asia	1991	57.395	40394154.0	759.282764169726
Myanmar	Asia	1992	59.32	40546538.0	347.0
Myanmar	Asia	1992	57.681	40950342.0	821.327755047125
Myanmar	Asia	1993	58.032	41502429.0	859.345526733596
Myanmar	Asia	1994	58.326	42055143.0	911.468427954616
Myanmar	Asia	1995	58.671	42605338.0	962.209421824521
Myanmar	Asia	1996	59.169	43154860.0	1011.15993423274
Myanmar	Asia	1997	60.328	43247867.0	415.0
Myanmar	Asia	1997	59.523	43708798.0	1054.76742791265
Myanmar	Asia	1998	59.896	44257793.0	1102.79096369399
Myanmar	Asia	1999	60.107	44787724.0	1209.01642809997
Myanmar	Asia	2000	60.357	45290841.0	1359.93038778036
Myanmar	Asia	2001	60.64	45771139.0	1498.31163236525
Myanmar	Asia	2002	59.908	45598081.0	611.0
Myanmar	Asia	2002	60.925	46232653.0	1661.73588517132
Myanmar	Asia	2003	61.196	46667192.0	1874.17128269389
Myanmar	Asia	2004	61.443	47068772.0	2110.23728495831
Myanmar	Asia	2005	61.72	47438365.0	2377.90258162976
Myanmar	Asia	2006	62.026	47785135.0	2669.32700379999
Myanmar	Asia	2007	62.069	47761980.0	944.0
Myanmar	Asia	2007	62.367	48125043.0	2968.3033151236
Myanmar	Asia	2008	56.364	48390793.0	3254.738978881
Myanmar	Asia	2009	63.095	48660459.0	3578.17424704515
Myanmar	Asia	2010	63.479	49024382.0	3893.79030665874
Myanmar	Asia	2011	63.859	49419820.0	4078.61220919965
Myanmar	Asia	2012	64.251	49837446.0	4340.99945069174
Myanmar	Asia	2013	64.617	50262658.0	4666.95376141392
Myanmar	Asia	2014	64.994	50681634.0	5006.50667149767
Myanmar	Asia	2015	65.288	51089056.0	5313.88615901476
Myanmar	Asia	2016	65.64	51495696.0	5580.98977273232
Myanmar	Asia	2017	65.909	51894938.0	5877.87465558175
Myanmar	Asia	2018	66.232	52272247.0	6201.26341429803
Myanmar	Asia	2019	66.457	52640713.0	6562.98898478625
Myanmar	Asia	2020	66.612	53016522.0	5926.83450206681
Myanmar	Asia	2021	65.553	53387102.0	5178.44718217164
Myanmar	Asia	2022	66.506	53756787.0	5350.47666899931
Namibia	Africa	1952	41.725	485831.0	2423.780443
Namibia	Africa	1957	45.226	548080.0	2621.448058
Namibia	Africa	1962	48.386	621392.0	3173.215595
Namibia	Africa	1967	51.159	706640.0	3793.694753
Namibia	Africa	1972	53.867	821782.0	3746.080948
Namibia	Africa	1977	56.437	977026.0	3876.485958
Namibia	Africa	1982	58.968	1099010.0	4191.100511
Namibia	Africa	1987	60.835	1278184.0	3693.731337
Namibia	Africa	1990	61.359	1369303.0	7281.77892577888
Namibia	Africa	1991	60.833	1415684.0	7618.33278184449
Namibia	Africa	1992	61.999	1554253.0	3804.537999
Namibia	Africa	1992	60.16	1461322.0	7911.01025804281
Namibia	Africa	1993	59.26	1508697.0	7541.56081791845
Namibia	Africa	1994	58.441	1556304.0	7437.33529036109
Namibia	Africa	1995	57.518	1602170.0	7506.10484034086
Namibia	Africa	1996	56.639	1646103.0	7538.92462342201
Namibia	Africa	1997	58.909	1774766.0	3899.52426
Namibia	Africa	1997	55.844	1689264.0	7656.32512542986
Namibia	Africa	1998	54.767	1732745.0	7709.89004370134
Namibia	Africa	1999	53.983	1776368.0	7773.94354148714
Namibia	Africa	2000	52.946	1818647.0	7858.38789521253
Namibia	Africa	2001	51.98	1857048.0	7786.54169496761
Namibia	Africa	2002	51.479	1972153.0	4072.324751
Namibia	Africa	2002	51.988	1889970.0	8017.28134128559
Namibia	Africa	2003	51.918	1917464.0	8237.36597245597
Namibia	Africa	2004	52.175	1942082.0	9130.82442337694
Namibia	Africa	2005	52.557	1966582.0	9245.1365329555
Namibia	Africa	2006	53.183	1991888.0	9773.29833199798
Namibia	Africa	2007	52.906	2055080.0	4811.060429
Namibia	Africa	2007	54.026	2018600.0	10162.2400708746
Namibia	Africa	2008	54.74	2047056.0	10286.5124067605
Namibia	Africa	2009	55.347	2077394.0	10166.2899453939
Namibia	Africa	2010	56.093	2109811.0	10614.6201576671
Namibia	Africa	2011	56.647	2146325.0	10965.2729759535
Namibia	Africa	2012	57.733	2194654.0	11266.6089486464
Namibia	Africa	2013	58.468	2252508.0	11593.5753768689
Namibia	Africa	2014	59.311	2312139.0	11982.6963648348
Namibia	Africa	2015	60.008	2374300.0	12166.5658392058
Namibia	Africa	2016	60.81	2439213.0	11846.7880832757
Namibia	Africa	2017	61.661	2506853.0	11408.7253099967
Namibia	Africa	2018	62.579	2577327.0	11214.38604306
Namibia	Africa	2019	63.546	2650494.0	10813.3044681944
Namibia	Africa	2020	64.071	2728762.0	9652.24827219463
Namibia	Africa	2021	60.85	2810548.0	9709.09930646771
Namibia	Africa	2022	64.19	2889662.0	9953.09752403491
Nepal	Asia	1952	36.157	9182536.0	545.8657229
Nepal	Asia	1957	37.686	9682338.0	597.9363558
Nepal	Asia	1962	39.393	10332057.0	652.3968593
Nepal	Asia	1967	41.472	11261690.0	676.4422254
Nepal	Asia	1972	43.971	12412593.0	674.7881296
Nepal	Asia	1977	46.748	13933198.0	694.1124398
Nepal	Asia	1982	49.594	15796314.0	718.3730947
Nepal	Asia	1987	52.537	17917180.0	775.6324501
Nepal	Asia	1990	54.771	19524573.0	1808.26490041654
Nepal	Asia	1991	55.65	20036500.0	1874.27513595212
Nepal	Asia	1992	55.727	20326209.0	897.7403604
Nepal	Asia	1992	56.686	20609707.0	1896.97166297747
Nepal	Asia	1993	57.597	21180159.0	1916.94352666156
Nepal	Asia	1994	58.631	21717479.0	2023.11519682155
Nepal	Asia	1995	59.323	22245439.0	2043.60517160069
Nepal	Asia	1996	60.044	22741862.0	2105.50832713857
Nepal	Asia	1997	59.426	23001113.0	1010.892138
Nepal	Asia	1997	60.823	23219463.0	2166.3126334505
Nepal	Asia	1998	61.532	23680357.0	2188.2220157023
Nepal	Asia	1999	62.035	24125199.0	2242.65011822095
Nepal	Asia	2000	62.642	24546509.0	2340.81563141298
Nepal	Asia	2001	63.288	24946748.0	2413.8142127556
Nepal	Asia	2002	61.34	25873917.0	1057.206311
Nepal	Asia	2002	63.507	25328981.0	2380.24424587571
Nepal	Asia	2003	64.229	25688758.0	2439.49479601556
Nepal	Asia	2004	64.744	26016656.0	2521.54105171428
Nepal	Asia	2005	65.275	26309458.0	2580.23106308364
Nepal	Asia	2006	65.891	26565425.0	2641.34799494749
Nepal	Asia	2007	63.785	28901790.0	1091.359778
Nepal	Asia	2007	66.169	26788492.0	2708.7143922589
Nepal	Asia	2008	66.442	26990037.0	2852.60983167965
Nepal	Asia	2009	66.6	27173035.0	2961.83900365912
Nepal	Asia	2010	66.772	27341952.0	3085.31407004502
Nepal	Asia	2011	67.123	27464494.0	3176.65040602417
Nepal	Asia	2012	67.364	27534915.0	3316.50073452021
Nepal	Asia	2013	67.598	27589996.0	3426.5579593796
Nepal	Asia	2014	67.812	27672370.0	3621.73168937112
Nepal	Asia	2015	67.374	27823629.0	3745.26182249477
Nepal	Asia	2016	68.444	27955462.0	3743.7445783578
Nepal	Asia	2017	68.74	28011258.0	4071.70431755798
Nepal	Asia	2018	69.036	28079689.0	4371.38571771897
Nepal	Asia	2019	69.299	28414064.0	4607.52454717112
Nepal	Asia	2020	69.106	28966574.0	4412.5420439395
Nepal	Asia	2021	68.385	29475010.0	4546.22970006289
Nepal	Asia	2022	70.087	29715436.0	4763.38751073946
Netherlands	Europe	1952	72.13	10381988.0	8941.571858
Netherlands	Europe	1957	72.99	11026383.0	11276.19344
Netherlands	Europe	1962	73.23	11805689.0	12790.84956
Netherlands	Europe	1967	73.82	12596822.0	15363.25136
Netherlands	Europe	1972	73.75	13329874.0	18794.74567
Netherlands	Europe	1977	75.24	13852989.0	21209.0592
Netherlands	Europe	1982	76.05	14310401.0	21399.46046
Netherlands	Europe	1987	76.83	14665278.0	23651.32361
Netherlands	Europe	1990	76.8780487804878	14951510.0	43128.3126390938
Netherlands	Europe	1991	77.0	15069798.0	43833.4841712698
Netherlands	Europe	1992	77.42	15174244.0	26790.94961
Netherlands	Europe	1992	77.2170731707317	15184166.0	44245.5254850329
Netherlands	Europe	1993	76.9165853658537	15290368.0	44490.7561855682
Netherlands	Europe	1994	77.3751219512195	15382838.0	45532.8045253849
Netherlands	Europe	1995	77.4046341463415	15459006.0	46720.2879220144
Netherlands	Europe	1996	77.4356097560976	15530498.0	48095.966024712
Netherlands	Europe	1997	78.03	15604464.0	30246.13063
Netherlands	Europe	1997	77.7943902439024	15610650.0	49881.8758323461
Netherlands	Europe	1998	77.8829268292683	15707209.0	51879.3803259073
Netherlands	Europe	1999	77.8365853658537	15812088.0	54134.3622865113
Netherlands	Europe	2000	77.9878048780488	15925513.0	56016.8727218416
Netherlands	Europe	2001	78.190243902439	16046180.0	56887.4332731111
Netherlands	Europe	2002	78.53	16122830.0	33724.75778
Netherlands	Europe	2002	78.2926829268293	16148929.0	56664.4134372303
Netherlands	Europe	2003	78.4926829268293	16225302.0	56452.8674805644
Netherlands	Europe	2004	79.0951219512195	16281779.0	57391.3645202468
Netherlands	Europe	2005	79.3463414634146	16319868.0	58422.0135197444
Netherlands	Europe	2006	79.6975609756098	16346101.0	60391.544265121
Netherlands	Europe	2007	79.762	16570613.0	36797.93332
Netherlands	Europe	2007	80.0975609756098	16381696.0	62601.6205718183
Netherlands	Europe	2008	80.2512195121951	16445593.0	63678.4032834996
Netherlands	Europe	2009	80.5487804878049	16530388.0	61029.7298855714
Netherlands	Europe	2010	80.7024390243902	16615394.0	61518.5540088717
Netherlands	Europe	2011	81.2048780487805	16693074.0	62318.1416226231
Netherlands	Europe	2012	81.1048780487805	16754962.0	61480.8126014961
Netherlands	Europe	2013	81.3048780487805	16804432.0	61281.288807752
Netherlands	Europe	2014	81.7073170731707	16865008.0	62045.8563802085
Netherlands	Europe	2015	81.509756097561	16939923.0	63081.3941350677
Netherlands	Europe	2016	81.5609756097561	17030314.0	64267.736357935
Netherlands	Europe	2017	81.7609756097561	17131296.0	65666.0036593237
Netherlands	Europe	2018	81.8121951219512	17231624.0	66758.2640145753
Netherlands	Europe	2019	82.1121951219512	17344874.0	67847.8542926795
Netherlands	Europe	2020	81.3585365853659	17441500.0	64862.1922496366
Netherlands	Europe	2021	81.309756097561	17533044.0	68573.5648786446
Netherlands	Europe	2022	81.6146341463415	17700982.0	71324.0360349277
New Zealand	Oceania	1952	69.39	1994794.0	10556.57566
New Zealand	Oceania	1957	70.26	2229407.0	12247.39532
New Zealand	Oceania	1962	71.24	2488550.0	13175.678
New Zealand	Oceania	1967	71.52	2728150.0	14463.91893
New Zealand	Oceania	1972	71.89	2929100.0	16046.03728
New Zealand	Oceania	1977	72.22	3164900.0	16233.7177
New Zealand	Oceania	1982	73.84	3210650.0	17632.4104
New Zealand	Oceania	1987	74.32	3317166.0	19007.19129
New Zealand	Oceania	1990	75.3780487804878	3329800.0	30695.4673486392
New Zealand	Oceania	1991	76.0317073170732	3495100.0	28924.7432009087
New Zealand	Oceania	1992	76.33	3437674.0	18363.32494
New Zealand	Oceania	1992	76.1243902439025	3531700.0	28938.0980223644
New Zealand	Oceania	1993	76.4341463414634	3572200.0	30438.6278566661
New Zealand	Oceania	1994	76.8829268292683	3620000.0	31574.3568979925
New Zealand	Oceania	1995	76.7341463414634	3673400.0	32584.6549851439
New Zealand	Oceania	1996	76.7878048780488	3732000.0	33231.4477971415
New Zealand	Oceania	1997	77.55	3676187.0	21050.41377
New Zealand	Oceania	1997	77.3341463414634	3781300.0	33480.1450529262
New Zealand	Oceania	1998	78.0853658536585	3815000.0	33469.2534254937
New Zealand	Oceania	1999	77.890243902439	3835100.0	35084.291368526
New Zealand	Oceania	2000	78.6365853658537	3857700.0	35879.7911310766
New Zealand	Oceania	2001	78.6926829268293	3880500.0	36885.644684201
New Zealand	Oceania	2002	79.11	3908037.0	23189.80135
New Zealand	Oceania	2002	78.8463414634146	3948500.0	37959.0650638123
New Zealand	Oceania	2003	79.1463414634146	4027200.0	38976.9126257578
New Zealand	Oceania	2004	79.5487804878049	4087500.0	39971.7705007585
New Zealand	Oceania	2005	79.8512195121951	4133900.0	40848.2981387428
New Zealand	Oceania	2006	80.0487804878049	4184600.0	41475.1217441795
New Zealand	Oceania	2007	80.204	4115771.0	25185.00911
New Zealand	Oceania	2007	80.1512195121951	4223800.0	42346.0894838728
New Zealand	Oceania	2008	80.3512195121951	4259800.0	41561.1820713151
New Zealand	Oceania	2009	80.7024390243902	4302600.0	41132.3368456501
New Zealand	Oceania	2010	80.9048780487805	4350700.0	41270.9285099133
New Zealand	Oceania	2011	81.1560975609756	4384000.0	41814.8851834052
New Zealand	Oceania	2012	81.4073170731707	4408100.0	42570.3332823343
New Zealand	Oceania	2013	81.4048780487805	4442100.0	43338.4373782961
New Zealand	Oceania	2014	81.4568292682927	4516500.0	44255.5046637459
New Zealand	Oceania	2015	81.6124390243903	4609400.0	44963.8339159182
New Zealand	Oceania	2016	81.6585365853659	4714100.0	45626.6818435018
New Zealand	Oceania	2017	81.8585365853659	4813600.0	46193.2884771696
New Zealand	Oceania	2018	81.7073170731707	4900600.0	46947.937247914
New Zealand	Oceania	2019	82.0560975609756	4970300.0	47362.3199332352
New Zealand	Oceania	2020	82.2560975609756	5072400.0	46266.3954728951
New Zealand	Oceania	2021	82.2073170731707	5084600.0	48248.7176729892
New Zealand	Oceania	2022	81.9585365853658	5081700.0	49964.1765523158
Nicaragua	Americas	1952	42.314	1165790.0	3112.363948
Nicaragua	Americas	1957	45.432	1358828.0	3457.415947
Nicaragua	Americas	1962	48.632	1590597.0	3634.364406
Nicaragua	Americas	1967	51.884	1865490.0	4643.393534
Nicaragua	Americas	1972	55.151	2182908.0	4688.593267
Nicaragua	Americas	1977	57.47	2554598.0	5486.371089
Nicaragua	Americas	1982	59.298	2979423.0	3470.338156
Nicaragua	Americas	1987	62.008	3344353.0	2955.984375
Nicaragua	Americas	1990	62.473	4162559.0	4217.60888499484
Nicaragua	Americas	1991	63.31	4259637.0	4113.68749893654
Nicaragua	Americas	1992	65.843	4017939.0	2170.151724
Nicaragua	Americas	1992	63.672	4357026.0	4037.27548904798
Nicaragua	Americas	1993	64.093	4453732.0	3934.09275716749
Nicaragua	Americas	1994	64.549	4549316.0	3979.98533697261
Nicaragua	Americas	1995	64.869	4642931.0	4130.28612675871
Nicaragua	Americas	1996	65.215	4729974.0	4311.49316853482
Nicaragua	Americas	1997	68.426	4609572.0	2253.023004
Nicaragua	Americas	1997	65.523	4809573.0	4408.32889987936
Nicaragua	Americas	1998	64.111	4883655.0	4502.59836619887
Nicaragua	Americas	1999	65.892	4954018.0	4750.94886822618
Nicaragua	Americas	2000	66.36	5022633.0	4878.24776981667
Nicaragua	Americas	2001	67.028	5087825.0	4958.32771126837
Nicaragua	Americas	2002	70.836	5146848.0	2474.548819
Nicaragua	Americas	2002	67.95	5149909.0	4935.48539005128
Nicaragua	Americas	2003	68.749	5210963.0	5000.6117655634
Nicaragua	Americas	2004	69.51	5272912.0	5204.38202801757
Nicaragua	Americas	2005	70.374	5342105.0	5356.95850970538
Nicaragua	Americas	2006	70.958	5418855.0	5500.40577576797
Nicaragua	Americas	2007	72.899	5675356.0	2749.320965
Nicaragua	Americas	2007	71.197	5497243.0	5697.21109549591
Nicaragua	Americas	2008	71.404	5576593.0	5809.09964464617
Nicaragua	Americas	2009	71.499	5656601.0	5538.3658931707
Nicaragua	Americas	2010	71.761	5737450.0	5701.12790180564
Nicaragua	Americas	2011	72.033	5819051.0	5976.25284495841
Nicaragua	Americas	2012	72.435	5901287.0	6275.7876907774
Nicaragua	Americas	2013	72.551	5983845.0	6494.14961103199
Nicaragua	Americas	2014	72.792	6066492.0	6712.21749816316
Nicaragua	Americas	2015	72.899	6149417.0	6939.03286207731
Nicaragua	Americas	2016	73.18	6232666.0	7158.75799760378
Nicaragua	Americas	2017	73.389	6316231.0	7391.19683946294
Nicaragua	Americas	2018	73.879	6400080.0	7049.02753442352
Nicaragua	Americas	2019	73.764	6483657.0	6756.59375829081
Nicaragua	Americas	2020	70.766	6565267.0	6523.3698502278
Nicaragua	Americas	2021	70.478	6644741.0	7119.16923360042
Nicaragua	Americas	2022	74.463	6730654.0	7277.82264804562
Niger	Africa	1952	37.444	3379468.0	761.879376
Niger	Africa	1957	38.598	3692184.0	835.5234025
Niger	Africa	1962	39.487	4076008.0	997.7661127
Niger	Africa	1967	40.118	4534062.0	1054.384891
Niger	Africa	1972	40.546	5060262.0	954.2092363
Niger	Africa	1977	41.291	5682086.0	808.8970728
Niger	Africa	1982	42.598	6437188.0	909.7221354
Niger	Africa	1987	44.555	7332638.0	668.3000228
Niger	Africa	1990	41.732	8286059.0	1411.84892200281
Niger	Africa	1991	42.289	8546900.0	1362.74545343526
Niger	Africa	1992	47.391	8392818.0	581.182725
Niger	Africa	1992	43.064	8817633.0	1347.33229741984
Niger	Africa	1993	43.838	9100789.0	1309.6112110994
Niger	Africa	1994	44.586	9398258.0	1291.68161029002
Niger	Africa	1995	45.504	9714529.0	1280.3354211914
Niger	Africa	1996	46.313	10044852.0	1239.47664115174
Niger	Africa	1997	51.313	9666252.0	580.3052092
Niger	Africa	1997	47.097	10383969.0	1217.31253567922
Niger	Africa	1998	47.807	10741413.0	1294.16191156539
Niger	Africa	1999	48.48	11117411.0	1247.64712892756
Niger	Africa	2000	49.172	11509630.0	1190.56674543223
Niger	Africa	2001	49.872	11920647.0	1233.06511808278
Niger	Africa	2002	54.496	11140655.0	601.0745012
Niger	Africa	2002	50.645	12349144.0	1248.82313660601
Niger	Africa	2003	51.545	12796984.0	1231.2780915085
Niger	Africa	2004	52.402	13265836.0	1192.0823507557
Niger	Africa	2005	53.32	13756192.0	1233.87551052205
Niger	Africa	2006	54.223	14268581.0	1260.12046671298
Niger	Africa	2007	56.867	12894865.0	619.6768924
Niger	Africa	2007	55.063	14803610.0	1252.74827252938
Niger	Africa	2008	55.852	15361915.0	1300.55418500177
Niger	Africa	2009	56.487	15943675.0	1277.69230957636
Niger	Africa	2010	57.08	16548835.0	1336.56410237447
Niger	Africa	2011	57.6	17176283.0	1318.10130997844
Niger	Africa	2012	57.987	17836769.0	1403.18971067857
Niger	Africa	2013	58.364	18519898.0	1423.26169034701
Niger	Africa	2014	58.693	19215909.0	1462.82122998491
Niger	Africa	2015	58.85	19939498.0	1471.66135329224
Niger	Africa	2016	59.228	20685753.0	1500.00858681288
Niger	Africa	2017	59.524	21435446.0	1520.0015371232
Niger	Africa	2018	59.765	22188069.0	1574.33838262666
Niger	Africa	2019	60.031	22947757.0	1612.63734693259
Niger	Africa	2020	59.89	23717613.0	1615.69272448944
Niger	Africa	2021	59.542	24502140.0	1585.59922021188
Niger	Africa	2022	60.398	25311973.0	1717.51891457684
Nigeria	Africa	1952	36.324	33119096.0	1077.281856
Nigeria	Africa	1957	37.802	37173340.0	1100.592563
Nigeria	Africa	1962	39.36	41871351.0	1150.927478
Nigeria	Africa	1967	41.04	47287752.0	1014.514104
Nigeria	Africa	1972	42.821	53740085.0	1698.388838
Nigeria	Africa	1977	44.514	62209173.0	1981.951806
Nigeria	Africa	1982	45.826	73039376.0	1576.97375
Nigeria	Africa	1987	46.886	81551520.0	1385.029563
Nigeria	Africa	1990	45.733	97120925.0	5423.8068960709
Nigeria	Africa	1991	45.483	99720162.0	5301.36342299095
Nigeria	Africa	1992	47.472	93364244.0	1619.848217
Nigeria	Africa	1992	45.587	102372770.0	5403.15311816844
Nigeria	Africa	1993	45.783	105122069.0	5154.75757918925
Nigeria	Africa	1994	45.748	107935714.0	4929.26827930529
Nigeria	Africa	1995	45.87	110819428.0	4797.51152154868
Nigeria	Africa	1996	45.833	113754779.0	4869.82113341489
Nigeria	Africa	1997	47.464	106207839.0	1624.941275
Nigeria	Africa	1997	45.96	116754792.0	4884.04743279879
Nigeria	Africa	1998	46.148	119846254.0	4880.87997128038
Nigeria	Africa	1999	46.609	123047320.0	4781.67311002018
Nigeria	Africa	2000	47.143	126382494.0	4889.00321939426
Nigeria	Africa	2001	47.549	129862595.0	5039.54869772676
Nigeria	Africa	2002	46.608	119901274.0	1615.286395
Nigeria	Africa	2002	48.02	133471989.0	5654.89706065018
Nigeria	Africa	2003	48.618	137202644.0	5905.31482803165
Nigeria	Africa	2004	49.148	141057045.0	6275.29894529583
Nigeria	Africa	2005	49.538	145017253.0	6496.93228200091
Nigeria	Africa	2006	49.876	149077334.0	6702.94533358778
Nigeria	Africa	2007	46.859	135031164.0	2013.977305
Nigeria	Africa	2007	50.381	153267261.0	6949.42650737506
Nigeria	Africa	2008	50.748	157595014.0	7215.76946222422
Nigeria	Africa	2009	51.08	162049464.0	7581.40572117009
Nigeria	Africa	2010	51.315	166642886.0	7962.6395731076
Nigeria	Africa	2011	51.49	171379598.0	8153.53178680367
Nigeria	Africa	2012	51.688	176200625.0	8265.9055121162
Nigeria	Africa	2013	51.827	181049443.0	8581.207822956
Nigeria	Africa	2014	51.94	185896915.0	8884.77428661657
Nigeria	Africa	2015	51.939	190671878.0	8892.05798706748
Nigeria	Africa	2016	52.189	195443700.0	8534.69281513898
Nigeria	Africa	2017	52.397	200254579.0	8396.78452274331
Nigeria	Africa	2018	52.669	204938755.0	8362.62330891339
Nigeria	Africa	2019	53.009	209485641.0	8361.78664857198
Nigeria	Africa	2020	53.072	213996181.0	7664.21099591193
Nigeria	Africa	2021	53.455	218529286.0	7588.47885596359
Nigeria	Africa	2022	54.079	223150896.0	7752.26206532009
Norway	Europe	1952	72.67	3327728.0	10095.42172
Norway	Europe	1957	73.44	3491938.0	11653.97304
Norway	Europe	1962	73.47	3638919.0	13450.40151
Norway	Europe	1967	74.08	3786019.0	16361.87647
Norway	Europe	1972	74.34	3933004.0	18965.05551
Norway	Europe	1977	75.37	4043205.0	23311.34939
Norway	Europe	1982	75.97	4114787.0	26298.63531
Norway	Europe	1987	75.89	4186147.0	31540.9748
Norway	Europe	1990	76.5373170731707	4241473.0	57106.8839477005
Norway	Europe	1991	76.9807317073171	4261732.0	58588.4683793671
Norway	Europe	1992	77.32	4286357.0	33965.66115
Norway	Europe	1992	77.1843902439025	4286401.0	60333.4494661276
Norway	Europe	1993	77.1517073170732	4311991.0	61681.8032830775
Norway	Europe	1994	77.689756097561	4336613.0	64432.0723716969
Norway	Europe	1995	77.7365853658537	4359184.0	66762.1587276864
Norway	Europe	1996	78.1504878048781	4381336.0	69764.3814246187
Norway	Europe	1997	78.32	4405672.0	41283.16433
Norway	Europe	1997	78.1426829268293	4405157.0	73053.9655256434
Norway	Europe	1998	78.3292682926829	4431464.0	74558.2948989562
Norway	Europe	1999	78.2829268292683	4461913.0	75583.834403854
Norway	Europe	2000	78.6341463414634	4490967.0	77587.2073182558
Norway	Europe	2001	78.7853658536585	4513751.0	78791.3045707129
Norway	Europe	2002	79.05	4535591.0	44683.97525
Norway	Europe	2002	78.9878048780488	4538159.0	79447.0914824426
Norway	Europe	2003	79.390243902439	4564855.0	79728.7849973309
Norway	Europe	2004	79.8414634146342	4591910.0	82440.9558801113
Norway	Europe	2005	80.0414634146342	4623291.0	84079.996241889
Norway	Europe	2006	80.3439024390244	4660677.0	85458.5466934023
Norway	Europe	2007	80.196	4627926.0	49357.19017
Norway	Europe	2007	80.3951219512195	4709153.0	87043.4979357593
Norway	Europe	2008	80.5926829268293	4768212.0	86379.6624832291
Norway	Europe	2009	80.7951219512195	4828726.0	83642.0695747773
Norway	Europe	2010	80.9975609756098	4889252.0	83256.7880722557
Norway	Europe	2011	81.2951219512195	4953088.0	83092.4342216441
Norway	Europe	2012	81.4512195121951	5018573.0	84237.1495663816
Norway	Europe	2013	81.7512195121951	5079623.0	84070.4583940478
Norway	Europe	2014	82.1	5137232.0	84830.2558016961
Norway	Europe	2015	82.3048780487805	5188607.0	85550.2942614495
Norway	Europe	2016	82.4073170731707	5234519.0	85787.6174410424
Norway	Europe	2017	82.609756097561	5276968.0	87194.1115421374
Norway	Europe	2018	82.7585365853659	5311916.0	87338.4708008985
Norway	Europe	2019	82.9585365853659	5347896.0	87725.7283254613
Norway	Europe	2020	83.209756097561	5379475.0	86096.0508947506
Norway	Europe	2021	83.1634146341463	5408320.0	88984.1386736515
Norway	Europe	2022	82.509756097561	5457127.0	91051.0831968407
Oman	Asia	1952	37.578	507833.0	1828.230307
Oman	Asia	1957	40.08	561977.0	2242.746551
Oman	Asia	1962	43.165	628164.0	2924.638113
Oman	Asia	1967	46.988	714775.0	4720.942687
Oman	Asia	1972	52.143	829050.0	10618.03855
Oman	Asia	1977	57.367	1004533.0	11848.34392
Oman	Asia	1982	62.728	1301048.0	12954.79101
Oman	Asia	1987	67.734	1593882.0	18115.22313
Oman	Asia	1990	69.012	1763954.0	35201.5524871089
Oman	Asia	1991	69.584	1851473.0	35574.6761369599
Oman	Asia	1992	71.197	1915208.0	18616.70691
Oman	Asia	1992	70.114	1938238.0	36841.4011555658
Oman	Asia	1993	70.608	2021675.0	37455.340258395
Oman	Asia	1994	71.072	2081834.0	37782.723828978
Oman	Asia	1995	71.56	2120528.0	38946.7742715175
Oman	Asia	1996	72.023	2156926.0	39455.8264119985
Oman	Asia	1997	72.499	2283635.0	19702.05581
Oman	Asia	1997	72.463	2190720.0	41191.0312402444
Oman	Asia	1998	72.882	2222489.0	40574.674486189
Oman	Asia	1999	73.276	2252909.0	40145.9312841691
Oman	Asia	2000	73.643	2282131.0	42086.0431536301
Oman	Asia	2001	73.979	2310217.0	43492.2863754557
Oman	Asia	2002	74.193	2713462.0	19774.83687
Oman	Asia	2002	74.276	2337140.0	42654.1482671623
Oman	Asia	2003	74.521	2363796.0	41247.5873733105
Oman	Asia	2004	74.82	2404821.0	41351.7687385072
Oman	Asia	2005	75.07	2459802.0	41551.1413844552
Oman	Asia	2006	75.354	2514795.0	42540.4398485334
Oman	Asia	2007	75.64	3204897.0	22316.19287
Oman	Asia	2007	75.596	2570174.0	43696.9691440917
Oman	Asia	2008	76.124	2626529.0	46586.3955926767
Oman	Asia	2009	76.631	2684659.0	48304.1178923167
Oman	Asia	2010	77.184	2757446.0	48191.6145135737
Oman	Asia	2011	77.74	3076763.0	44440.3092616125
Oman	Asia	2012	78.187	3547106.0	41964.0828578552
Oman	Asia	2013	78.633	3833913.0	40854.4853548905
Oman	Asia	2014	79.03	4002439.0	39639.9870514802
Oman	Asia	2015	79.346	4184895.0	39813.7887054675
Oman	Asia	2016	79.581	4390877.0	39860.9893909688
Oman	Asia	2017	79.748	4537396.0	38691.1077105097
Oman	Asia	2018	79.864	4597877.0	38673.6045360857
Oman	Asia	2019	79.946	4591241.0	38292.3859682752
Oman	Asia	2020	77.763	4522497.0	37560.5998714953
Oman	Asia	2021	75.969	4500424.0	38719.4587682049
Oman	Asia	2022	77.911	4730226.0	39780.2122774985
Pakistan	Asia	1952	43.436	41346560.0	684.5971438
Pakistan	Asia	1957	45.557	46679944.0	747.0835292
Pakistan	Asia	1962	47.67	53100671.0	803.3427418
Pakistan	Asia	1967	49.8	60641899.0	942.4082588
Pakistan	Asia	1972	51.929	69325921.0	1049.938981
Pakistan	Asia	1977	54.043	78152686.0	1175.921193
Pakistan	Asia	1982	56.158	91462088.0	1443.429832
Pakistan	Asia	1987	58.245	105186881.0	1704.686583
Pakistan	Asia	1990	59.728	116155576.0	3199.72962609833
Pakistan	Asia	1991	59.864	120060406.0	3252.35104026309
Pakistan	Asia	1992	60.838	120065004.0	1971.829464
Pakistan	Asia	1992	59.983	123546848.0	3404.12138406329
Pakistan	Asia	1993	60.083	127020117.0	3369.23795906028
Pakistan	Asia	1994	60.197	130748083.0	3395.50432067539
Pakistan	Asia	1995	60.273	134582253.0	3462.47336165841
Pakistan	Asia	1996	60.466	138557092.0	3526.14160875155
Pakistan	Asia	1997	61.818	135564834.0	2049.350521
Pakistan	Asia	1997	60.623	142531804.0	3462.58145605889
Pakistan	Asia	1998	61.134	146522356.0	3454.17665330544
Pakistan	Asia	1999	61.54	150565377.0	3484.45678319813
Pakistan	Asia	2000	61.903	154879127.0	3531.71291531612
Pakistan	Asia	2001	62.241	159270907.0	3559.72784658715
Pakistan	Asia	2002	63.61	153403524.0	2092.712441
Pakistan	Asia	2002	62.556	163222549.0	3563.67846926558
Pakistan	Asia	2003	62.834	167110248.0	3668.77938852508
Pakistan	Asia	2004	63.097	171286000.0	3859.64601808903
Pakistan	Asia	2005	62.416	175453212.0	4042.15457513378
Pakistan	Asia	2006	63.624	179682690.0	4185.86655659206
Pakistan	Asia	2007	65.483	169270617.0	2605.94758
Pakistan	Asia	2007	63.807	184493231.0	4257.92556870432
Pakistan	Asia	2008	64.002	189499113.0	4233.34830715497
Pakistan	Asia	2009	64.206	194376534.0	4270.43882264229
Pakistan	Asia	2010	64.378	199239047.0	4228.7817715945
Pakistan	Asia	2011	64.659	203746065.0	4246.06710882497
Pakistan	Asia	2012	64.883	207667125.0	4292.02110293486
Pakistan	Asia	2013	65.129	211073978.0	4407.14705841377
Pakistan	Asia	2014	65.374	214264647.0	4520.23463399286
Pakistan	Asia	2015	65.641	217290883.0	4645.28631071145
Pakistan	Asia	2016	65.943	220138869.0	4886.61212115378
Pakistan	Asia	2017	66.223	223273967.0	5031.56060738433
Pakistan	Asia	2018	66.481	226928892.0	5255.06350681272
Pakistan	Asia	2019	66.729	230800899.0	5295.95295138203
Pakistan	Asia	2020	65.701	235001746.0	5135.01459288839
Pakistan	Asia	2021	65.773	239477801.0	5367.27364714762
Pakistan	Asia	2022	67.417	243700667.0	5526.27928310213
Panama	Americas	1952	55.191	940080.0	2480.380334
Panama	Americas	1957	59.201	1063506.0	2961.800905
Panama	Americas	1962	61.817	1215725.0	3536.540301
Panama	Americas	1967	64.071	1405486.0	4421.009084
Panama	Americas	1972	66.216	1616384.0	5364.249663
Panama	Americas	1977	68.681	1839782.0	5351.912144
Panama	Americas	1982	70.472	2036305.0	7009.601598
Panama	Americas	1987	71.523	2253639.0	7034.779161
Panama	Americas	1990	71.266	2455583.0	10263.688873241
Panama	Americas	1991	71.331	2508265.0	10994.5496018421
Panama	Americas	1992	72.462	2484997.0	6618.74305
Panama	Americas	1992	71.461	2561336.0	11649.7957720553
Panama	Americas	1993	71.805	2615099.0	12032.8075975884
Panama	Americas	1994	71.943	2669546.0	12123.3492221421
Panama	Americas	1995	71.994	2724557.0	12086.6434128166
Panama	Americas	1996	72.199	2780227.0	12327.8514997327
Panama	Americas	1997	73.738	2734531.0	7113.692252
Panama	Americas	1997	72.541	2836695.0	13013.8909440715
Panama	Americas	1998	72.785	2893914.0	13826.532301715
Panama	Americas	1999	73.124	2951822.0	14261.7409202087
Panama	Americas	2000	73.443	3010369.0	14572.9752457781
Panama	Americas	2001	73.82	3069537.0	14427.8299350708
Panama	Americas	2002	74.712	2990875.0	7356.031934
Panama	Americas	2002	74.195	3129344.0	14507.1438361336
Panama	Americas	2003	74.567	3189807.0	14957.5532657251
Panama	Americas	2004	74.845	3251155.0	15875.1127056615
Panama	Americas	2005	75.16	3313026.0	16867.960935567
Panama	Americas	2006	75.429	3375024.0	18190.2741337857
Panama	Americas	2007	75.537	3242173.0	9809.185636
Panama	Americas	2007	75.675	3437490.0	20208.8215796091
Panama	Americas	2008	75.937	3500648.0	21867.81875743
Panama	Americas	2009	76.228	3564381.0	21822.98771721
Panama	Americas	2010	76.417	3628535.0	22739.1106156183
Panama	Americas	2011	76.659	3693505.0	24999.4605922405
Panama	Americas	2012	76.877	3759256.0	26926.8852947452
Panama	Americas	2013	77.129	3825329.0	28135.3278787268
Panama	Americas	2014	77.365	3892101.0	28931.8044516019
Panama	Americas	2015	77.583	3960035.0	29933.1555965973
Panama	Americas	2016	77.772	4029086.0	30765.2371534884
Panama	Americas	2017	77.901	4098707.0	31979.8122635605
Panama	Americas	2018	78.266	4167860.0	32681.4463581168
Panama	Americas	2019	78.514	4234700.0	33163.726919217
Panama	Americas	2020	76.33	4293261.0	26881.7987214437
Panama	Americas	2021	77.004	4345405.0	30932.7627809145
Panama	Americas	2022	79.324	4400773.0	33915.1526066674
Paraguay	Americas	1952	62.649	1555876.0	1952.308701
Paraguay	Americas	1957	63.196	1770902.0	2046.154706
Paraguay	Americas	1962	64.361	2009813.0	2148.027146
Paraguay	Americas	1967	64.951	2287985.0	2299.376311
Paraguay	Americas	1972	65.815	2614104.0	2523.337977
Paraguay	Americas	1977	66.353	2984494.0	3248.373311
Paraguay	Americas	1982	66.874	3366439.0	4258.503604
Paraguay	Americas	1987	67.378	3886512.0	3998.875695
Paraguay	Americas	1990	67.341	4035747.0	9962.4802784313
Paraguay	Americas	1991	67.676	4144364.0	10040.3122459136
Paraguay	Americas	1992	68.225	4483945.0	4196.411078
Paraguay	Americas	1992	67.961	4253600.0	9948.42118145656
Paraguay	Americas	1993	68.234	4362696.0	10178.4547948467
Paraguay	Americas	1994	68.504	4471417.0	10459.0898500494
Paraguay	Americas	1995	68.778	4579806.0	10908.2726627911
Paraguay	Americas	1996	69.05	4687543.0	10825.2874881089
Paraguay	Americas	1997	69.4	5154123.0	4247.400261
Paraguay	Americas	1997	69.284	4794412.0	11033.0157241318
Paraguay	Americas	1998	69.507	4900025.0	10802.5597410663
Paraguay	Americas	1999	69.774	5003135.0	10435.3986807111
Paraguay	Americas	2000	70.026	5100868.0	9998.5928544516
Paraguay	Americas	2001	70.281	5187689.0	9749.25865842257
Paraguay	Americas	2002	70.755	5884491.0	3783.674243
Paraguay	Americas	2002	70.539	5261328.0	9610.74777842153
Paraguay	Americas	2003	70.795	5326436.0	9903.45028992176
Paraguay	Americas	2004	71.054	5388175.0	10187.194394255
Paraguay	Americas	2005	71.317	5448097.0	10290.100822296
Paraguay	Americas	2006	71.584	5505148.0	10672.9933252383
Paraguay	Americas	2007	71.752	6667147.0	4172.838464
Paraguay	Americas	2007	71.817	5559386.0	11141.8704701878
Paraguay	Americas	2008	72.047	5613574.0	11751.1391651711
Paraguay	Americas	2009	72.282	5671236.0	11601.2854565092
Paraguay	Americas	2010	72.551	5737971.0	12738.5765601697
Paraguay	Americas	2011	72.787	5814626.0	13109.4665717904
Paraguay	Americas	2012	73.105	5897008.0	12834.8015915131
Paraguay	Americas	2013	73.292	5982445.0	13700.7030515391
Paraguay	Americas	2014	73.415	6069811.0	14219.3544308099
Paraguay	Americas	2015	73.454	6159103.0	14427.6002349811
Paraguay	Americas	2016	73.487	6249126.0	14826.6636909978
Paraguay	Americas	2017	73.45	6338660.0	15320.3366476954
Paraguay	Americas	2018	73.627	6427382.0	15592.9841390322
Paraguay	Americas	2019	73.668	6515058.0	15321.3245528947
Paraguay	Americas	2020	72.72	6603739.0	14991.6606201148
Paraguay	Americas	2021	68.108	6684182.0	15406.1670646576
Paraguay	Americas	2022	72.319	6760464.0	15259.1456311862
Peru	Americas	1952	43.902	8025700.0	3758.523437
Peru	Americas	1957	46.263	9146100.0	4245.256698
Peru	Americas	1962	49.096	10516500.0	4957.037982
Peru	Americas	1967	51.445	12132200.0	5788.09333
Peru	Americas	1972	55.448	13954700.0	5937.827283
Peru	Americas	1977	58.447	15990099.0	6281.290855
Peru	Americas	1982	61.406	18125129.0	6434.501797
Peru	Americas	1987	64.134	20195924.0	6360.943444
Peru	Americas	1990	63.979	22014771.0	6317.07906710902
Peru	Americas	1991	64.248	22483775.0	6322.5749048607
Peru	Americas	1992	66.458	22430449.0	4446.380924
Peru	Americas	1992	65.031	22946340.0	6161.63575258419
Peru	Americas	1993	65.732	23413783.0	6355.26196593997
Peru	Americas	1994	66.544	23881493.0	6997.70582373207
Peru	Americas	1995	67.22	24348919.0	7372.04245454078
Peru	Americas	1996	67.85	24811171.0	7437.19257195658
Peru	Americas	1997	68.386	24748122.0	5838.347657
Peru	Americas	1997	68.324	25274147.0	7773.82700600992
Peru	Americas	1998	68.724	25738095.0	7603.80928968867
Peru	Americas	1999	69.302	26186504.0	7585.32788841374
Peru	Americas	2000	69.821	26598331.0	7669.0953178046
Peru	Americas	2001	70.315	26964601.0	7611.6662817532
Peru	Americas	2002	69.906	26769436.0	5909.020073
Peru	Americas	2002	70.815	27288217.0	7931.57975039907
Peru	Americas	2003	71.278	27580490.0	8174.37942683849
Peru	Americas	2004	71.447	27852190.0	8495.986392858
Peru	Americas	2005	71.988	28101180.0	8949.95442691077
Peru	Americas	2006	72.337	28324491.0	9547.91327762554
Peru	Americas	2007	71.421	28674757.0	7408.905561
Peru	Americas	2007	72.746	28530699.0	10286.3548193625
Peru	Americas	2008	72.743	28719041.0	11151.530521564
Peru	Americas	2009	72.631	28896811.0	11204.3768755244
Peru	Americas	2010	72.886	29086019.0	12059.0180183322
Peru	Americas	2011	73.327	29304086.0	12726.5999815198
Peru	Americas	2012	73.979	29550366.0	13395.3993805891
Peru	Americas	2013	74.591	29817919.0	14052.1376191683
Peru	Americas	2014	75.26	30115826.0	14244.5660212948
Peru	Americas	2015	75.732	30457600.0	14542.7930911313
Peru	Americas	2016	75.951	30866494.0	14917.4489473588
Peru	Americas	2017	75.958	31324637.0	15069.5221084659
Peru	Americas	2018	76.018	31897584.0	15386.2601642505
Peru	Americas	2019	76.275	32449303.0	15463.5432397882
Peru	Americas	2020	73.832	32838579.0	13609.5999609595
Peru	Americas	2021	71.596	33155882.0	15280.5512106486
Peru	Americas	2022	76.834	33475438.0	15559.821643644
Philippines	Asia	1952	47.752	22438691.0	1272.880995
Philippines	Asia	1957	51.334	26072194.0	1547.944844
Philippines	Asia	1962	54.757	30325264.0	1649.552153
Philippines	Asia	1967	56.393	35356600.0	1814.12743
Philippines	Asia	1972	58.065	40850141.0	1989.37407
Philippines	Asia	1977	60.06	46850962.0	2373.204287
Philippines	Asia	1982	62.082	53456774.0	2603.273765
Philippines	Asia	1987	64.151	60017788.0	2189.634995
Philippines	Asia	1990	64.382	62854666.0	4504.46230383567
Philippines	Asia	1991	64.622	64382249.0	4378.39532090518
Philippines	Asia	1992	66.458	67185766.0	2279.324017
Philippines	Asia	1992	65.353	65926125.0	4293.71810131081
Philippines	Asia	1993	65.661	67530621.0	4283.15967786629
Philippines	Asia	1994	66.0	69019291.0	4374.06721651165
Philippines	Asia	1995	66.311	70546246.0	4477.32317711022
Philippines	Asia	1996	66.691	72190242.0	4631.77197705972
Philippines	Asia	1997	68.564	75012988.0	2536.534925
Philippines	Asia	1997	66.994	73908810.0	4758.70845808515
Philippines	Asia	1998	67.212	75791024.0	4616.67292900617
Philippines	Asia	1999	67.503	77753257.0	4650.75926947589
Philippines	Asia	2000	67.789	79625397.0	4740.43891694569
Philippines	Asia	2001	67.829	81401488.0	4778.4008437474
Philippines	Asia	2002	70.303	82995088.0	2650.921068
Philippines	Asia	2002	67.886	83068889.0	4856.49948429567
Philippines	Asia	2003	68.049	84731835.0	5003.38317718716
Philippines	Asia	2004	68.301	86394504.0	5229.45080700165
Philippines	Asia	2005	68.423	88015962.0	5386.81653712891
Philippines	Asia	2006	68.172	89508986.0	5578.57225112139
Philippines	Asia	2007	71.688	91077287.0	3190.481016
Philippines	Asia	2007	68.549	91075184.0	5840.06810169965
Philippines	Asia	2008	68.643	92699095.0	5987.03757861835
Philippines	Asia	2009	68.631	94384250.0	5965.30730902221
Philippines	Asia	2010	68.883	96337125.0	6273.03927731515
Philippines	Asia	2011	69.096	98248614.0	6388.31296959977
Philippines	Asia	2012	69.237	100175512.0	6697.55620962768
Philippines	Asia	2013	69.283	102076336.0	7016.53846470436
Philippines	Asia	2014	69.311	103767130.0	7340.361585912
Philippines	Asia	2015	69.45	105312992.0	7691.76308685047
Philippines	Asia	2016	69.49	106735719.0	8131.82537948653
Philippines	Asia	2017	69.966	108119693.0	8584.13622709699
Philippines	Asia	2018	69.761	109465287.0	9016.28659637608
Philippines	Asia	2019	69.68	110804683.0	9452.2939715981
Philippines	Asia	2020	70.097	112081264.0	8455.18457134106
Philippines	Asia	2021	66.675	113100950.0	8857.78995115514
Philippines	Asia	2022	69.472	113964338.0	9457.10395402883
Poland	Europe	1952	61.31	25730551.0	4029.329699
Poland	Europe	1957	65.77	28235346.0	4734.253019
Poland	Europe	1962	67.64	30329617.0	5338.752143
Poland	Europe	1967	69.61	31785378.0	6557.152776
Poland	Europe	1972	70.85	33039545.0	8006.506993
Poland	Europe	1977	70.67	34621254.0	9508.141454
Poland	Europe	1982	71.32	36227381.0	8451.531004
Poland	Europe	1987	70.98	37740710.0	9082.351172
Poland	Europe	1990	70.890243902439	38110782.0	12821.4636316574
Poland	Europe	1991	70.5878048780488	38246193.0	11879.7539252619
Poland	Europe	1992	70.99	38370697.0	7738.881247
Poland	Europe	1992	71.090243902439	38363667.0	12141.2351323725
Poland	Europe	1993	71.5951219512195	38461408.0	12563.1045363124
Poland	Europe	1994	71.6951219512195	38542652.0	13200.1614164951
Poland	Europe	1995	71.8926829268293	38594998.0	14227.5663687798
Poland	Europe	1996	72.2463414634146	38624370.0	15083.09812162
Poland	Europe	1997	72.75	38654957.0	10159.58368
Poland	Europe	1997	72.6463414634146	38649660.0	16031.7211485265
Poland	Europe	1998	72.9975609756098	38663481.0	16766.6492883267
Poland	Europe	1999	73.0439024390244	38660271.0	17556.0026927987
Poland	Europe	2000	73.7487804878049	38258629.0	18566.3546288772
Poland	Europe	2001	74.2	38248076.0	18800.6018648402
Poland	Europe	2002	74.67	38625976.0	12002.23908
Poland	Europe	2002	74.4975609756098	38230364.0	19166.9137058143
Poland	Europe	2003	74.5975609756098	38204570.0	19855.6317989181
Poland	Europe	2004	74.8463414634146	38182222.0	20878.6545002534
Poland	Europe	2005	74.9951219512195	38165445.0	21568.9476594356
Poland	Europe	2006	75.1439024390244	38141267.0	22921.1975887696
Poland	Europe	2007	75.563	38518241.0	15389.92468
Poland	Europe	2007	75.2439024390244	38120560.0	24484.0656663756
Poland	Europe	2008	75.5439024390244	38125759.0	25553.9058406534
Poland	Europe	2009	75.6951219512195	38151603.0	26204.410367111
Poland	Europe	2010	76.2463414634146	38042794.0	27112.1333797381
Poland	Europe	2011	76.6951219512195	38063255.0	28521.6612623568
Poland	Europe	2012	76.7463414634146	38063164.0	28952.9157305301
Poland	Europe	2013	77.0	38040196.0	29168.624211075
Poland	Europe	2014	77.6024390243903	38011735.0	30334.8786569618
Poland	Europe	2015	77.4512195121951	37986412.0	31700.3682364154
Poland	Europe	2016	77.8512195121951	37970087.0	32675.3052259954
Poland	Europe	2017	77.7536585365854	37974826.0	34354.5987616319
Poland	Europe	2018	77.6024390243903	37974750.0	36500.4114282584
Poland	Europe	2019	77.9048780487805	37965475.0	38181.6230334689
Poland	Europe	2020	76.4	37515748.0	37852.8021313639
Poland	Europe	2021	75.3512195121951	36981559.0	41059.5847829682
Poland	Europe	2022	77.1560975609756	36821749.0	43405.0215797441
Portugal	Europe	1952	59.82	8526050.0	3068.319867
Portugal	Europe	1957	61.51	8817650.0	3774.571743
Portugal	Europe	1962	64.39	9019800.0	4727.954889
Portugal	Europe	1967	66.6	9103000.0	6361.517993
Portugal	Europe	1972	69.26	8970450.0	9022.247417
Portugal	Europe	1977	70.41	9662600.0	10172.48572
Portugal	Europe	1982	72.77	9859650.0	11753.84291
Portugal	Europe	1987	74.06	9915289.0	13039.30876
Portugal	Europe	1990	73.9658536585366	9983218.0	27190.5720267043
Portugal	Europe	1991	74.0146341463415	9960235.0	28443.7945360373
Portugal	Europe	1992	74.86	9927680.0	16207.26663
Portugal	Europe	1992	74.3121951219512	9952494.0	28776.0475772619
Portugal	Europe	1993	74.5121951219512	9964675.0	28153.6155177216
Portugal	Europe	1994	74.9146341463415	9991525.0	28348.8658386372
Portugal	Europe	1995	75.3121951219512	10026176.0	29460.8141864852
Portugal	Europe	1996	75.2609756097561	10063945.0	30378.7557756388
Portugal	Europe	1997	75.97	10156415.0	17641.03156
Portugal	Europe	1997	75.4121951219512	10108977.0	31574.4021979121
Portugal	Europe	1998	75.7121951219512	10160196.0	32925.6638725858
Portugal	Europe	1999	75.9634146341463	10217828.0	34018.9637066505
Portugal	Europe	2000	76.3146341463415	10289898.0	35069.827570513
Portugal	Europe	2001	76.8146341463415	10362722.0	35500.226680409
Portugal	Europe	2002	77.29	10433867.0	19970.90787
Portugal	Europe	2002	77.0658536585366	10419631.0	35578.5200308997
Portugal	Europe	2003	77.219512195122	10458821.0	35115.3795144127
Portugal	Europe	2004	77.6707317073171	10483861.0	35658.1298257503
Portugal	Europe	2005	78.0707317073171	10503330.0	35870.3092741499
Portugal	Europe	2006	78.419512195122	10522288.0	36387.5367379519
Portugal	Europe	2007	78.098	10642836.0	20509.64777
Portugal	Europe	2007	78.3219512195122	10542964.0	37226.47026267
Portugal	Europe	2008	78.5243902439025	10558177.0	37291.504896966
Portugal	Europe	2009	78.7268292682927	10568247.0	36092.8109314685
Portugal	Europe	2010	79.0268292682927	10573100.0	36703.1141882821
Portugal	Europe	2011	80.4707317073171	10557560.0	36127.2949766154
Portugal	Europe	2012	80.3731707317073	10514844.0	34804.6333340481
Portugal	Europe	2013	80.7219512195122	10457295.0	34651.7719455055
Portugal	Europe	2014	81.1219512195122	10401062.0	35097.4098263229
Portugal	Europe	2015	81.1243902439025	10358076.0	35803.3575649769
Portugal	Europe	2016	81.1243902439025	10325452.0	36636.2978441633
Portugal	Europe	2017	81.4243902439025	10300300.0	37943.1150505673
Portugal	Europe	2018	81.3243902439024	10283822.0	39123.6151282571
Portugal	Europe	2019	81.6756097560976	10286263.0	40188.2868799219
Portugal	Europe	2020	81.3292682926829	10297081.0	36852.22873381
Portugal	Europe	2021	81.3780487804878	10361831.0	38657.6677223425
Portugal	Europe	2022	81.6317073170732	10434332.0	41070.861152974
Puerto Rico	Americas	1952	64.28	2227000.0	3081.959785
Puerto Rico	Americas	1957	68.54	2260000.0	3907.156189
Puerto Rico	Americas	1962	69.62	2448046.0	5108.34463
Puerto Rico	Americas	1967	71.1	2648961.0	6929.277714
Puerto Rico	Americas	1972	72.16	2847132.0	9123.041742
Puerto Rico	Americas	1977	73.44	3080828.0	9770.524921
Puerto Rico	Americas	1982	73.75	3279001.0	10330.98915
Puerto Rico	Americas	1987	74.63	3444468.0	12281.34191
Puerto Rico	Americas	1992	73.911	3585176.0	14641.58711
Puerto Rico	Americas	1997	74.917	3759430.0	16999.4333
Puerto Rico	Americas	2002	77.778	3859606.0	18855.60618
Puerto Rico	Americas	2007	78.746	3942491.0	19328.70901
Reunion	Africa	1952	52.724	257700.0	2718.885295
Reunion	Africa	1957	55.09	308700.0	2769.451844
Reunion	Africa	1962	57.666	358900.0	3173.72334
Reunion	Africa	1967	60.542	414024.0	4021.175739
Reunion	Africa	1972	64.274	461633.0	5047.658563
Reunion	Africa	1977	67.064	492095.0	4319.804067
Reunion	Africa	1982	69.885	517810.0	5267.219353
Reunion	Africa	1987	71.913	562035.0	5303.377488
Reunion	Africa	1992	73.615	622191.0	6101.255823
Reunion	Africa	1997	74.772	684810.0	6071.941411
Reunion	Africa	2002	75.744	743981.0	6316.1652
Reunion	Africa	2007	76.442	798094.0	7670.122558
Romania	Europe	1952	61.05	16630000.0	3144.613186
Romania	Europe	1957	64.1	17829327.0	3943.370225
Romania	Europe	1962	66.8	18680721.0	4734.997586
Romania	Europe	1967	66.8	19284814.0	6470.866545
Romania	Europe	1972	69.21	20662648.0	8011.414402
Romania	Europe	1977	69.46	21658597.0	9356.39724
Romania	Europe	1982	69.66	22356726.0	9605.314053
Romania	Europe	1987	69.53	22686371.0	9696.273295
Romania	Europe	1990	69.7412195121951	23201835.0	16316.9015912885
Romania	Europe	1991	69.7843902439024	23001155.0	14333.0206826019
Romania	Europe	1992	69.36	22797027.0	6598.409903
Romania	Europe	1992	69.7843902439024	22794284.0	13195.087838974
Romania	Europe	1993	69.5634146341464	22763280.0	13415.0656039016
Romania	Europe	1994	69.509756097561	22730211.0	13962.8225733154
Romania	Europe	1995	69.4560975609756	22684270.0	14863.2374457144
Romania	Europe	1996	69.1048780487805	22619004.0	15488.6115119755
Romania	Europe	1997	69.72	22562458.0	7346.547557
Romania	Europe	1997	69.0048780487805	22553978.0	14780.0492880059
Romania	Europe	1998	69.8073170731708	22507344.0	14510.0438041819
Romania	Europe	1999	70.5121951219512	22472040.0	14478.0998622304
Romania	Europe	2000	71.1634146341463	22442971.0	14853.6581867195
Romania	Europe	2001	71.1609756097561	22131970.0	15848.3592030029
Romania	Europe	2002	71.322	22404337.0	7885.360081
Romania	Europe	2002	71.009756097561	21730496.0	17061.6888910575
Romania	Europe	2003	71.309756097561	21574326.0	17587.5239737119
Romania	Europe	2004	71.5609756097561	21451748.0	19532.5481618901
Romania	Europe	2005	71.9121951219512	21319685.0	20570.9972787929
Romania	Europe	2006	72.1634146341463	21193760.0	22354.6417725507
Romania	Europe	2007	72.476	22276056.0	10808.47561
Romania	Europe	2007	72.5658536585366	20882982.0	24328.4780057618
Romania	Europe	2008	72.5658536585366	20537875.0	27039.6944172789
Romania	Europe	2009	73.309756097561	20367487.0	25761.7204242221
Romania	Europe	2010	73.4585365853659	20246871.0	24902.9913658805
Romania	Europe	2011	74.409756097561	20147528.0	26150.8388531562
Romania	Europe	2012	74.4121951219512	20058035.0	26767.5490301597
Romania	Europe	2013	75.0634146341463	19983693.0	26942.0258750822
Romania	Europe	2014	74.909756097561	19908979.0	28156.2290103288
Romania	Europe	2015	74.9121951219512	19815616.0	29181.9799766849
Romania	Europe	2016	75.209756097561	19702267.0	30189.253041444
Romania	Europe	2017	75.209756097561	19588715.0	32852.7501775385
Romania	Europe	2018	75.3585365853659	19473970.0	34829.0173685197
Romania	Europe	2019	75.6073170731707	19371648.0	36399.6015919607
Romania	Europe	2020	74.2536585365854	19265250.0	35283.7291268657
Romania	Europe	2021	72.809756097561	19122059.0	37534.1312061635
Romania	Europe	2022	75.1536585365854	19048502.0	39256.9630375885
Rwanda	Africa	1952	40.0	2534927.0	493.3238752
Rwanda	Africa	1957	41.5	2822082.0	540.2893983
Rwanda	Africa	1962	43.0	3051242.0	597.4730727
Rwanda	Africa	1967	44.1	3451079.0	510.9637142
Rwanda	Africa	1972	44.6	3992121.0	590.5806638
Rwanda	Africa	1977	45.0	4657072.0	670.0806011
Rwanda	Africa	1982	46.218	5507565.0	881.5706467
Rwanda	Africa	1987	44.02	6349365.0	847.991217
Rwanda	Africa	1990	47.763	7375307.0	1122.99132414558
Rwanda	Africa	1991	46.243	7526966.0	1072.69710641561
Rwanda	Africa	1992	23.599	7290203.0	737.0685949
Rwanda	Africa	1992	44.397	7683266.0	1112.59034456897
Rwanda	Africa	1993	42.937	7981132.0	984.217529921952
Rwanda	Africa	1994	12.158	6792352.0	575.367548491022
Rwanda	Africa	1995	41.518	5674118.0	931.367790069386
Rwanda	Africa	1996	42.486	6708764.0	888.131009878549
Rwanda	Africa	1997	36.087	7212583.0	589.9445051
Rwanda	Africa	1997	41.978	7755238.0	874.694728296322
Rwanda	Africa	1998	43.099	8081681.0	913.71963460585
Rwanda	Africa	1999	45.749	8147912.0	945.733218859969
Rwanda	Africa	2000	47.798	8213931.0	1016.66199090104
Rwanda	Africa	2001	49.49	8287094.0	1093.18409838429
Rwanda	Africa	2002	43.413	7852401.0	785.6537648
Rwanda	Africa	2002	51.262	8400180.0	1220.7394919553
Rwanda	Africa	2003	53.529	8586875.0	1220.49916686742
Rwanda	Africa	2004	55.52	8816844.0	1277.19280440829
Rwanda	Africa	2005	56.968	9054528.0	1360.29587570276
Rwanda	Africa	2006	58.342	9299246.0	1446.71094686551
Rwanda	Africa	2007	46.242	8860588.0	863.0884639
Rwanda	Africa	2007	59.504	9549933.0	1516.26750609323
Rwanda	Africa	2008	60.641	9804269.0	1641.77767401672
Rwanda	Africa	2009	61.813	10060432.0	1699.94452992694
Rwanda	Africa	2010	62.804	10317553.0	1779.15851051568
Rwanda	Africa	2011	63.476	10573733.0	1874.21498172873
Rwanda	Africa	2012	64.189	10829901.0	1988.01219478847
Rwanda	Africa	2013	64.651	11093340.0	2032.40480194092
Rwanda	Africa	2014	65.088	11364757.0	2106.21454365589
Rwanda	Africa	2015	65.419	11640022.0	2238.53941469642
Rwanda	Africa	2016	65.733	11919183.0	2316.63731573814
Rwanda	Africa	2017	66.14	12202060.0	2351.59686866227
Rwanda	Africa	2018	66.354	12487996.0	2493.44001744938
Rwanda	Africa	2019	66.691	12776103.0	2667.46458436613
Rwanda	Africa	2020	66.953	13065837.0	2520.31739425373
Rwanda	Africa	2021	66.85	13355260.0	2733.43566762447
Rwanda	Africa	2022	67.528	13651030.0	2892.45964942821
Sao Tome and Principe	Africa	1952	46.471	60011.0	879.5835855
Sao Tome and Principe	Africa	1957	48.945	61325.0	860.7369026
Sao Tome and Principe	Africa	1962	51.893	65345.0	1071.551119
Sao Tome and Principe	Africa	1967	54.425	70787.0	1384.840593
Sao Tome and Principe	Africa	1972	56.48	76595.0	1532.985254
Sao Tome and Principe	Africa	1977	58.55	86796.0	1737.561657
Sao Tome and Principe	Africa	1982	60.351	98593.0	1890.218117
Sao Tome and Principe	Africa	1987	61.728	110812.0	1516.525457
Sao Tome and Principe	Africa	1990	60.707	122980.0	3883.20429842266
Sao Tome and Principe	Africa	1991	60.792	125697.0	3844.8963771482
Sao Tome and Principe	Africa	1992	62.742	125911.0	1428.777814
Sao Tome and Principe	Africa	1992	60.706	128110.0	3798.88352929514
Sao Tome and Principe	Africa	1993	60.618	130467.0	3771.28612416062
Sao Tome and Principe	Africa	1994	60.552	132732.0	3788.48370442152
Sao Tome and Principe	Africa	1995	60.536	134895.0	3802.29132302174
Sao Tome and Principe	Africa	1996	60.576	136962.0	3801.08164933857
Sao Tome and Principe	Africa	1997	63.306	145608.0	1339.076036
Sao Tome and Principe	Africa	1997	60.648	138922.0	3784.7902343178
Sao Tome and Principe	Africa	1998	60.785	140751.0	3828.99823839083
Sao Tome and Principe	Africa	1999	60.976	142442.0	3878.13108525246
Sao Tome and Principe	Africa	2000	61.207	144018.0	3852.89042721453
Sao Tome and Principe	Africa	2001	61.5	146375.0	3907.0192818698
Sao Tome and Principe	Africa	2002	64.337	170372.0	1353.09239
Sao Tome and Principe	Africa	2002	61.826	149922.0	3942.76040695115
Sao Tome and Principe	Africa	2003	62.158	153814.0	4161.63833167542
Sao Tome and Principe	Africa	2004	62.56	157705.0	4202.56186898775
Sao Tome and Principe	Africa	2005	62.434	161639.0	4371.49721644128
Sao Tome and Principe	Africa	2006	63.041	165638.0	4644.18044669991
Sao Tome and Principe	Africa	2007	65.528	199579.0	1598.435089
Sao Tome and Principe	Africa	2007	63.336	169700.0	4698.08416961839
Sao Tome and Principe	Africa	2008	63.448	173793.0	4873.1813112046
Sao Tome and Principe	Africa	2009	63.669	177853.0	4919.19529822865
Sao Tome and Principe	Africa	2010	63.867	181802.0	4882.04796466341
Sao Tome and Principe	Africa	2011	64.122	185649.0	4876.47315792145
Sao Tome and Principe	Africa	2012	64.505	189439.0	4919.55294386577
Sao Tome and Principe	Africa	2013	64.93	193148.0	5072.11200195866
Sao Tome and Principe	Africa	2014	65.478	196767.0	5223.09572886388
Sao Tome and Principe	Africa	2015	66.023	200291.0	5210.2037755431
Sao Tome and Principe	Africa	2016	66.563	203689.0	5388.5091334891
Sao Tome and Principe	Africa	2017	67.074	206970.0	5521.20249597413
Sao Tome and Principe	Africa	2018	67.602	210187.0	5674.72379094011
Sao Tome and Principe	Africa	2019	68.043	213392.0	5702.08347071236
Sao Tome and Principe	Africa	2020	67.979	217435.0	5742.94724858826
Sao Tome and Principe	Africa	2021	68.026	221961.0	5732.69456061536
Sao Tome and Principe	Africa	2022	69.237	226305.0	5632.13890715047
Saudi Arabia	Asia	1952	39.875	4005677.0	6459.554823
Saudi Arabia	Asia	1957	42.868	4419650.0	8157.591248
Saudi Arabia	Asia	1962	45.914	4943029.0	11626.41975
Saudi Arabia	Asia	1967	49.901	5618198.0	16903.04886
Saudi Arabia	Asia	1972	53.886	6472756.0	24837.42865
Saudi Arabia	Asia	1977	58.69	8128505.0	34167.7626
Saudi Arabia	Asia	1982	63.012	11254672.0	33693.17525
Saudi Arabia	Asia	1987	66.295	14619745.0	21198.26136
Saudi Arabia	Asia	1990	68.874	10640691.0	65196.573386053
Saudi Arabia	Asia	1991	69.341	11160744.0	67268.5518488763
Saudi Arabia	Asia	1992	68.768	16945857.0	24841.61777
Saudi Arabia	Asia	1992	69.799	11686676.0	67183.9100290945
Saudi Arabia	Asia	1993	70.208	12215862.0	64517.6652891052
Saudi Arabia	Asia	1994	70.587	12750040.0	62403.6937320122
Saudi Arabia	Asia	1995	70.944	13289245.0	60058.3174503511
Saudi Arabia	Asia	1996	71.288	13831009.0	59612.8125993665
Saudi Arabia	Asia	1997	70.533	21229759.0	20586.69019
Saudi Arabia	Asia	1997	71.624	14374943.0	58875.5473738828
Saudi Arabia	Asia	1998	71.957	14922185.0	58306.622809723
Saudi Arabia	Asia	1999	72.29	15472075.0	55878.1736494426
Saudi Arabia	Asia	2000	72.607	16177722.0	55962.2661342789
Saudi Arabia	Asia	2001	72.951	17041397.0	53309.111388544
Saudi Arabia	Asia	2002	71.626	24501530.0	19014.54118
Saudi Arabia	Asia	2002	73.296	17910910.0	50371.9783079834
Saudi Arabia	Asia	2003	73.657	18786767.0	52234.649280791
Saudi Arabia	Asia	2004	74.027	19669480.0	54196.5514152953
Saudi Arabia	Asia	2005	74.4	20559890.0	54931.7942450845
Saudi Arabia	Asia	2006	74.762	21459144.0	54373.737695386
Saudi Arabia	Asia	2007	72.777	27601038.0	21654.83194
Saudi Arabia	Asia	2007	75.066	22368313.0	53318.4191601834
Saudi Arabia	Asia	2008	75.301	23287877.0	54407.7081673247
Saudi Arabia	Asia	2009	75.447	24217654.0	51760.7643987566
Saudi Arabia	Asia	2010	75.616	23978487.0	54911.547517012
Saudi Arabia	Asia	2011	75.808	25091867.0	58645.4459416531
Saudi Arabia	Asia	2012	76.09	26168861.0	59471.7001909394
Saudi Arabia	Asia	2013	76.517	27624004.0	57998.4644619155
Saudi Arabia	Asia	2014	77.116	28309273.0	58872.2671400126
Saudi Arabia	Asia	2015	77.776	29816382.0	58498.5399040699
Saudi Arabia	Asia	2016	78.354	30954198.0	57308.4484127497
Saudi Arabia	Asia	2017	78.721	30977355.0	57942.5484983044
Saudi Arabia	Asia	2018	78.75	30196281.0	61359.4653740388
Saudi Arabia	Asia	2019	78.313	30063799.0	62647.7299487842
Saudi Arabia	Asia	2020	77.596	31552510.0	57420.7335736424
Saudi Arabia	Asia	2021	77.089	30784383.0	62690.4966645929
Saudi Arabia	Asia	2022	77.31	32175224.0	67178.5902274906
Senegal	Africa	1952	37.278	2755589.0	1450.356983
Senegal	Africa	1957	39.329	3054547.0	1567.653006
Senegal	Africa	1962	41.454	3430243.0	1654.988723
Senegal	Africa	1967	43.563	3965841.0	1612.404632
Senegal	Africa	1972	45.815	4588696.0	1597.712056
Senegal	Africa	1977	48.879	5260855.0	1561.769116
Senegal	Africa	1982	52.379	6147783.0	1518.479984
Senegal	Africa	1987	55.769	7171347.0	1441.72072
Senegal	Africa	1990	56.674	7720523.0	2923.34412469673
Senegal	Africa	1991	57.037	7943085.0	2917.01427785027
Senegal	Africa	1992	58.196	8307920.0	1367.899369
Senegal	Africa	1992	57.287	8168395.0	2874.00297966311
Senegal	Africa	1993	57.348	8396288.0	2834.02797281318
Senegal	Africa	1994	57.479	8624078.0	2757.86087513844
Senegal	Africa	1995	57.336	8848101.0	2835.03272874496
Senegal	Africa	1996	57.129	9067014.0	2822.46837323856
Senegal	Africa	1997	60.187	9535314.0	1392.368347
Senegal	Africa	1997	57.107	9283495.0	2840.60808859832
Senegal	Africa	1998	57.076	9502952.0	2938.69162551525
Senegal	Africa	1999	57.315	9730887.0	3050.17800998696
Senegal	Africa	2000	57.615	9968260.0	3093.28791602615
Senegal	Africa	2001	58.158	10212942.0	3149.33113703503
Senegal	Africa	2002	61.6	10870037.0	1519.635262
Senegal	Africa	2002	58.912	10466214.0	3075.23157503112
Senegal	Africa	2003	59.474	10721176.0	3170.03494688479
Senegal	Africa	2004	60.308	10975704.0	3240.3020166984
Senegal	Africa	2005	60.98	11235472.0	3301.82076160815
Senegal	Africa	2006	61.801	11500094.0	3301.03152414193
Senegal	Africa	2007	63.062	12267493.0	1712.472136
Senegal	Africa	2007	62.653	11770344.0	3316.42037834774
Senegal	Africa	2008	63.201	12048959.0	3359.70567090311
Senegal	Africa	2009	63.751	12337389.0	3371.46166688616
Senegal	Africa	2010	64.221	12635413.0	3403.56707165919
Senegal	Africa	2011	64.799	12958897.0	3362.87940537332
Senegal	Africa	2012	65.229	13310495.0	3405.10864460824
Senegal	Africa	2013	65.638	13710849.0	3385.42590686562
Senegal	Africa	2014	66.001	14152102.0	3484.01219749797
Senegal	Africa	2015	66.451	14593331.0	3593.79477120389
Senegal	Africa	2016	66.724	15034521.0	3710.05531589724
Senegal	Africa	2017	67.059	15475002.0	3871.4514678592
Senegal	Africa	2018	67.379	15914498.0	3998.28635303406
Senegal	Africa	2019	67.668	16352922.0	4070.61227058594
Senegal	Africa	2020	67.496	16789219.0	4018.04129277358
Senegal	Africa	2021	66.868	17220867.0	4173.67741399619
Senegal	Africa	2022	67.788	17651103.0	4228.73382642974
Serbia	Europe	1952	57.996	6860147.0	3581.459448
Serbia	Europe	1957	61.685	7271135.0	4981.090891
Serbia	Europe	1962	64.531	7616060.0	6289.629157
Serbia	Europe	1967	66.914	7971222.0	7991.707066
Serbia	Europe	1972	68.7	8313288.0	10522.06749
Serbia	Europe	1977	70.3	8686367.0	12980.66956
Serbia	Europe	1982	70.162	9032824.0	15181.0927
Serbia	Europe	1987	71.218	9230783.0	15870.87851
Serbia	Europe	1992	71.659	9826397.0	9325.068238
Serbia	Europe	1995	72.6157317073171	7628264.0	9444.76632500875
Serbia	Europe	1996	72.7948536585366	7622185.0	10035.0295937633
Serbia	Europe	1997	72.232	10336594.0	7914.320304
Serbia	Europe	1997	72.8280975609756	7598538.0	10965.4994787195
Serbia	Europe	1998	72.1948780487805	7567745.0	11598.3488011877
Serbia	Europe	1999	69.9271463414634	7540401.0	10438.4772620922
Serbia	Europe	2000	71.5829268292683	7516346.0	11105.9661093256
Serbia	Europe	2001	72.2341463414634	7503433.0	11879.1948800355
Serbia	Europe	2002	73.213	10111559.0	7236.075251
Serbia	Europe	2002	72.2853658536585	7500031.0	12661.9593189102
Serbia	Europe	2003	72.4365853658537	7480591.0	13273.710725155
Serbia	Europe	2004	72.6829268292683	7463157.0	14194.3872242786
Serbia	Europe	2005	72.8341463414634	7440769.0	15077.5821133689
Serbia	Europe	2006	73.3853658536585	7411569.0	15727.4278469151
Serbia	Europe	2007	74.002	10150265.0	9786.534714
Serbia	Europe	2007	73.6317073170732	7381579.0	17028.1132015477
Serbia	Europe	2008	73.8853658536585	7350222.0	17983.3091752241
Serbia	Europe	2009	73.9853658536585	7320807.0	17488.1499431349
Serbia	Europe	2010	74.3365853658537	7291436.0	17841.4590287774
Serbia	Europe	2011	74.5365853658537	7236519.0	17986.612023149
Serbia	Europe	2012	74.8365853658537	7201497.0	17993.8427230485
Serbia	Europe	2013	75.1853658536585	7166553.0	18163.2330027169
Serbia	Europe	2014	75.3365853658537	7131787.0	17922.4636635288
Serbia	Europe	2015	75.2878048780488	7095383.0	18247.8375071696
Serbia	Europe	2016	75.6878048780488	7058322.0	18889.4110414881
Serbia	Europe	2017	75.5390243902439	7020858.0	19439.0219683385
Serbia	Europe	2018	75.890243902439	6982604.0	20454.2577198652
Serbia	Europe	2019	75.9365853658537	6945235.0	21541.1599308974
Serbia	Europe	2020	74.4780487804878	6899126.0	21479.1122859412
Serbia	Europe	2021	72.780487804878	6834326.0	23406.3429959064
Serbia	Europe	2022	75.2365853658537	6664449.0	24651.8861871409
Sierra Leone	Africa	1952	30.331	2143249.0	879.7877358
Sierra Leone	Africa	1957	31.57	2295678.0	1004.484437
Sierra Leone	Africa	1962	32.767	2467895.0	1116.639877
Sierra Leone	Africa	1967	34.113	2662190.0	1206.043465
Sierra Leone	Africa	1972	35.4	2879013.0	1353.759762
Sierra Leone	Africa	1977	36.788	3140897.0	1348.285159
Sierra Leone	Africa	1982	38.445	3464522.0	1465.010784
Sierra Leone	Africa	1987	40.006	3868905.0	1294.447788
Sierra Leone	Africa	1990	43.72	4196828.0	2703.59918712824
Sierra Leone	Africa	1991	43.287	4246267.0	2734.96862548027
Sierra Leone	Africa	1992	38.333	4260884.0	1068.696278
Sierra Leone	Africa	1992	43.451	4166366.0	2257.44939868809
Sierra Leone	Africa	1993	43.428	4157130.0	2293.56354039047
Sierra Leone	Africa	1994	42.808	4173105.0	2240.29005098829
Sierra Leone	Africa	1995	42.579	4179179.0	2058.07683318146
Sierra Leone	Africa	1996	43.528	4199210.0	2084.1822265
Sierra Leone	Africa	1997	39.897	4578212.0	574.6481576
Sierra Leone	Africa	1997	43.649	4253716.0	1936.55653107258
Sierra Leone	Africa	1998	42.714	4295785.0	1951.82091117813
Sierra Leone	Africa	1999	41.962	4318043.0	1903.3269610781
Sierra Leone	Africa	2000	44.834	4423611.0	1981.50608696758
Sierra Leone	Africa	2001	45.448	4692716.0	1749.35086324104
Sierra Leone	Africa	2002	41.012	5359092.0	699.489713
Sierra Leone	Africa	2002	46.174	4971435.0	2089.26152736756
Sierra Leone	Africa	2003	46.784	5177687.0	2196.28134548105
Sierra Leone	Africa	2004	47.485	5355717.0	2260.83818961545
Sierra Leone	Africa	2005	48.306	5501712.0	2296.65767887048
Sierra Leone	Africa	2006	49.547	5624466.0	2342.75461136539
Sierra Leone	Africa	2007	42.568	6144562.0	862.5407561
Sierra Leone	Africa	2007	50.024	5749352.0	2377.80530113361
Sierra Leone	Africa	2008	50.693	5894722.0	2404.65198784353
Sierra Leone	Africa	2009	51.312	6055646.0	2376.58254518958
Sierra Leone	Africa	2010	51.927	6222714.0	2459.76814418708
Sierra Leone	Africa	2011	52.594	6387251.0	2590.52839483651
Sierra Leone	Africa	2012	53.159	6551080.0	2792.92626544926
Sierra Leone	Africa	2013	54.051	6714051.0	3124.72832450941
Sierra Leone	Africa	2014	54.281	6876385.0	2812.52832195116
Sierra Leone	Africa	2015	55.454	7037655.0	2628.17058146385
Sierra Leone	Africa	2016	56.937	7205328.0	2732.26093997048
Sierra Leone	Africa	2017	57.761	7379299.0	2753.42719846704
Sierra Leone	Africa	2018	59.059	7554563.0	2767.38003381598
Sierra Leone	Africa	2019	59.593	7731991.0	2852.66269917494
Sierra Leone	Africa	2020	59.694	7912558.0	2752.62615440121
Sierra Leone	Africa	2021	60.26	8094602.0	2849.38865926436
Sierra Leone	Africa	2022	61.275	8276807.0	2934.73326430435
Singapore	Asia	1952	60.396	1127000.0	2315.138227
Singapore	Asia	1957	63.179	1445929.0	2843.104409
Singapore	Asia	1962	65.798	1750200.0	3674.735572
Singapore	Asia	1967	67.946	1977600.0	4977.41854
Singapore	Asia	1972	69.521	2152400.0	8597.756202
Singapore	Asia	1977	70.795	2325300.0	11210.08948
Singapore	Asia	1982	71.76	2651869.0	15169.16112
Singapore	Asia	1987	73.56	2794552.0	18861.53081
Singapore	Asia	1990	75.2951219512195	3047132.0	45567.7903891463
Singapore	Asia	1991	75.6463414634146	3135083.0	47251.6944416002
Singapore	Asia	1992	75.788	3235865.0	24769.8912
Singapore	Asia	1992	75.9463414634146	3230698.0	48897.810341575
Singapore	Asia	1993	76.0463414634146	3313471.0	53139.844472382
Singapore	Asia	1994	76.1975609756098	3419048.0	57213.0977645801
Singapore	Asia	1995	76.2951219512195	3524506.0	59483.6383121123
Singapore	Asia	1996	76.5951219512195	3670704.0	61381.7523709208
Singapore	Asia	1997	77.158	3802309.0	33519.4766
Singapore	Asia	1997	76.8975609756097	3796038.0	64291.2024694333
Singapore	Asia	1998	77.3	3927213.0	60782.1972058002
Singapore	Asia	1999	77.5512195121951	3958723.0	63746.4792227046
Singapore	Asia	2000	77.9512195121951	4027887.0	68314.5444027166
Singapore	Asia	2001	78.2512195121951	4138012.0	65784.4018813783
Singapore	Asia	2002	78.77	4197776.0	36023.1054
Singapore	Asia	2002	78.5512195121951	4175950.0	67744.2702679808
Singapore	Asia	2003	79.0390243902439	4114826.0	71877.5348633552
Singapore	Asia	2004	79.490243902439	4166664.0	78039.024710382
Singapore	Asia	2005	79.990243902439	4265762.0	81841.1587801054
Singapore	Asia	2006	80.1414634146341	4401365.0	86463.8283836607
Singapore	Asia	2007	79.972	4553009.0	47143.17964
Singapore	Asia	2007	80.4414634146342	4588599.0	90417.8073849967
Singapore	Asia	2008	80.790243902439	4839396.0	87329.5937792686
Singapore	Asia	2009	81.2414634146342	4987573.0	84843.5194001734
Singapore	Asia	2010	81.5414634146342	5076732.0	95456.1893079996
Singapore	Asia	2011	81.7439024390244	5183688.0	99296.7561111269
Singapore	Asia	2012	81.9951219512195	5312437.0	101187.825333454
Singapore	Asia	2013	82.2463414634147	5399162.0	104359.030680724
Singapore	Asia	2014	82.4951219512195	5469724.0	107066.858613992
Singapore	Asia	2015	82.7439024390244	5535002.0	108953.724294287
Singapore	Asia	2016	82.8463414634146	5607283.0	111579.742684331
Singapore	Asia	2017	83.0951219512195	5612253.0	116471.820764776
Singapore	Asia	2018	83.2975609756098	5638676.0	119927.769127927
Singapore	Asia	2019	83.5951219512195	5703569.0	120114.133894235
Singapore	Asia	2020	83.5439024390244	5685807.0	115893.042395938
Singapore	Asia	2021	83.0926829268293	5453566.0	132617.354020876
Singapore	Asia	2022	82.8951219512195	5637022.0	133571.962410322
Slovak Republic	Europe	1952	64.36	3558137.0	5074.659104
Slovak Republic	Europe	1957	67.45	3844277.0	6093.26298
Slovak Republic	Europe	1962	70.33	4237384.0	7481.107598
Slovak Republic	Europe	1967	70.98	4442238.0	8412.902397
Slovak Republic	Europe	1972	70.35	4593433.0	9674.167626
Slovak Republic	Europe	1977	70.45	4827803.0	10922.66404
Slovak Republic	Europe	1982	70.8	5048043.0	11348.54585
Slovak Republic	Europe	1987	71.08	5199318.0	12037.26758
Slovak Republic	Europe	1990	70.9326829268293	5299187.0	17528.2431478983
Slovak Republic	Europe	1991	70.8829268292683	5303294.0	14962.1155726764
Slovak Republic	Europe	1992	71.38	5302888.0	9498.467723
Slovak Republic	Europe	1992	71.7951219512195	5305016.0	13951.9084432838
Slovak Republic	Europe	1993	72.4487804878049	5325305.0	14163.0137339867
Slovak Republic	Europe	1994	72.3	5346331.0	14982.7472163469
Slovak Republic	Europe	1995	72.2536585365854	5361999.0	15811.9246441708
Slovak Republic	Europe	1996	72.6536585365854	5373361.0	16744.0673884448
Slovak Republic	Europe	1997	72.71	5383010.0	12126.23065
Slovak Republic	Europe	1997	72.7048780487805	5383291.0	17630.0397577195
Slovak Republic	Europe	1998	72.5512195121951	5390516.0	18280.0501282626
Slovak Republic	Europe	1999	72.9024390243902	5396020.0	18174.9801324587
Slovak Republic	Europe	2000	73.0512195121951	5388720.0	18343.237153675
Slovak Republic	Europe	2001	73.4024390243903	5378867.0	18914.3903304531
Slovak Republic	Europe	2002	73.8	5410052.0	13638.77837
Slovak Republic	Europe	2002	73.6048780487805	5376912.0	19757.0677888993
Slovak Republic	Europe	2003	73.6048780487805	5373374.0	20730.249479935
Slovak Republic	Europe	2004	73.9585365853659	5372280.0	21851.9549601873
Slovak Republic	Europe	2005	73.9048780487805	5372807.0	23266.7570493442
Slovak Republic	Europe	2006	74.2048780487805	5373054.0	25342.3099268358
Slovak Republic	Europe	2007	74.663	5447502.0	18678.31435
Slovak Republic	Europe	2007	74.2073170731707	5374622.0	28075.8072794998
Slovak Republic	Europe	2008	74.7048780487805	5379233.0	29556.2617975695
Slovak Republic	Europe	2009	74.909756097561	5386406.0	27891.8969419417
Slovak Republic	Europe	2010	75.1121951219512	5391428.0	29758.1740140117
Slovak Republic	Europe	2011	75.9585365853659	5398384.0	30481.377866428
Slovak Republic	Europe	2012	76.109756097561	5407579.0	30907.039248956
Slovak Republic	Europe	2013	76.4121951219512	5413393.0	31090.9880191144
Slovak Republic	Europe	2014	76.8121951219512	5418649.0	31901.9424982702
Slovak Republic	Europe	2015	76.5634146341463	5423801.0	33521.5954764975
Slovak Republic	Europe	2016	77.1658536585366	5430798.0	34130.5050676203
Slovak Republic	Europe	2017	77.1658536585366	5439232.0	35057.2223763167
Slovak Republic	Europe	2018	77.2658536585366	5446771.0	36430.7941704195
Slovak Republic	Europe	2019	77.6658536585366	5454147.0	37209.5332553073
Slovak Republic	Europe	2020	76.8658536585366	5458827.0	36216.4002110814
Slovak Republic	Europe	2021	74.6146341463415	5447247.0	38346.0935768177
Slovak Republic	Europe	2022	76.9658536585366	5431752.0	38664.9076949851
Slovenia	Europe	1952	65.57	1489518.0	4215.041741
Slovenia	Europe	1957	67.85	1533070.0	5862.276629
Slovenia	Europe	1962	69.15	1582962.0	7402.303395
Slovenia	Europe	1967	69.18	1646912.0	9405.489397
Slovenia	Europe	1972	69.82	1694510.0	12383.4862
Slovenia	Europe	1977	70.97	1746919.0	15277.03017
Slovenia	Europe	1982	71.063	1861252.0	17866.72175
Slovenia	Europe	1987	72.25	1945870.0	18678.53492
Slovenia	Europe	1990	73.2048780487805	1998161.0	25345.0480419604
Slovenia	Europe	1991	73.3536585365854	1999429.0	23074.6686073269
Slovenia	Europe	1992	73.64	1999210.0	14214.71681
Slovenia	Europe	1992	73.3048780487805	1996498.0	21845.9628529312
Slovenia	Europe	1993	73.2536585365854	1991746.0	22520.738313268
Slovenia	Europe	1994	73.4048780487805	1989443.0	23747.9865664018
Slovenia	Europe	1995	73.9585365853659	1989872.0	24718.0238296539
Slovenia	Europe	1996	74.4585365853658	1988628.0	25454.1256098664
Slovenia	Europe	1997	75.13	2011612.0	17161.10735
Slovenia	Europe	1997	74.7073170731707	1985956.0	26806.4627835709
Slovenia	Europe	1998	74.8073170731708	1981629.0	27688.0929526812
Slovenia	Europe	1999	75.009756097561	1983045.0	29125.8913263147
Slovenia	Europe	2000	75.4121951219512	1988925.0	30055.5726465546
Slovenia	Europe	2001	75.7585365853659	1992060.0	30857.1122043437
Slovenia	Europe	2002	76.66	2011497.0	20660.01936
Slovenia	Europe	2002	76.0073170731707	1994530.0	31830.5553226686
Slovenia	Europe	2003	76.8585365853659	1995733.0	32827.7514419462
Slovenia	Europe	2004	77.2073170731707	1997012.0	34298.1277435263
Slovenia	Europe	2005	77.6121951219512	2000474.0	35558.3777419198
Slovenia	Europe	2006	78.0865853658537	2006868.0	37539.459301666
Slovenia	Europe	2007	77.926	2009245.0	25768.25759
Slovenia	Europe	2007	78.5609756097561	2018122.0	39995.2052938397
Slovenia	Europe	2008	78.7658536585366	2021316.0	41278.6090856341
Slovenia	Europe	2009	78.9707317073171	2039669.0	37802.0880186755
Slovenia	Europe	2010	79.4219512195122	2048583.0	38056.1815241775
Slovenia	Europe	2011	79.9707317073171	2052843.0	38226.1255489903
Slovenia	Europe	2012	80.1243902439024	2057159.0	37033.7667541886
Slovenia	Europe	2013	80.3219512195122	2059953.0	36678.8746642096
Slovenia	Europe	2014	81.0780487804878	2061980.0	37655.1979898073
Slovenia	Europe	2015	80.7756097560976	2063531.0	38527.4222549683
Slovenia	Europe	2016	81.1756097560976	2065042.0	39667.4579830072
Slovenia	Europe	2017	81.0292682926829	2066388.0	41692.836279788
Slovenia	Europe	2018	81.3780487804878	2073894.0	43361.094447431
Slovenia	Europe	2019	81.5292682926829	2088385.0	44569.5878416535
Slovenia	Europe	2020	80.5317073170732	2102419.0	42463.5635346194
Slovenia	Europe	2021	80.6756097560976	2108079.0	45914.0572392406
Slovenia	Europe	2022	81.2829268292683	2112076.0	47050.0676441642
Somalia	Africa	1952	32.978	2526994.0	1135.749842
Somalia	Africa	1957	34.977	2780415.0	1258.147413
Somalia	Africa	1962	36.981	3080153.0	1369.488336
Somalia	Africa	1967	38.977	3428839.0	1284.73318
Somalia	Africa	1972	40.973	3840161.0	1254.576127
Somalia	Africa	1977	41.974	4353666.0	1450.992513
Somalia	Africa	1982	42.955	5828892.0	1176.807031
Somalia	Africa	1987	44.501	6921858.0	1093.244963
Somalia	Africa	1992	39.658	6099799.0	926.9602964
Somalia	Africa	1997	43.795	6633514.0	930.5964284
Somalia	Africa	2002	45.936	7753310.0	882.0818218
Somalia	Africa	2007	48.159	9118773.0	926.1410683
South Africa	Africa	1952	45.009	14264935.0	4725.295531
South Africa	Africa	1957	47.985	16151549.0	5487.104219
South Africa	Africa	1962	49.951	18356657.0	5768.729717
South Africa	Africa	1967	51.927	20997321.0	7114.477971
South Africa	Africa	1972	53.696	23935810.0	7765.962636
South Africa	Africa	1977	55.527	27129932.0	8028.651439
South Africa	Africa	1982	58.161	31140029.0	8568.266228
South Africa	Africa	1987	60.834	35933379.0	7825.823398
South Africa	Africa	1990	62.942	40746268.0	10811.1515328296
South Africa	Africa	1991	62.983	41687898.0	10459.3559818564
South Africa	Africa	1992	61.888	39964159.0	7225.069258
South Africa	Africa	1992	62.839	42443509.0	10053.6101212292
South Africa	Africa	1993	62.618	43297156.0	9976.96506458374
South Africa	Africa	1994	62.069	44004139.0	10130.8058233004
South Africa	Africa	1995	61.603	44541554.0	10318.8385984353
South Africa	Africa	1996	61.079	45123018.0	10623.8603593151
South Africa	Africa	1997	60.236	42835005.0	7479.188244
South Africa	Africa	1997	60.538	45666838.0	10770.2779624828
South Africa	Africa	1998	59.912	46223880.0	10693.6882326622
South Africa	Africa	1999	59.19	46730335.0	10831.6589617949
South Africa	Africa	2000	58.368	47159719.0	11183.825503143
South Africa	Africa	2001	57.161	47566800.0	11387.492366782
South Africa	Africa	2002	53.365	44433622.0	7710.946444
South Africa	Africa	2002	55.58	48019415.0	11697.5657261687
South Africa	Africa	2003	54.245	48500348.0	11923.1211013633
South Africa	Africa	2004	53.963	48991421.0	12341.2102655828
South Africa	Africa	2005	53.914	49490033.0	12861.5633089114
South Africa	Africa	2006	54.22	49998277.0	13444.2332126058
South Africa	Africa	2007	49.339	43997828.0	9269.657808
South Africa	Africa	2007	54.948	50528584.0	14016.2444716386
South Africa	Africa	2008	55.982	51114599.0	14297.6887802632
South Africa	Africa	2009	57.413	51728516.0	13910.7017093394
South Africa	Africa	2010	58.886	52344051.0	14164.9958363115
South Africa	Africa	2011	60.602	52995205.0	14434.2611456048
South Africa	Africa	2012	61.737	53782567.0	14563.7624041032
South Africa	Africa	2013	62.388	54678791.0	14681.096638957
South Africa	Africa	2014	63.184	55594838.0	14643.3384782936
South Africa	Africa	2015	64.053	56723537.0	14541.6748613669
South Africa	Africa	2016	64.749	57259551.0	14501.2807823402
South Africa	Africa	2017	65.422	57635162.0	14573.5980840004
South Africa	Africa	2018	65.726	58613001.0	14553.5615668957
South Africa	Africa	2019	66.071	59587885.0	14352.6698709871
South Africa	Africa	2020	65.15	60562381.0	13250.5666594456
South Africa	Africa	2021	62.01	61502603.0	13681.9548144813
South Africa	Africa	2022	65.454	62378410.0	13767.4967589936
Spain	Europe	1952	64.94	28549870.0	3834.034742
Spain	Europe	1957	66.66	29841614.0	4564.80241
Spain	Europe	1962	69.69	31158061.0	5693.843879
Spain	Europe	1967	71.44	32850275.0	7993.512294
Spain	Europe	1972	73.06	34513161.0	10638.75131
Spain	Europe	1977	74.39	36439000.0	13236.92117
Spain	Europe	1982	76.3	37983310.0	13926.16997
Spain	Europe	1987	76.9	38880702.0	15764.98313
Spain	Europe	1990	76.8375609756098	38867322.0	31773.2267420042
Spain	Europe	1991	76.9712195121951	38966376.0	32499.3481371902
Spain	Europe	1992	77.57	39549438.0	18603.06452
Spain	Europe	1992	77.41	39157685.0	32641.082719936
Spain	Europe	1993	77.5465853658537	39361262.0	32137.3138437727
Spain	Europe	1994	77.9014634146342	39549108.0	32746.9287826598
Spain	Europe	1995	77.9807317073171	39724050.0	33501.7314182929
Spain	Europe	1996	78.1204878048781	39889852.0	34232.3786868602
Spain	Europe	1997	78.77	39855442.0	20445.29896
Spain	Europe	1997	78.6041463414634	40057389.0	35312.0862854389
Spain	Europe	1998	78.6658536585366	40223509.0	36679.0942334698
Spain	Europe	1999	78.7170731707317	40386875.0	38141.316878689
Spain	Europe	2000	78.9658536585366	40567864.0	39945.8971298178
Spain	Europe	2001	79.3682926829268	40850412.0	41224.2924057393
Spain	Europe	2002	79.78	40152517.0	24835.47166
Spain	Europe	2002	79.5682926829268	41431558.0	41766.0378188791
Spain	Europe	2003	79.619512195122	42187645.0	42223.130174522
Spain	Europe	2004	79.8707317073171	42921895.0	42793.3902326006
Spain	Europe	2005	80.1707317073171	43653155.0	43570.7652574033
Spain	Europe	2006	80.8219512195122	44397319.0	44572.6815459931
Spain	Europe	2007	80.941	40448191.0	28821.0637
Spain	Europe	2007	80.8731707317073	45226803.0	45301.2843416374
Spain	Europe	2008	81.1756097560976	45954106.0	44926.348951812
Spain	Europe	2009	81.4756097560976	46362946.0	42852.220888454
Spain	Europe	2010	81.6268292682927	46576897.0	42695.5274189933
Spain	Europe	2011	82.4756097560976	46742697.0	42271.8346788238
Spain	Europe	2012	82.4268292682927	46773055.0	41034.0481566356
Spain	Europe	2013	83.0780487804878	46604197.0	40594.914008768
Spain	Europe	2014	83.2292682926829	46460733.0	41339.4111169417
Spain	Europe	2015	82.8317073170732	46422303.0	43053.761430314
Spain	Europe	2016	83.3292682926829	46458139.0	44274.6676149922
Spain	Europe	2017	83.2829268292683	46571232.0	45446.2508575695
Spain	Europe	2018	83.4317073170732	46782011.0	46325.2099441141
Spain	Europe	2019	83.8317073170732	47118501.0	46896.4171141424
Spain	Europe	2020	82.2317073170732	47359424.0	41553.4477945675
Spain	Europe	2021	83.1780487804878	47443821.0	44251.6658222621
Spain	Europe	2022	83.1341463414634	47786102.0	46733.4809780536
Sri Lanka	Asia	1952	57.593	7982342.0	1083.53203
Sri Lanka	Asia	1957	61.456	9128546.0	1072.546602
Sri Lanka	Asia	1962	62.192	10421936.0	1074.47196
Sri Lanka	Asia	1967	64.266	11737396.0	1135.514326
Sri Lanka	Asia	1972	65.042	13016733.0	1213.39553
Sri Lanka	Asia	1977	65.949	14116836.0	1348.775651
Sri Lanka	Asia	1982	68.757	15410151.0	1648.079789
Sri Lanka	Asia	1987	69.011	16495304.0	1876.766827
Sri Lanka	Asia	1990	69.239	16352458.0	4561.57913261438
Sri Lanka	Asia	1991	69.131	16475354.0	4735.81940023678
Sri Lanka	Asia	1992	70.379	17587060.0	2153.739222
Sri Lanka	Asia	1992	69.619	16739284.0	4866.23941153137
Sri Lanka	Asia	1993	70.049	17025918.0	5114.43630396951
Sri Lanka	Asia	1994	70.211	17275773.0	5322.72963127148
Sri Lanka	Asia	1995	69.746	17564068.0	5523.31225393965
Sri Lanka	Asia	1996	69.841	17905018.0	5624.02393650599
Sri Lanka	Asia	1997	70.457	18698655.0	2664.477257
Sri Lanka	Asia	1997	69.934	18248200.0	5871.72297557268
Sri Lanka	Asia	1998	70.134	18596003.0	6032.62212630498
Sri Lanka	Asia	1999	70.427	18944731.0	6176.23548455949
Sri Lanka	Asia	2000	71.179	19293054.0	6428.61341890463
Sri Lanka	Asia	2001	71.804	19600362.0	6230.03051864853
Sri Lanka	Asia	2002	70.815	19576783.0	3015.378833
Sri Lanka	Asia	2002	72.271	19805752.0	6409.86278893446
Sri Lanka	Asia	2003	72.442	19951521.0	6741.01248849424
Sri Lanka	Asia	2004	68.022	20087605.0	7059.91098068568
Sri Lanka	Asia	2005	73.073	20216524.0	7452.74234124518
Sri Lanka	Asia	2006	72.825	20352411.0	7970.66491021045
Sri Lanka	Asia	2007	72.396	20378239.0	3970.095407
Sri Lanka	Asia	2007	72.983	20492545.0	8454.2067533326
Sri Lanka	Asia	2008	72.556	20629378.0	8897.82686006864
Sri Lanka	Asia	2009	70.298	20756435.0	9156.31906483165
Sri Lanka	Asia	2010	74.463	20879089.0	9832.18622338643
Sri Lanka	Asia	2011	74.74	21009048.0	10618.4926000405
Sri Lanka	Asia	2012	75.187	21169458.0	11447.6937738135
Sri Lanka	Asia	2013	75.546	20585000.0	12249.7223348096
Sri Lanka	Asia	2014	75.757	20778000.0	12909.9663068885
Sri Lanka	Asia	2015	75.99	20970000.0	13329.7793438947
Sri Lanka	Asia	2016	76.136	21209000.0	13845.6146782368
Sri Lanka	Asia	2017	76.239	21453000.0	14572.4858214565
Sri Lanka	Asia	2018	76.485	21670000.0	14759.8248945765
Sri Lanka	Asia	2019	76.698	21803000.0	14637.44429132
Sri Lanka	Asia	2020	76.928	21919000.0	13886.6513728651
Sri Lanka	Asia	2021	76.278	22156000.0	14316.1352225683
Sri Lanka	Asia	2022	77.3	22181000.0	13249.065064602
Sudan	Africa	1952	38.635	8504667.0	1615.991129
Sudan	Africa	1957	39.624	9753392.0	1770.337074
Sudan	Africa	1962	40.87	11183227.0	1959.593767
Sudan	Africa	1967	42.858	12716129.0	1687.997641
Sudan	Africa	1972	45.083	14597019.0	1659.652775
Sudan	Africa	1977	47.8	17104986.0	2202.988423
Sudan	Africa	1982	50.338	20367053.0	1895.544073
Sudan	Africa	1987	51.744	24725960.0	1507.819159
Sudan	Africa	1990	55.497	22021481.0	2460.18872070313
Sudan	Africa	1991	55.553	22470676.0	2591.869140625
Sudan	Africa	1992	53.556	28227588.0	1492.197043
Sudan	Africa	1992	55.952	22927355.0	2709.7900390625
Sudan	Africa	1993	56.102	23445592.0	2777.27490234375
Sudan	Africa	1994	57.022	24043948.0	2736.47192382813
Sudan	Africa	1995	57.447	24672143.0	2824.63208007813
Sudan	Africa	1996	57.638	25231528.0	2924.29077148438
Sudan	Africa	1997	55.373	32160729.0	1632.210764
Sudan	Africa	1997	58.058	25799821.0	3380.18676757813
Sudan	Africa	1998	58.308	26458999.0	3441.17919921875
Sudan	Africa	1999	58.607	27130613.0	3459.22998046875
Sudan	Africa	2000	58.946	27816745.0	3575.85205078125
Sudan	Africa	2001	59.264	28516770.0	3701.548828125
Sudan	Africa	2002	56.369	37090298.0	1993.398314
Sudan	Africa	2002	59.308	29228727.0	3814.31323242188
Sudan	Africa	2003	58.319	29896035.0	3946.92260742188
Sudan	Africa	2004	56.773	30556637.0	4041.05712890625
Sudan	Africa	2005	57.226	31262444.0	4152.32275390625
Sudan	Africa	2006	60.4	31992435.0	4299.97412109375
Sudan	Africa	2007	58.556	42292929.0	2602.394995
Sudan	Africa	2007	61.442	32764135.0	4415.78515625
Sudan	Africa	2008	61.261	33623980.0	4446.40966796875
Sudan	Africa	2009	62.676	34569113.0	4188.0546875
Sudan	Africa	2010	62.979	35414399.0	4219.8369140625
Sudan	Africa	2011	63.181	36140806.0	4467.6259765625
Sudan	Africa	2012	63.427	36923178.0	4145.931640625
Sudan	Africa	2013	63.443	37785849.0	4130.48583984375
Sudan	Africa	2014	63.99	38823318.0	4207.50048828125
Sudan	Africa	2015	64.375	40024431.0	4159.1943359375
Sudan	Africa	2016	64.677	41259892.0	4174.56103515625
Sudan	Africa	2017	65.146	42714306.0	4061.01831054688
Sudan	Africa	2018	65.501	44230596.0	3816.65991210938
Sudan	Africa	2019	65.803	45548175.0	3625.52319335938
Sudan	Africa	2020	65.124	46789231.0	3401.24975585938
Sudan	Africa	2021	64.46	48066924.0	3248.9755859375
Sudan	Africa	2022	65.695	49383346.0	3132.0771484375
Swaziland	Africa	1952	41.407	290243.0	1148.376626
Swaziland	Africa	1957	43.424	326741.0	1244.708364
Swaziland	Africa	1962	44.992	370006.0	1856.182125
Swaziland	Africa	1967	46.633	420690.0	2613.101665
Swaziland	Africa	1972	49.552	480105.0	3364.836625
Swaziland	Africa	1977	52.537	551425.0	3781.410618
Swaziland	Africa	1982	55.561	649901.0	3895.384018
Swaziland	Africa	1987	57.678	779348.0	3984.839812
Swaziland	Africa	1992	58.474	962344.0	3553.0224
Swaziland	Africa	1997	54.289	1054486.0	3876.76846
Swaziland	Africa	2002	43.869	1130269.0	4128.116943
Swaziland	Africa	2007	39.613	1133066.0	4513.480643
Sweden	Europe	1952	71.86	7124673.0	8527.844662
Sweden	Europe	1957	72.49	7363802.0	9911.878226
Sweden	Europe	1962	73.37	7561588.0	12329.44192
Sweden	Europe	1967	74.16	7867931.0	15258.29697
Sweden	Europe	1972	74.72	8122293.0	17832.02464
Sweden	Europe	1977	75.44	8251648.0	18855.72521
Sweden	Europe	1982	76.42	8325260.0	20667.38125
Sweden	Europe	1987	77.19	8421403.0	23586.92927
Sweden	Europe	1990	77.5368292682927	8558835.0	40549.3075177599
Sweden	Europe	1991	77.6668292682927	8617375.0	39812.3177083366
Sweden	Europe	1992	78.16	8718867.0	23880.01683
Sweden	Europe	1992	77.9987804878049	8668067.0	39120.9249133997
Sweden	Europe	1993	78.0604878048781	8718561.0	38090.9458960736
Sweden	Europe	1994	78.650243902439	8780745.0	39340.0016622619
Sweden	Europe	1995	78.7404878048781	8826939.0	40736.4273400135
Sweden	Europe	1996	78.9590243902439	8840998.0	41364.9857254278
Sweden	Europe	1997	79.39	8897619.0	25266.59499
Sweden	Europe	1997	79.1975609756098	8846062.0	42608.4136690457
Sweden	Europe	1998	79.3390243902439	8850974.0	44392.8449919299
Sweden	Europe	1999	79.4414634146342	8857874.0	46221.8079937232
Sweden	Europe	2000	79.6439024390244	8872109.0	48284.8001841043
Sweden	Europe	2001	79.7951219512195	8895960.0	48810.644590655
Sweden	Europe	2002	80.04	8954175.0	29341.63093
Sweden	Europe	2002	79.8463414634146	8924958.0	49760.2161636006
Sweden	Europe	2003	80.0951219512195	8958229.0	50507.9330738641
Sweden	Europe	2004	80.4975609756098	8993531.0	52412.411275873
Sweden	Europe	2005	80.5463414634146	9029572.0	53661.3178643623
Sweden	Europe	2006	80.7487804878049	9080505.0	55855.4978279347
Sweden	Europe	2007	80.884	9031088.0	33859.74835
Sweden	Europe	2007	80.9	9148092.0	57230.7901610156
Sweden	Europe	2008	81.1	9219637.0	56262.4700751994
Sweden	Europe	2009	81.3512195121951	9298515.0	53411.2005853182
Sweden	Europe	2010	81.4512195121951	9378126.0	56003.2704715511
Sweden	Europe	2011	81.8024390243903	9449213.0	57340.5039813247
Sweden	Europe	2012	81.7048780487805	9519374.0	56682.0187013753
Sweden	Europe	2013	81.9560975609756	9600379.0	56843.1649263734
Sweden	Europe	2014	82.2536585365854	9696110.0	57574.0500485264
Sweden	Europe	2015	82.2048780487805	9799186.0	59468.3538687625
Sweden	Europe	2016	82.3073170731707	9923085.0	59977.3886010694
Sweden	Europe	2017	82.409756097561	10057698.0	60288.7998168676
Sweden	Europe	2018	82.5585365853659	10175214.0	60647.449528586
Sweden	Europe	2019	83.109756097561	10278887.0	61601.6292338778
Sweden	Europe	2020	82.3560975609756	10353442.0	59975.3644061895
Sweden	Europe	2021	83.0560975609756	10415811.0	62731.700616293
Sweden	Europe	2022	83.0585365853659	10486941.0	63088.4236678734
Switzerland	Europe	1952	69.62	4815000.0	14734.23275
Switzerland	Europe	1957	70.56	5126000.0	17909.48973
Switzerland	Europe	1962	71.32	5666000.0	20431.0927
Switzerland	Europe	1967	72.77	6063000.0	22966.14432
Switzerland	Europe	1972	73.78	6401400.0	27195.11304
Switzerland	Europe	1977	75.39	6316424.0	26982.29052
Switzerland	Europe	1982	76.21	6468126.0	28397.71512
Switzerland	Europe	1987	77.41	6649942.0	30281.70459
Switzerland	Europe	1990	77.2424390243902	6715519.0	64010.7585544032
Switzerland	Europe	1991	77.5146341463415	6799978.0	62636.7741067256
Switzerland	Europe	1992	78.03	6995447.0	31871.5303
Switzerland	Europe	1992	77.8060975609756	6875364.0	61922.8908444333
Switzerland	Europe	1993	78.0853658536586	6938265.0	61284.2042587758
Switzerland	Europe	1994	78.35	6993795.0	61569.5965405613
Switzerland	Europe	1995	78.4170731707317	7040687.0	61453.6297020666
Switzerland	Europe	1996	78.8960975609756	7071850.0	61471.1689633393
Switzerland	Europe	1997	79.37	7193761.0	32135.32301
Switzerland	Europe	1997	79.079512195122	7088906.0	62709.9871171841
Switzerland	Europe	1998	79.3243902439025	7110001.0	64418.3857592838
Switzerland	Europe	1999	79.580487804878	7143991.0	65177.8822005074
Switzerland	Europe	2000	79.6804878048781	7184250.0	67378.3901472877
Switzerland	Europe	2001	80.1804878048781	7229854.0	68008.3441852855
Switzerland	Europe	2002	80.62	7361757.0	34480.95771
Switzerland	Europe	2002	80.3853658536585	7284753.0	67446.4044310268
Switzerland	Europe	2003	80.5365853658537	7339001.0	66926.167976443
Switzerland	Europe	2004	81.0878048780488	7389625.0	68263.4411390817
Switzerland	Europe	2005	81.2365853658537	7437115.0	69692.5954827493
Switzerland	Europe	2006	81.490243902439	7483934.0	72077.8598470308
Switzerland	Europe	2007	81.701	7554661.0	37506.41907
Switzerland	Europe	2007	81.7414634146342	7551117.0	74234.3010991931
Switzerland	Europe	2008	81.9926829268293	7647675.0	75355.202488789
Switzerland	Europe	2009	82.0439024390244	7743831.0	72709.8138293408
Switzerland	Europe	2010	82.2463414634147	7824909.0	74290.2619629278
Switzerland	Europe	2011	82.6951219512195	7912398.0	74800.8886353533
Switzerland	Europe	2012	82.6975609756098	7996861.0	74883.6158924249
Switzerland	Europe	2013	82.7975609756098	8089346.0	75354.1550500884
Switzerland	Europe	2014	83.1975609756098	8188649.0	76189.6018443969
Switzerland	Europe	2015	82.8975609756098	8282396.0	76566.0772542148
Switzerland	Europe	2016	83.6024390243903	8373338.0	77301.2124304857
Switzerland	Europe	2017	83.5512195121951	8451840.0	77626.9027376941
Switzerland	Europe	2018	83.7536585365854	8514329.0	79261.3563641288
Switzerland	Europe	2019	83.9048780487805	8575280.0	79596.7029465098
Switzerland	Europe	2020	83.0	8638167.0	77324.8870934007
Switzerland	Europe	2021	83.7512195121951	8704546.0	81001.4111206118
Switzerland	Europe	2022	83.6048780487805	8777088.0	82777.293582076
Syria	Asia	1952	45.883	3661549.0	1643.485354
Syria	Asia	1957	48.284	4149908.0	2117.234893
Syria	Asia	1962	50.305	4834621.0	2193.037133
Syria	Asia	1967	53.655	5680812.0	1881.923632
Syria	Asia	1972	57.296	6701172.0	2571.423014
Syria	Asia	1977	61.195	7932503.0	3195.484582
Syria	Asia	1982	64.59	9410494.0	3761.837715
Syria	Asia	1987	66.974	11242847.0	3116.774285
Syria	Asia	1990	69.83	12579208.0	5828.40551611713
Syria	Asia	1991	70.075	12980821.0	6081.08907103889
Syria	Asia	1992	69.249	13219062.0	3340.542768
Syria	Asia	1992	70.243	13385571.0	6662.24314240165
Syria	Asia	1993	70.309	13795686.0	6861.79504697602
Syria	Asia	1994	70.296	14208583.0	7142.95380147314
Syria	Asia	1995	70.209	14616801.0	7431.354210148
Syria	Asia	1996	70.156	15018104.0	7943.44060493443
Syria	Asia	1997	71.527	15081016.0	4014.238972
Syria	Asia	1997	70.158	15417542.0	8126.36577647131
Syria	Asia	1998	70.237	15820413.0	8456.78287525056
Syria	Asia	1999	70.507	16228061.0	7951.39014713749
Syria	Asia	2000	70.856	16637888.0	7807.92995548742
Syria	Asia	2001	71.296	17051338.0	7698.3969367866
Syria	Asia	2002	73.053	17155814.0	4090.925331
Syria	Asia	2002	71.742	17468332.0	7811.81601910972
Syria	Asia	2003	72.188	17889296.0	8177.54506854394
Syria	Asia	2004	72.494	18336875.0	8528.65604597154
Syria	Asia	2005	72.797	18814091.0	8828.94590461523
Syria	Asia	2006	73.04	19637022.0	8885.80539630373
Syria	Asia	2007	74.143	19314747.0	4184.548089
Syria	Asia	2007	73.256	20884125.0	8829.30906367425
Syria	Asia	2008	73.368	21636564.0	8903.77225264131
Syria	Asia	2009	73.496	21976969.0	9284.10162126587
Syria	Asia	2010	73.542	22482421.0	9546.56048805399
Syria	Asia	2011	72.259	22878098.0	9648.82426718361
Syria	Asia	2012	66.206	22759763.0	7144.37244952745
Syria	Asia	2013	65.146	21666917.0	5530.97472757035
Syria	Asia	2014	65.492	20273659.0	5301.62535257941
Syria	Asia	2015	63.265	19424618.0	5302.07413721497
Syria	Asia	2016	65.19	19193834.0	5022.1127178437
Syria	Asia	2017	65.651	19224668.0	4977.79210063798
Syria	Asia	2018	67.371	19577845.0	4956.09296464777
Syria	Asia	2019	70.97	20353534.0	4825.40602053761
Syria	Asia	2020	71.944	21049429.0	4633.34951847728
Syria	Asia	2021	72.418	21628839.0	4592.83860100874
Syria	Asia	2022	72.79	22462173.0	4454.85373271464
Taiwan	Asia	1952	58.5	8550362.0	1206.947913
Taiwan	Asia	1957	62.4	10164215.0	1507.86129
Taiwan	Asia	1962	65.2	11918938.0	1822.879028
Taiwan	Asia	1967	67.5	13648692.0	2643.858681
Taiwan	Asia	1972	69.39	15226039.0	4062.523897
Taiwan	Asia	1977	70.59	16785196.0	5596.519826
Taiwan	Asia	1982	72.16	18501390.0	7426.354774
Taiwan	Asia	1987	73.4	19757799.0	11054.56175
Taiwan	Asia	1992	74.26	20686918.0	15215.6579
Taiwan	Asia	1997	75.25	21628605.0	20206.82098
Taiwan	Asia	2002	76.99	22454239.0	23235.42329
Taiwan	Asia	2007	78.4	23174294.0	28718.27684
Tanzania	Africa	1952	41.215	8322925.0	716.6500721
Tanzania	Africa	1957	42.974	9452826.0	698.5356073
Tanzania	Africa	1962	44.246	10863958.0	722.0038073
Tanzania	Africa	1967	45.757	12607312.0	848.2186575
Tanzania	Africa	1972	47.62	14706593.0	915.9850592
Tanzania	Africa	1977	49.919	17129565.0	962.4922932
Tanzania	Africa	1982	50.608	19844382.0	874.2426069
Tanzania	Africa	1987	51.535	23040630.0	831.8220794
Tanzania	Africa	1990	51.985	26110207.0	1794.20458984375
Tanzania	Africa	1991	51.837	26780436.0	1785.66394042969
Tanzania	Africa	1992	50.44	26605473.0	825.682454
Tanzania	Africa	1992	51.432	27457588.0	1751.91845703125
Tanzania	Africa	1993	51.215	28332692.0	1718.39306640625
Tanzania	Africa	1994	51.077	29442356.0	1679.66235351563
Tanzania	Africa	1995	51.005	30383497.0	1685.85107421875
Tanzania	Africa	1996	51.132	30945762.0	1730.55456542969
Tanzania	Africa	1997	48.466	30686889.0	789.1862231
Tanzania	Africa	1997	51.246	31578089.0	1755.8037109375
Tanzania	Africa	1998	51.807	32420458.0	1773.72424316406
Tanzania	Africa	1999	52.399	33300330.0	1810.97155761719
Tanzania	Africa	2000	53.244	34260139.0	1839.93664550781
Tanzania	Africa	2001	54.124	35198299.0	1899.74536132813
Tanzania	Africa	2002	49.651	34593779.0	899.0742111
Tanzania	Africa	2002	54.94	36121304.0	1982.64428710938
Tanzania	Africa	2003	55.929	37089555.0	2059.83740234375
Tanzania	Africa	2004	56.836	38109668.0	2155.24145507813
Tanzania	Africa	2005	57.675	39182076.0	2253.09326171875
Tanzania	Africa	2006	58.512	40294902.0	2334.1044921875
Tanzania	Africa	2007	52.517	38139640.0	1107.482182
Tanzania	Africa	2007	59.26	41435512.0	2423.61596679688
Tanzania	Africa	2008	59.896	42570728.0	2493.25927734375
Tanzania	Africa	2009	60.494	43633982.0	2560.81103515625
Tanzania	Africa	2010	61.127	44758488.0	2654.80346679688
Tanzania	Africa	2011	61.618	46029367.0	2779.70776367188
Tanzania	Africa	2012	62.286	47374260.0	2822.4853515625
Tanzania	Africa	2013	62.788	48824128.0	2924.86328125
Tanzania	Africa	2014	63.364	50351512.0	3027.56909179688
Tanzania	Africa	2015	63.928	52020962.0	3111.44458007813
Tanzania	Africa	2016	64.404	53824013.0	3214.24682617188
Tanzania	Africa	2017	64.963	55652890.0	3318.28833007813
Tanzania	Africa	2018	65.488	57437145.0	3392.68872070313
Tanzania	Africa	2019	66.007	59174891.0	3484.63256835938
Tanzania	Africa	2020	66.771	60972798.0	3449.82153320313
Tanzania	Africa	2021	66.131	62830412.0	3493.0830078125
Tanzania	Africa	2022	66.879	64711821.0	3546.98095703125
Thailand	Asia	1952	50.848	21289402.0	757.7974177
Thailand	Asia	1957	53.63	25041917.0	793.5774148
Thailand	Asia	1962	56.061	29263397.0	1002.199172
Thailand	Asia	1967	58.285	34024249.0	1295.46066
Thailand	Asia	1972	60.405	39276153.0	1524.358936
Thailand	Asia	1977	62.494	44148285.0	1961.224635
Thailand	Asia	1982	64.597	48827160.0	2393.219781
Thailand	Asia	1987	66.084	52910342.0	2982.653773
Thailand	Asia	1990	68.924	54738329.0	8701.95436053257
Thailand	Asia	1991	69.132	55637434.0	9294.03106255394
Thailand	Asia	1992	67.298	56667095.0	4616.896545
Thailand	Asia	1992	69.353	56528834.0	9886.89982869121
Thailand	Asia	1993	69.568	57408198.0	10538.8163895497
Thailand	Asia	1994	69.661	58260854.0	11215.0366594606
Thailand	Asia	1995	69.757	59098232.0	11953.920382867
Thailand	Asia	1996	69.94	59920064.0	12456.3290857417
Thailand	Asia	1997	67.521	60216677.0	5852.625497
Thailand	Asia	1997	70.362	60724584.0	11952.8491238372
Thailand	Asia	1998	70.703	61522630.0	10897.1533831339
Thailand	Asia	1999	70.979	62299043.0	11253.3874955905
Thailand	Asia	2000	71.205	63007815.0	11622.5250278537
Thailand	Asia	2001	71.52	63651141.0	11901.3182104659
Thailand	Asia	2002	68.564	62806748.0	5913.187529
Thailand	Asia	2002	71.775	64266437.0	12512.1831324963
Thailand	Asia	2003	72.101	64868166.0	13287.3048987459
Thailand	Asia	2004	72.1	65452047.0	13997.0013867292
Thailand	Asia	2005	72.894	66017420.0	14458.2551810694
Thailand	Asia	2006	73.341	66567687.0	15051.0606748719
Thailand	Asia	2007	70.616	65068149.0	7458.396327
Thailand	Asia	2007	73.779	67102394.0	15742.6552891781
Thailand	Asia	2008	74.221	67619830.0	15891.7823409885
Thailand	Asia	2009	74.669	68121080.0	15665.9031153449
Thailand	Asia	2010	75.012	68579447.0	16730.3697884488
Thailand	Asia	2011	75.302	69007208.0	16766.3477057883
Thailand	Asia	2012	75.59	69436098.0	17869.6376607459
Thailand	Asia	2013	75.96	69845114.0	18242.4256715363
Thailand	Asia	2014	76.279	70216367.0	18324.6144674875
Thailand	Asia	2015	76.563	70540795.0	18811.9975100064
Thailand	Asia	2016	76.769	70859841.0	19370.6087810117
Thailand	Asia	2017	76.989	71160187.0	20094.6778762603
Thailand	Asia	2018	77.19	71376079.0	20879.9027821449
Thailand	Asia	2019	77.197	71522271.0	21277.8392684764
Thailand	Asia	2020	77.331	71641484.0	19957.257140917
Thailand	Asia	2021	77.606	71727332.0	20242.7700035656
Thailand	Asia	2022	75.291	71735329.0	20762.7952598527
Togo	Africa	1952	38.596	1219113.0	859.8086567
Togo	Africa	1957	41.208	1357445.0	925.9083202
Togo	Africa	1962	43.922	1528098.0	1067.53481
Togo	Africa	1967	46.769	1735550.0	1477.59676
Togo	Africa	1972	49.759	2056351.0	1649.660188
Togo	Africa	1977	52.887	2308582.0	1532.776998
Togo	Africa	1982	55.471	2644765.0	1344.577953
Togo	Africa	1987	56.941	3154264.0	1202.201361
Togo	Africa	1990	54.557	3998761.0	2237.59984450159
Togo	Africa	1991	54.255	4115560.0	2158.8791103229
Togo	Africa	1992	58.061	3747553.0	1034.298904
Togo	Africa	1992	54.077	4233617.0	2015.13566927499
Togo	Africa	1993	53.852	4207453.0	1721.57369094046
Togo	Africa	1994	53.707	4222940.0	1972.24744911805
Togo	Africa	1995	53.692	4410832.0	2036.38159822696
Togo	Africa	1996	53.817	4577860.0	2135.45581609458
Togo	Africa	1997	58.39	4320890.0	982.2869243
Togo	Africa	1997	53.845	4725030.0	2366.40275146203
Togo	Africa	1998	53.956	4860913.0	2247.34887088094
Togo	Africa	1999	54.31	5000269.0	2238.93514971661
Togo	Africa	2000	54.577	5140037.0	2160.98936671986
Togo	Africa	2001	54.746	5277382.0	2122.08047449583
Togo	Africa	2002	57.561	4977378.0	886.2205765
Togo	Africa	2002	55.032	5413274.0	2147.97438337226
Togo	Africa	2003	55.299	5552167.0	2234.9772223053
Togo	Africa	2004	55.594	5696508.0	2157.02751991461
Togo	Africa	2005	55.916	5844631.0	2004.25858232153
Togo	Africa	2006	56.142	6010668.0	2000.54176015054
Togo	Africa	2007	58.42	5701579.0	882.9699438
Togo	Africa	2007	56.382	6188344.0	1920.26928670654
Togo	Africa	2008	56.651	6368812.0	1941.15486668393
Togo	Africa	2009	56.927	6551865.0	1989.82990346963
Togo	Africa	2010	57.227	6732590.0	2049.78055930203
Togo	Africa	2011	57.612	6916474.0	2111.47483429916
Togo	Africa	2012	57.94	7100736.0	2186.30951971437
Togo	Africa	2013	58.345	7285442.0	2254.98838359616
Togo	Africa	2014	58.766	7472450.0	2322.40408294543
Togo	Africa	2015	59.22	7663195.0	2388.42609861568
Togo	Africa	2016	59.669	7858289.0	2427.30036226403
Togo	Africa	2017	60.135	8057140.0	2462.27744935268
Togo	Africa	2018	60.601	8258778.0	2517.34898693009
Togo	Africa	2019	61.055	8463068.0	2577.51616831372
Togo	Africa	2020	61.123	8669720.0	2570.48315208534
Togo	Africa	2021	61.328	8878379.0	2638.81095267963
Togo	Africa	2022	62.29	9089738.0	2739.68813234711
Trinidad and Tobago	Americas	1952	59.1	662850.0	3023.271928
Trinidad and Tobago	Americas	1957	61.8	764900.0	4100.3934
Trinidad and Tobago	Americas	1962	64.9	887498.0	4997.523971
Trinidad and Tobago	Americas	1967	65.4	960155.0	5621.368472
Trinidad and Tobago	Americas	1972	65.9	975199.0	6619.551419
Trinidad and Tobago	Americas	1977	68.3	1039009.0	7899.554209
Trinidad and Tobago	Americas	1982	68.832	1116479.0	9119.528607
Trinidad and Tobago	Americas	1987	69.582	1191336.0	7388.597823
Trinidad and Tobago	Americas	1990	67.591	1252208.0	11869.5287266317
Trinidad and Tobago	Americas	1991	67.782	1262171.0	12142.348150297
Trinidad and Tobago	Americas	1992	69.862	1183669.0	7370.990932
Trinidad and Tobago	Americas	1992	67.78	1271674.0	13267.9770581707
Trinidad and Tobago	Americas	1993	67.825	1280466.0	13088.7073855168
Trinidad and Tobago	Americas	1994	67.837	1288341.0	13472.7464155031
Trinidad and Tobago	Americas	1995	67.995	1295169.0	13912.3133299045
Trinidad and Tobago	Americas	1996	68.039	1300928.0	14838.9026529676
Trinidad and Tobago	Americas	1997	69.465	1138101.0	8792.573126
Trinidad and Tobago	Americas	1997	68.143	1305836.0	15895.2438763164
Trinidad and Tobago	Americas	1998	68.331	1310225.0	17129.0911444686
Trinidad and Tobago	Americas	1999	68.509	1314708.0	18440.5741312908
Trinidad and Tobago	Americas	2000	68.629	1319774.0	19637.5545410721
Trinidad and Tobago	Americas	2001	68.874	1325567.0	20366.753132212
Trinidad and Tobago	Americas	2002	68.976	1101832.0	11460.60023
Trinidad and Tobago	Americas	2002	69.232	1332011.0	21876.8529070403
Trinidad and Tobago	Americas	2003	69.454	1338709.0	24910.823196152
Trinidad and Tobago	Americas	2004	69.879	1345380.0	26757.9075601429
Trinidad and Tobago	Americas	2005	70.185	1294494.0	29536.4394101096
Trinidad and Tobago	Americas	2006	70.437	1297944.0	33348.7507470886
Trinidad and Tobago	Americas	2007	69.819	1056608.0	18008.50924
Trinidad and Tobago	Americas	2007	70.797	1303188.0	34793.6457521105
Trinidad and Tobago	Americas	2008	71.117	1308587.0	35825.3333456362
Trinidad and Tobago	Americas	2009	71.404	1310106.0	34212.2683057008
Trinidad and Tobago	Americas	2010	71.809	1317714.0	35145.1253639062
Trinidad and Tobago	Americas	2011	72.232	1328019.0	34769.7620251376
Trinidad and Tobago	Americas	2012	72.513	1335194.0	36903.6898574094
Trinidad and Tobago	Americas	2013	72.785	1340557.0	37994.0686480473
Trinidad and Tobago	Americas	2014	72.898	1345343.0	39248.6570516023
Trinidad and Tobago	Americas	2015	72.882	1349667.0	38963.9641783011
Trinidad and Tobago	Americas	2016	72.935	1353895.0	35914.9901970983
Trinidad and Tobago	Americas	2017	72.984	1356633.0	34095.9899256152
Trinidad and Tobago	Americas	2018	72.658	1359193.0	33710.0178540008
Trinidad and Tobago	Americas	2019	72.836	1363985.0	33748.7060849924
Trinidad and Tobago	Americas	2020	72.645	1366725.0	30720.8876936042
Trinidad and Tobago	Americas	2021	71.111	1367558.0	30482.1201798631
Trinidad and Tobago	Americas	2022	73.331	1365805.0	30784.1112580356
Tunisia	Africa	1952	44.6	3647735.0	1468.475631
Tunisia	Africa	1957	47.1	3950849.0	1395.232468
Tunisia	Africa	1962	49.579	4286552.0	1660.30321
Tunisia	Africa	1967	52.053	4786986.0	1932.360167
Tunisia	Africa	1972	55.602	5303507.0	2753.285994
Tunisia	Africa	1977	59.837	6005061.0	3120.876811
Tunisia	Africa	1982	64.048	6734098.0	3560.233174
Tunisia	Africa	1987	66.894	7724976.0	3810.419296
Tunisia	Africa	1990	69.092	8324509.0	6742.58426420551
Tunisia	Africa	1991	69.398	8501827.0	6859.73427153777
Tunisia	Africa	1992	70.001	8523077.0	4332.720164
Tunisia	Africa	1992	69.684	8682512.0	7241.29105894738
Tunisia	Africa	1993	69.992	8857910.0	7253.33614579881
Tunisia	Africa	1994	70.363	9018448.0	7350.65600471494
Tunisia	Africa	1995	70.785	9161258.0	7406.23900930842
Tunisia	Africa	1996	71.247	9294432.0	7821.79219107359
Tunisia	Africa	1997	71.973	9231669.0	4876.798614
Tunisia	Africa	1997	71.67	9421270.0	8136.3376111408
Tunisia	Africa	1998	72.067	9541667.0	8417.98493264685
Tunisia	Africa	1999	72.344	9655963.0	8821.98791288257
Tunisia	Africa	2000	72.604	9764935.0	9134.41506327005
Tunisia	Africa	2001	72.822	9869677.0	9380.56317617024
Tunisia	Africa	2002	73.042	9770575.0	5722.895655
Tunisia	Africa	2002	73.07	9971515.0	9407.55676671593
Tunisia	Africa	2003	73.304	10071632.0	9752.02442335824
Tunisia	Africa	2004	73.519	10166163.0	10263.8055422408
Tunisia	Africa	2005	73.712	10255472.0	10529.1598956845
Tunisia	Africa	2006	73.888	10346410.0	10983.9221903991
Tunisia	Africa	2007	73.923	10276158.0	7092.923025
Tunisia	Africa	2007	74.039	10441702.0	11613.9247511428
Tunisia	Africa	2008	74.192	10542635.0	11990.1962371716
Tunisia	Africa	2009	74.32	10650681.0	12229.7752536693
Tunisia	Africa	2010	74.438	10765980.0	12458.2710366551
Tunisia	Africa	2011	74.471	10886035.0	12068.7136257667
Tunisia	Africa	2012	74.599	11009647.0	12436.3958115735
Tunisia	Africa	2013	74.674	11141361.0	12587.9950645596
Tunisia	Africa	2014	74.784	11274288.0	12824.0028914441
Tunisia	Africa	2015	74.875	11402264.0	12802.7917211433
Tunisia	Africa	2016	75.007	11528674.0	12803.8797371543
Tunisia	Africa	2017	75.177	11650498.0	12955.4014814241
Tunisia	Africa	2018	75.37	11765514.0	13163.1952230357
Tunisia	Africa	2019	75.599	11875081.0	13243.9024233246
Tunisia	Africa	2020	75.004	11974057.0	11955.5983698479
Tunisia	Africa	2021	72.893	12048622.0	12444.3264026887
Tunisia	Africa	2022	76.05	12119334.0	12712.22345453
Turkey	Europe	1952	43.585	22235677.0	1969.10098
Turkey	Europe	1957	48.079	25670939.0	2218.754257
Turkey	Europe	1962	52.098	29788695.0	2322.869908
Turkey	Europe	1967	54.336	33411317.0	2826.356387
Turkey	Europe	1972	57.005	37492953.0	3450.69638
Turkey	Europe	1977	59.507	42404033.0	4269.122326
Turkey	Europe	1982	61.036	47328791.0	4241.356344
Turkey	Europe	1987	63.108	52881328.0	5089.043686
Turkey	Europe	1992	66.146	58179144.0	5678.348271
Turkey	Europe	1997	68.835	63047647.0	6601.429915
Turkey	Europe	2002	70.845	67308928.0	6508.085718
Turkey	Europe	2007	71.777	71158647.0	8458.276384
Uganda	Africa	1952	39.978	5824797.0	734.753484
Uganda	Africa	1957	42.571	6675501.0	774.3710692
Uganda	Africa	1962	45.344	7688797.0	767.2717398
Uganda	Africa	1967	48.051	8900294.0	908.9185217
Uganda	Africa	1972	51.016	10190285.0	950.735869
Uganda	Africa	1977	50.35	11457758.0	843.7331372
Uganda	Africa	1982	49.849	12939400.0	682.2662268
Uganda	Africa	1987	51.509	15283050.0	617.7244065
Uganda	Africa	1990	47.561	17569897.0	1080.03830980398
Uganda	Africa	1991	47.549	18155901.0	1103.22897278835
Uganda	Africa	1992	48.825	18252190.0	644.1707969
Uganda	Africa	1992	47.671	18785032.0	1102.72992145701
Uganda	Africa	1993	47.681	19445161.0	1153.99369070318
Uganda	Africa	1994	47.675	20108801.0	1187.36780541734
Uganda	Africa	1995	47.706	20665667.0	1288.50886674348
Uganda	Africa	1996	47.759	21231550.0	1367.94573764936
Uganda	Africa	1997	44.578	21210254.0	816.559081
Uganda	Africa	1997	48.026	21856046.0	1396.63106915218
Uganda	Africa	1998	48.263	22515806.0	1422.20789184705
Uganda	Africa	1999	48.977	23257281.0	1487.75796178874
Uganda	Africa	2000	49.64	24000150.0	1487.00498853512
Uganda	Africa	2001	50.576	24745676.0	1516.96423755695
Uganda	Africa	2002	47.813	24739869.0	927.7210018
Uganda	Africa	2002	51.443	25532870.0	1598.5828380849
Uganda	Africa	2003	52.414	26352124.0	1649.1482601448
Uganda	Africa	2004	53.699	27154515.0	1709.36159216857
Uganda	Africa	2005	54.926	27963289.0	1765.03788457066
Uganda	Africa	2006	56.118	28794003.0	1898.97915280479
Uganda	Africa	2007	51.542	29170398.0	1056.380121
Uganda	Africa	2007	57.248	29653430.0	1999.0624896434
Uganda	Africa	2008	58.253	30539553.0	2110.10049271503
Uganda	Africa	2009	59.157	31451151.0	2188.29916246327
Uganda	Africa	2010	59.959	32390802.0	2244.60595194584
Uganda	Africa	2011	60.791	33354543.0	2384.4653273154
Uganda	Africa	2012	61.579	34337438.0	2405.09455932767
Uganda	Africa	2013	62.353	35337042.0	2420.88808087266
Uganda	Africa	2014	63.057	36395539.0	2470.50380909598
Uganda	Africa	2015	63.831	37531446.0	2520.0201028843
Uganda	Africa	2016	64.494	38799152.0	2554.22769062073
Uganda	Africa	2017	65.174	40177388.0	2543.84754394956
Uganda	Africa	2018	65.775	41565831.0	2613.87976413963
Uganda	Africa	2019	66.354	42999637.0	2689.41009144919
Uganda	Africa	2020	66.41	44457152.0	2678.00907202293
Uganda	Africa	2021	66.45	45910930.0	2684.92035939744
Uganda	Africa	2022	67.675	47312719.0	2724.90609568409
United Kingdom	Europe	1952	69.18	50430000.0	9979.508487
United Kingdom	Europe	1957	70.42	51430000.0	11283.17795
United Kingdom	Europe	1962	70.76	53292000.0	12477.17707
United Kingdom	Europe	1967	71.36	54959000.0	14142.85089
United Kingdom	Europe	1972	72.01	56079000.0	15895.11641
United Kingdom	Europe	1977	72.76	56179000.0	17428.74846
United Kingdom	Europe	1982	74.04	56339704.0	18232.42452
United Kingdom	Europe	1987	75.007	56981620.0	21664.78767
United Kingdom	Europe	1990	75.8804878048781	57247586.0	32993.1694419805
United Kingdom	Europe	1991	76.0829268292683	57424897.0	32466.1961615901
United Kingdom	Europe	1992	76.42	57866349.0	22705.09254
United Kingdom	Europe	1992	76.4341463414634	57580402.0	32797.7299280942
United Kingdom	Europe	1993	76.3853658536585	57718614.0	33861.2523742725
United Kingdom	Europe	1994	76.8853658536585	57865745.0	35448.1781034952
United Kingdom	Europe	1995	76.8365853658537	58019030.0	36603.7383816545
United Kingdom	Europe	1996	77.0878048780488	58166950.0	37465.3771277415
United Kingdom	Europe	1997	77.218	58808266.0	26074.53136
United Kingdom	Europe	1997	77.2109756097561	58316954.0	39192.610054674
United Kingdom	Europe	1998	77.190243902439	58487141.0	40347.1799533754
United Kingdom	Europe	1999	77.390243902439	58682466.0	41396.9358449656
United Kingdom	Europe	2000	77.7414634146342	58892514.0	43115.5630082237
United Kingdom	Europe	2001	77.9926829268293	59119673.0	43976.8391685783
United Kingdom	Europe	2002	78.471	59912431.0	29478.99919
United Kingdom	Europe	2002	78.1439024390244	59370479.0	44539.4636492853
United Kingdom	Europe	2003	78.4463414634146	59647577.0	45759.4020280715
United Kingdom	Europe	2004	78.7463414634146	59987905.0	46558.1299600699
United Kingdom	Europe	2005	79.0487804878049	60401206.0	47529.9377511933
United Kingdom	Europe	2006	79.2487804878049	60846820.0	48215.0486668938
United Kingdom	Europe	2007	79.425	60776238.0	33203.26128
United Kingdom	Europe	2007	79.4487804878049	61322463.0	49243.2517368789
United Kingdom	Europe	2008	79.6	61806995.0	48833.0712359377
United Kingdom	Europe	2009	80.0512195121951	62276270.0	46241.8039957358
United Kingdom	Europe	2010	80.4024390243902	62766365.0	46917.8912974837
United Kingdom	Europe	2011	80.9512195121951	63258810.0	46949.0207981339
United Kingdom	Europe	2012	80.9048780487805	63711000.0	47328.2100308702
United Kingdom	Europe	2013	81.0048780487805	64139000.0	47820.2821627006
United Kingdom	Europe	2014	81.3048780487805	64620000.0	48964.2863514962
United Kingdom	Europe	2015	80.9560975609756	65088000.0	49652.7188154397
United Kingdom	Europe	2016	81.1560975609756	65607000.0	50346.8592925717
United Kingdom	Europe	2017	81.2560975609756	65966000.0	51586.6756125445
United Kingdom	Europe	2018	81.2560975609756	66289000.0	52131.6948248133
United Kingdom	Europe	2019	81.3691219512195	66631000.0	52515.684446109
United Kingdom	Europe	2020	80.331756097561	66744000.0	47158.985486323
United Kingdom	Europe	2021	80.6473170731707	66984000.0	51004.4271714238
United Kingdom	Europe	2022	81.0112195121951	67604000.0	53139.151252206
United States	Americas	1952	68.44	157553000.0	13990.48208
United States	Americas	1957	69.49	171984000.0	14847.12712
United States	Americas	1962	70.21	186538000.0	16173.14586
United States	Americas	1967	70.76	198712000.0	19530.36557
United States	Americas	1972	71.34	209896000.0	21806.03594
United States	Americas	1977	73.38	220239000.0	24072.63213
United States	Americas	1982	74.65	232187835.0	25009.55914
United States	Americas	1987	75.02	242803533.0	29884.35041
United States	Americas	1990	75.2146341463415	249623000.0	44378.5240275575
United States	Americas	1991	75.3658536585366	252981000.0	43742.0261213549
United States	Americas	1992	76.09	256894189.0	32003.93224
United States	Americas	1992	75.6170731707317	256514000.0	44659.1514617994
United States	Americas	1993	75.419512195122	259919000.0	45286.9355090342
United States	Americas	1994	75.619512195122	263126000.0	46537.3571477424
United States	Americas	1995	75.6219512195122	266278000.0	47220.9579604358
United States	Americas	1996	76.0268292682927	269394000.0	48435.70010416
United States	Americas	1997	76.81	272911760.0	35767.43303
United States	Americas	1997	76.4292682926829	272657000.0	49984.2696497419
United States	Americas	1998	76.5804878048781	275854000.0	51619.8698375216
United States	Americas	1999	76.5829268292683	279040000.0	53474.045430104
United States	Americas	2000	76.6365853658537	282162411.0	55038.6224959451
United States	Americas	2001	76.8365853658537	284968955.0	55017.3049786608
United States	Americas	2002	77.31	287675526.0	39097.09955
United States	Americas	2002	76.9365853658537	287625193.0	55436.1169813778
United States	Americas	2003	77.0365853658537	290107933.0	56498.2078314911
United States	Americas	2004	77.4878048780488	292805298.0	58131.6336853496
United States	Americas	2005	77.4878048780488	295516599.0	59604.7536374577
United States	Americas	2006	77.6878048780488	298379912.0	60676.5655690664
United States	Americas	2007	78.242	301139947.0	42951.65309
United States	Americas	2007	77.9878048780488	301231207.0	61306.596938633
United States	Americas	2008	78.0390243902439	304093966.0	60798.4338401606
United States	Americas	2009	78.390243902439	306771529.0	58714.9736915861
United States	Americas	2010	78.5414634146342	309378227.0	59789.4129069749
United States	Americas	2011	78.6414634146341	311839461.0	60245.4843994565
United States	Americas	2012	78.7414634146342	314339099.0	61134.530608776
United States	Americas	2013	78.7414634146342	316726282.0	61958.7234416953
United States	Americas	2014	78.8414634146341	319257560.0	63018.8033942192
United States	Americas	2015	78.690243902439	321815121.0	64359.4725899466
United States	Americas	2016	78.5390243902439	324353340.0	65017.654963867
United States	Americas	2017	78.5390243902439	326608609.0	66155.5555676249
United States	Americas	2018	78.6390243902439	328529577.0	67719.7656392064
United States	Americas	2019	78.7878048780488	330226227.0	69112.602688656
United States	Americas	2020	76.9804878048781	331577720.0	67342.0709287722
United States	Americas	2021	76.3292682926829	332099760.0	71307.4017277218
United States	Americas	2022	77.4341463414634	334017321.0	72679.2575396348
Uruguay	Americas	1952	66.071	2252965.0	5716.766744
Uruguay	Americas	1957	67.044	2424959.0	6150.772969
Uruguay	Americas	1962	68.253	2598466.0	5603.357717
Uruguay	Americas	1967	68.468	2748579.0	5444.61962
Uruguay	Americas	1972	68.673	2829526.0	5703.408898
Uruguay	Americas	1977	69.481	2873520.0	6504.339663
Uruguay	Americas	1982	70.805	2953997.0	6920.223051
Uruguay	Americas	1987	71.918	3045153.0	7452.398969
Uruguay	Americas	1990	72.994	3104403.0	14060.8454762218
Uruguay	Americas	1991	73.198	3122354.0	14474.7327106176
Uruguay	Americas	1992	72.752	3149262.0	8137.004775
Uruguay	Americas	1992	73.185	3139702.0	15536.4872092796
Uruguay	Americas	1993	73.147	3156345.0	15865.2775154336
Uruguay	Americas	1994	73.162	3172834.0	16932.0284550546
Uruguay	Americas	1995	73.493	3189440.0	16600.0391885928
Uruguay	Americas	1996	73.812	3206324.0	17433.6932851628
Uruguay	Americas	1997	74.223	3262838.0	9230.240708
Uruguay	Americas	1997	73.92	3223345.0	18823.9419170645
Uruguay	Americas	1998	74.029	3239280.0	19577.7899664694
Uruguay	Americas	1999	74.293	3254015.0	19192.7175685083
Uruguay	Americas	2000	74.693	3266206.0	18752.0578112966
Uruguay	Americas	2001	74.987	3274251.0	17986.9007596433
Uruguay	Americas	2002	75.307	3363085.0	7727.002004
Uruguay	Americas	2002	74.979	3278867.0	16572.7881760134
Uruguay	Americas	2003	75.086	3281186.0	16694.4389231595
Uruguay	Americas	2004	75.319	3283148.0	17519.3796251133
Uruguay	Americas	2005	75.829	3285771.0	18811.3195971021
Uruguay	Americas	2006	75.888	3289506.0	19560.0817556405
Uruguay	Americas	2007	76.384	3447496.0	10611.46299
Uruguay	Americas	2007	76.15	3295153.0	20803.893182056
Uruguay	Americas	2008	76.275	3302177.0	22249.3835165533
Uruguay	Americas	2009	76.67	3310091.0	23138.0820687014
Uruguay	Americas	2010	76.691	3318580.0	24879.8350192618
Uruguay	Americas	2011	76.614	3326825.0	26099.3215293803
Uruguay	Americas	2012	76.691	3335401.0	26953.2811065384
Uruguay	Americas	2013	76.953	3345337.0	28119.4833341404
Uruguay	Americas	2014	77.194	3356334.0	28935.0974409271
Uruguay	Americas	2015	77.285	3368017.0	28941.6294107011
Uruguay	Americas	2016	77.351	3379283.0	29332.5672615246
Uruguay	Americas	2017	77.618	3388438.0	29762.4333171685
Uruguay	Americas	2018	77.527	3394534.0	29757.9388543783
Uruguay	Americas	2019	77.503	3397206.0	30010.5742615797
Uruguay	Americas	2020	78.381	3398968.0	27788.1854968153
Uruguay	Americas	2021	75.434	3396695.0	29431.8850087471
Uruguay	Americas	2022	76.468	3390913.0	30804.7032775797
Venezuela	Americas	1952	55.088	5439568.0	7689.799761
Venezuela	Americas	1957	57.907	6702668.0	9802.466526
Venezuela	Americas	1962	60.77	8143375.0	8422.974165
Venezuela	Americas	1967	63.479	9709552.0	9541.474188
Venezuela	Americas	1972	65.712	11515649.0	10505.25966
Venezuela	Americas	1977	67.456	13503563.0	13143.95095
Venezuela	Americas	1982	68.557	15620766.0	11152.41011
Venezuela	Americas	1987	70.19	17910182.0	9883.584648
Venezuela	Americas	1992	71.15	20265563.0	10733.92631
Venezuela	Americas	1997	72.146	22374398.0	10165.49518
Venezuela	Americas	2002	72.766	24287670.0	8605.047831
Venezuela	Americas	2007	73.747	26084662.0	11415.80569
Vietnam	Asia	1952	40.412	26246839.0	605.0664917
Vietnam	Asia	1957	42.887	28998543.0	676.2854478
Vietnam	Asia	1962	45.363	33796140.0	772.0491602
Vietnam	Asia	1967	47.838	39463910.0	637.1232887
Vietnam	Asia	1972	50.254	44655014.0	699.5016441
Vietnam	Asia	1977	55.764	50533506.0	713.5371196
Vietnam	Asia	1982	58.816	56142181.0	707.2357863
Vietnam	Asia	1987	62.82	62826491.0	820.7994449
Vietnam	Asia	1992	67.662	69940728.0	989.0231487
Vietnam	Asia	1997	70.672	76048996.0	1385.896769
Vietnam	Asia	2002	73.017	80908147.0	1764.456677
Vietnam	Asia	2007	74.249	85262356.0	2441.576404
West Bank and Gaza	Asia	1952	43.16	1030585.0	1515.592329
West Bank and Gaza	Asia	1957	45.671	1070439.0	1827.067742
West Bank and Gaza	Asia	1962	48.127	1133134.0	2198.956312
West Bank and Gaza	Asia	1967	51.631	1142636.0	2649.715007
West Bank and Gaza	Asia	1972	56.532	1089572.0	3133.409277
West Bank and Gaza	Asia	1977	60.765	1261091.0	3682.831494
West Bank and Gaza	Asia	1982	64.406	1425876.0	4336.032082
West Bank and Gaza	Asia	1987	67.046	1691210.0	5107.197384
West Bank and Gaza	Asia	1992	69.718	2104779.0	6017.654756
West Bank and Gaza	Asia	1994	69.328	2366298.0	3966.68875052152
West Bank and Gaza	Asia	1995	69.583	2474666.0	4062.96290335877
West Bank and Gaza	Asia	1996	69.982	2587997.0	3932.22694732854
West Bank and Gaza	Asia	1997	71.096	2826046.0	7110.667619
West Bank and Gaza	Asia	1997	70.328	2706518.0	4311.53876740636
West Bank and Gaza	Asia	1998	70.564	2776568.0	4805.19156878644
West Bank and Gaza	Asia	1999	70.789	2848431.0	5071.82121719043
West Bank and Gaza	Asia	2000	70.298	2922153.0	4520.88992531975
West Bank and Gaza	Asia	2001	69.75	2997784.0	3996.50878001821
West Bank and Gaza	Asia	2002	72.37	3389578.0	4515.487575
West Bank and Gaza	Asia	2002	70.88	3075373.0	3409.17287422698
West Bank and Gaza	Asia	2003	70.967	3154969.0	3788.92652721128
West Bank and Gaza	Asia	2004	71.094	3236626.0	4503.08034061409
West Bank and Gaza	Asia	2005	72.004	3320396.0	4885.07252184444
West Bank and Gaza	Asia	2006	71.831	3406334.0	4714.37331793342
West Bank and Gaza	Asia	2007	73.422	4018332.0	3025.349798
West Bank and Gaza	Asia	2007	72.064	3494496.0	4769.52328096801
West Bank and Gaza	Asia	2008	72.204	3591977.0	4984.80579890695
West Bank and Gaza	Asia	2009	72.306	3689099.0	5270.66331643219
West Bank and Gaza	Asia	2010	73.302	3786161.0	5432.24363072522
West Bank and Gaza	Asia	2011	73.557	3882986.0	5805.32115329251
West Bank and Gaza	Asia	2012	73.722	3979998.0	6009.10925822042
West Bank and Gaza	Asia	2013	74.14	4076708.0	6142.20204342591
West Bank and Gaza	Asia	2014	72.781	4173398.0	5990.42661523778
West Bank and Gaza	Asia	2015	74.577	4270092.0	6072.65031768549
West Bank and Gaza	Asia	2016	74.917	4367088.0	6464.13352537371
West Bank and Gaza	Asia	2017	75.216	4454805.0	6426.79521615335
West Bank and Gaza	Asia	2018	75.38	4569087.0	6342.9374800852
West Bank and Gaza	Asia	2019	75.811	4685306.0	6269.89134527985
West Bank and Gaza	Asia	2020	74.998	4803269.0	5423.68254653126
West Bank and Gaza	Asia	2021	73.89	4922749.0	5663.12160743584
West Bank and Gaza	Asia	2022	76.662	5043612.0	5753.08395899307
Yemen, Rep.	Asia	1952	32.548	4963829.0	781.7175761
Yemen, Rep.	Asia	1957	33.97	5498090.0	804.8304547
Yemen, Rep.	Asia	1962	35.18	6120081.0	825.6232006
Yemen, Rep.	Asia	1967	36.984	6740785.0	862.4421463
Yemen, Rep.	Asia	1972	39.848	7407075.0	1265.047031
Yemen, Rep.	Asia	1977	44.175	8403990.0	1829.765177
Yemen, Rep.	Asia	1982	49.113	9657618.0	1977.55701
Yemen, Rep.	Asia	1987	52.922	11219340.0	1971.741538
Yemen, Rep.	Asia	1992	55.599	13367997.0	1879.496673
Yemen, Rep.	Asia	1997	58.02	15826497.0	2117.484526
Yemen, Rep.	Asia	2002	60.308	18701257.0	2234.820827
Yemen, Rep.	Asia	2007	62.698	22211743.0	2280.769906
Zambia	Africa	1952	42.038	2672000.0	1147.388831
Zambia	Africa	1957	44.077	3016000.0	1311.956766
Zambia	Africa	1962	46.023	3421000.0	1452.725766
Zambia	Africa	1967	47.768	3900000.0	1777.077318
Zambia	Africa	1972	50.107	4506497.0	1773.498265
Zambia	Africa	1977	51.386	5216550.0	1588.688299
Zambia	Africa	1982	51.821	6100407.0	1408.678565
Zambia	Africa	1987	50.821	7272406.0	1213.315116
Zambia	Africa	1990	48.204	7786169.0	2425.11128678382
Zambia	Africa	1991	47.443	7981650.0	2364.86234039956
Zambia	Africa	1992	46.1	8381163.0	1210.884633
Zambia	Africa	1992	46.968	8176680.0	2268.49812195378
Zambia	Africa	1993	46.678	8373921.0	2365.62953630778
Zambia	Africa	1994	46.344	8576269.0	2110.5832556481
Zambia	Africa	1995	46.051	8785763.0	2119.95642928697
Zambia	Africa	1996	45.757	9004053.0	2197.19564925242
Zambia	Africa	1997	40.238	9417789.0	1071.353818
Zambia	Africa	1997	45.743	9237063.0	2223.45745445731
Zambia	Africa	1998	45.709	9482408.0	2157.57339335667
Zambia	Africa	1999	45.924	9740005.0	2198.18912998648
Zambia	Africa	2000	46.577	10017631.0	2220.5653712714
Zambia	Africa	2001	47.408	10325185.0	2268.96965564597
Zambia	Africa	2002	39.193	10595811.0	1071.613938
Zambia	Africa	2002	48.461	10647949.0	2299.33289188114
Zambia	Africa	2003	49.616	10983595.0	2383.87611741089
Zambia	Africa	2004	50.54	11338198.0	2471.72073328685
Zambia	Africa	2005	51.615	11718819.0	2564.47560965912
Zambia	Africa	2006	52.693	12129553.0	2673.46151928529
Zambia	Africa	2007	42.384	11746035.0	1271.211593
Zambia	Africa	2007	53.73	12565085.0	2796.3529332184
Zambia	Africa	2008	54.835	13021324.0	2908.14362510668
Zambia	Africa	2009	55.886	13490389.0	3065.84420108998
Zambia	Africa	2010	56.896	13965594.0	3266.50749293828
Zambia	Africa	2011	57.843	14437796.0	3335.64339500657
Zambia	Africa	2012	58.704	14913629.0	3474.55252844092
Zambia	Africa	2013	59.445	15398997.0	3535.22449043144
Zambia	Africa	2014	60.109	15895315.0	3585.57748507131
Zambia	Africa	2015	60.728	16399089.0	3576.92544834125
Zambia	Africa	2016	61.129	16914423.0	3598.17166023389
Zambia	Africa	2017	61.564	17441320.0	3612.50597664593
Zambia	Africa	2018	62.138	17973569.0	3646.95966481655
Zambia	Africa	2019	62.914	18513839.0	3591.56418883108
Zambia	Africa	2020	63.361	19059395.0	3391.59541156095
Zambia	Africa	2021	62.363	19603607.0	3503.03491418372
Zambia	Africa	2022	65.279	20152938.0	3585.12379084347
Zimbabwe	Africa	1952	48.451	3080907.0	406.8841148
Zimbabwe	Africa	1957	50.469	3646340.0	518.7642681
Zimbabwe	Africa	1962	52.358	4277736.0	527.2721818
Zimbabwe	Africa	1967	53.995	4995432.0	569.7950712
Zimbabwe	Africa	1972	55.635	5861135.0	799.3621758
Zimbabwe	Africa	1977	57.674	6642107.0	685.5876821
Zimbabwe	Africa	1982	60.363	7636524.0	788.8550411
Zimbabwe	Africa	1987	62.351	9216418.0	706.1573059
Zimbabwe	Africa	1990	58.319	10137281.0	6082.84245095319
Zimbabwe	Africa	1991	57.037	10404816.0	6254.27473513148
Zimbabwe	Africa	1992	60.377	10704340.0	693.4207856
Zimbabwe	Africa	1992	55.602	10702700.0	5532.03740345063
Zimbabwe	Africa	1993	53.976	10860288.0	5509.0831125663
Zimbabwe	Africa	1994	52.537	10873148.0	6010.74241746159
Zimbabwe	Africa	1995	51.144	10974599.0	5964.5893804643
Zimbabwe	Africa	1996	48.981	11158360.0	6474.16018296527
Zimbabwe	Africa	1997	46.809	11404948.0	792.4499603
Zimbabwe	Africa	1997	48.536	11369827.0	6524.06265782805
Zimbabwe	Africa	1998	47.551	11594297.0	6582.34841934183
Zimbabwe	Africa	1999	46.379	11783458.0	6423.70886833195
Zimbabwe	Africa	2000	46.034	11892055.0	6170.33390832202
Zimbabwe	Africa	2001	44.525	11971901.0	6217.41179425199
Zimbabwe	Africa	2002	39.989	11926563.0	672.0386227
Zimbabwe	Africa	2002	45.938	12087653.0	5610.19146861437
Zimbabwe	Africa	2003	45.373	12232323.0	4601.6607468251
Zimbabwe	Africa	2004	46.043	12365896.0	4287.59829196083
Zimbabwe	Africa	2005	46.57	12483432.0	4004.66443720945
Zimbabwe	Africa	2006	47.056	12636445.0	3819.2334285389
Zimbabwe	Africa	2007	43.487	12311143.0	469.7092981
Zimbabwe	Africa	2007	47.576	12804058.0	3631.53761566256
Zimbabwe	Africa	2008	48.456	12959149.0	2954.09932377926
Zimbabwe	Africa	2009	49.75	13142790.0	3299.41379594873
Zimbabwe	Africa	2010	51.925	13356548.0	3885.39378454343
Zimbabwe	Africa	2011	53.911	13595424.0	4358.92582649309
Zimbabwe	Africa	2012	55.386	13817887.0	5003.48706186748
Zimbabwe	Africa	2013	56.842	14013808.0	5031.68744400391
Zimbabwe	Africa	2014	58.106	14207359.0	5081.11240399225
Zimbabwe	Africa	2015	58.989	14399013.0	5102.71432347607
Zimbabwe	Africa	2016	59.76	14600294.0	5070.40217016051
Zimbabwe	Africa	2017	60.263	14812482.0	5234.3838655748
Zimbabwe	Africa	2018	60.906	15034452.0	5415.46976371689
Zimbabwe	Africa	2019	61.06	15271368.0	4993.84383894752
Zimbabwe	Africa	2020	61.53	15526888.0	4527.71988082724
Zimbabwe	Africa	2021	60.135	15797210.0	4827.0886936086
Zimbabwe	Africa	2022	62.36	16069056.0	5036.76136109489
