시군구별,연도,월,남자,여자,전체,성비
강원특별자치도,1997,01,917.0,877.0,1794.0,1.0456100342075256
강원특별자치도,1997,02,844.0,804.0,1648.0,1.0497512437810945
강원특별자치도,1997,03,952.0,879.0,1831.0,1.0830489192263937
강원특별자치도,1997,04,844.0,826.0,1670.0,1.0217917675544794
강원특별자치도,1997,05,869.0,781.0,1650.0,1.1126760563380282
강원특별자치도,1997,06,807.0,707.0,1514.0,1.1414427157001414
강원특별자치도,1997,07,848.0,770.0,1618.0,1.1012987012987012
강원특별자치도,1997,08,815.0,779.0,1594.0,1.0462130937098844
강원특별자치도,1997,09,850.0,802.0,1652.0,1.059850374064838
강원특별자치도,1997,10,832.0,831.0,1663.0,1.0012033694344165
강원특별자치도,1997,11,800.0,746.0,1546.0,1.0723860589812333
강원특별자치도,1997,12,827.0,814.0,1641.0,1.015970515970516
강원특별자치도,1998,01,922.0,786.0,1708.0,1.173027989821883
강원특별자치도,1998,02,893.0,814.0,1707.0,1.097051597051597
강원특별자치도,1998,03,876.0,877.0,1753.0,0.9988597491448119
강원특별자치도,1998,04,932.0,780.0,1712.0,1.1948717948717948
강원특별자치도,1998,05,834.0,779.0,1613.0,1.0706033376123234
강원특별자치도,1998,06,806.0,726.0,1532.0,1.1101928374655647
강원특별자치도,1998,07,796.0,787.0,1583.0,1.0114358322744599
강원특별자치도,1998,08,753.0,724.0,1477.0,1.0400552486187846
강원특별자치도,1998,09,837.0,766.0,1603.0,1.0926892950391645
강원특별자치도,1998,10,841.0,746.0,1587.0,1.1273458445040214
강원특별자치도,1998,11,799.0,749.0,1548.0,1.0667556742323097
강원특별자치도,1998,12,848.0,750.0,1598.0,1.1306666666666667
강원특별자치도,1999,01,928.0,862.0,1790.0,1.0765661252900232
강원특별자치도,1999,02,893.0,819.0,1712.0,1.0903540903540903
강원특별자치도,1999,03,905.0,855.0,1760.0,1.0584795321637428
강원특별자치도,1999,04,860.0,738.0,1598.0,1.165311653116531
강원특별자치도,1999,05,816.0,800.0,1616.0,1.02
강원특별자치도,1999,06,706.0,673.0,1379.0,1.049034175334324
강원특별자치도,1999,07,764.0,748.0,1512.0,1.0213903743315509
강원특별자치도,1999,08,760.0,737.0,1497.0,1.0312075983717774
강원특별자치도,1999,09,838.0,753.0,1591.0,1.1128818061088976
강원특별자치도,1999,10,838.0,724.0,1562.0,1.1574585635359116
강원특별자치도,1999,11,790.0,689.0,1479.0,1.146589259796807
강원특별자치도,1999,12,876.0,771.0,1647.0,1.1361867704280155
강원특별자치도,2000,01,1015.0,951.0,1966.0,1.0672975814931651
강원특별자치도,2000,02,906.0,874.0,1780.0,1.036613272311213
강원특별자치도,2000,03,979.0,824.0,1803.0,1.1881067961165048
강원특별자치도,2000,04,871.0,741.0,1612.0,1.1754385964912282
강원특별자치도,2000,05,816.0,799.0,1615.0,1.0212765957446808
강원특별자치도,2000,06,793.0,702.0,1495.0,1.1296296296296295
강원특별자치도,2000,07,824.0,679.0,1503.0,1.2135493372606774
강원특별자치도,2000,08,804.0,709.0,1513.0,1.1339915373765868
강원특별자치도,2000,09,814.0,770.0,1584.0,1.0571428571428572
강원특별자치도,2000,10,803.0,739.0,1542.0,1.0866035182679297
강원특별자치도,2000,11,847.0,716.0,1563.0,1.1829608938547487
강원특별자치도,2000,12,765.0,741.0,1506.0,1.0323886639676114
강원특별자치도,2001,01,950.0,831.0,1781.0,1.1432009626955475
강원특별자치도,2001,02,732.0,741.0,1473.0,0.9878542510121457
강원특별자치도,2001,03,906.0,740.0,1646.0,1.2243243243243243
강원특별자치도,2001,04,754.0,715.0,1469.0,1.0545454545454545
강원특별자치도,2001,05,746.0,686.0,1432.0,1.087463556851312
강원특별자치도,2001,06,649.0,604.0,1253.0,1.0745033112582782
강원특별자치도,2001,07,735.0,621.0,1356.0,1.183574879227053
강원특별자치도,2001,08,733.0,620.0,1353.0,1.1822580645161291
강원특별자치도,2001,09,702.0,603.0,1305.0,1.164179104477612
강원특별자치도,2001,10,691.0,591.0,1282.0,1.1692047377326564
강원특별자치도,2001,11,678.0,589.0,1267.0,1.1511035653650254
강원특별자치도,2001,12,612.0,644.0,1256.0,0.9503105590062112
강원특별자치도,2002,01,819.0,708.0,1527.0,1.1567796610169492
강원특별자치도,2002,02,669.0,629.0,1298.0,1.0635930047694753
강원특별자치도,2002,03,761.0,761.0,1522.0,1.0
강원특별자치도,2002,04,733.0,646.0,1379.0,1.1346749226006192
강원특별자치도,2002,05,650.0,623.0,1273.0,1.043338683788122
강원특별자치도,2002,06,615.0,571.0,1186.0,1.0770577933450087
강원특별자치도,2002,07,617.0,609.0,1226.0,1.013136288998358
강원특별자치도,2002,08,645.0,599.0,1244.0,1.0767946577629381
강원특별자치도,2002,09,625.0,578.0,1203.0,1.0813148788927336
강원특별자치도,2002,10,621.0,562.0,1183.0,1.104982206405694
강원특별자치도,2002,11,555.0,536.0,1091.0,1.0354477611940298
강원특별자치도,2002,12,614.0,568.0,1182.0,1.0809859154929577
강원특별자치도,2003,01,671.0,681.0,1352.0,0.9853157121879589
강원특별자치도,2003,02,610.0,612.0,1222.0,0.9967320261437909
강원특별자치도,2003,03,674.0,638.0,1312.0,1.0564263322884013
강원특별자치도,2003,04,705.0,609.0,1314.0,1.1576354679802956
강원특별자치도,2003,05,609.0,580.0,1189.0,1.05
강원특별자치도,2003,06,615.0,542.0,1157.0,1.1346863468634687
강원특별자치도,2003,07,557.0,555.0,1112.0,1.0036036036036036
강원특별자치도,2003,08,559.0,534.0,1093.0,1.046816479400749
강원특별자치도,2003,09,601.0,532.0,1133.0,1.1296992481203008
강원특별자치도,2003,10,659.0,555.0,1214.0,1.1873873873873875
강원특별자치도,2003,11,579.0,536.0,1115.0,1.080223880597015
강원특별자치도,2003,12,585.0,551.0,1136.0,1.061705989110708
강원특별자치도,2004,01,650.0,643.0,1293.0,1.010886469673406
강원특별자치도,2004,02,632.0,581.0,1213.0,1.0877796901893289
강원특별자치도,2004,03,711.0,649.0,1360.0,1.0955315870570108
강원특별자치도,2004,04,571.0,580.0,1151.0,0.9844827586206897
강원특별자치도,2004,05,606.0,548.0,1154.0,1.1058394160583942
강원특별자치도,2004,06,571.0,477.0,1048.0,1.1970649895178198
강원특별자치도,2004,07,622.0,541.0,1163.0,1.1497227356746764
강원특별자치도,2004,08,581.0,527.0,1108.0,1.1024667931688805
강원특별자치도,2004,09,571.0,514.0,1085.0,1.1108949416342413
강원특별자치도,2004,10,608.0,541.0,1149.0,1.1238447319778189
강원특별자치도,2004,11,534.0,498.0,1032.0,1.072289156626506
강원특별자치도,2004,12,554.0,466.0,1020.0,1.1888412017167382
강원특별자치도,2005,01,623.0,586.0,1209.0,1.0631399317406143
강원특별자치도,2005,02,541.0,522.0,1063.0,1.0363984674329503
강원특별자치도,2005,03,592.0,560.0,1152.0,1.0571428571428572
강원특별자치도,2005,04,543.0,512.0,1055.0,1.060546875
강원특별자치도,2005,05,549.0,485.0,1034.0,1.131958762886598
강원특별자치도,2005,06,552.0,456.0,1008.0,1.2105263157894737
강원특별자치도,2005,07,510.0,444.0,954.0,1.1486486486486487
강원특별자치도,2005,08,545.0,545.0,1090.0,1.0
강원특별자치도,2005,09,596.0,516.0,1112.0,1.1550387596899225
강원특별자치도,2005,10,528.0,507.0,1035.0,1.0414201183431953
강원특별자치도,2005,11,531.0,484.0,1015.0,1.0971074380165289
강원특별자치도,2005,12,454.0,476.0,930.0,0.9537815126050421
강원특별자치도,2006,01,601.0,579.0,1180.0,1.0379965457685665
강원특별자치도,2006,02,541.0,525.0,1066.0,1.0304761904761905
강원특별자치도,2006,03,606.0,603.0,1209.0,1.0049751243781095
강원특별자치도,2006,04,528.0,475.0,1003.0,1.111578947368421
강원특별자치도,2006,05,556.0,486.0,1042.0,1.1440329218106995
강원특별자치도,2006,06,475.0,437.0,912.0,1.0869565217391304
강원특별자치도,2006,07,541.0,460.0,1001.0,1.1760869565217391
강원특별자치도,2006,08,580.0,465.0,1045.0,1.2473118279569892
강원특별자치도,2006,09,537.0,511.0,1048.0,1.050880626223092
강원특별자치도,2006,10,553.0,472.0,1025.0,1.1716101694915255
강원특별자치도,2006,11,500.0,472.0,972.0,1.0593220338983051
강원특별자치도,2006,12,485.0,467.0,952.0,1.0385438972162742
강원특별자치도,2007,01,633.0,597.0,1230.0,1.0603015075376885
강원특별자치도,2007,02,618.0,517.0,1135.0,1.195357833655706
강원특별자치도,2007,03,602.0,558.0,1160.0,1.0788530465949822
강원특별자치도,2007,04,609.0,552.0,1161.0,1.1032608695652173
강원특별자치도,2007,05,572.0,546.0,1118.0,1.0476190476190477
강원특별자치도,2007,06,533.0,481.0,1014.0,1.1081081081081081
강원특별자치도,2007,07,576.0,515.0,1091.0,1.1184466019417476
강원특별자치도,2007,08,639.0,588.0,1227.0,1.086734693877551
강원특별자치도,2007,09,639.0,586.0,1225.0,1.0904436860068258
강원특별자치도,2007,10,666.0,604.0,1270.0,1.1026490066225165
강원특별자치도,2007,11,559.0,538.0,1097.0,1.0390334572490707
강원특별자치도,2007,12,477.0,485.0,962.0,0.9835051546391752
강원특별자치도,2008,01,648.0,627.0,1275.0,1.0334928229665072
강원특별자치도,2008,02,538.0,541.0,1079.0,0.9944547134935305
강원특별자치도,2008,03,589.0,541.0,1130.0,1.088724584103512
강원특별자치도,2008,04,466.0,490.0,956.0,0.9510204081632653
강원특별자치도,2008,05,500.0,461.0,961.0,1.0845986984815619
강원특별자치도,2008,06,483.0,479.0,962.0,1.0083507306889352
강원특별자치도,2008,07,549.0,532.0,1081.0,1.031954887218045
강원특별자치도,2008,08,510.0,454.0,964.0,1.1233480176211454
강원특별자치도,2008,09,557.0,487.0,1044.0,1.1437371663244353
강원특별자치도,2008,10,506.0,504.0,1010.0,1.003968253968254
강원특별자치도,2008,11,488.0,471.0,959.0,1.0360934182590233
강원특별자치도,2008,12,479.0,473.0,952.0,1.0126849894291754
강원특별자치도,2009,01,601.0,578.0,1179.0,1.0397923875432526
강원특별자치도,2009,02,561.0,480.0,1041.0,1.16875
강원특별자치도,2009,03,552.0,528.0,1080.0,1.0454545454545454
강원특별자치도,2009,04,534.0,507.0,1041.0,1.0532544378698225
강원특별자치도,2009,05,513.0,455.0,968.0,1.1274725274725275
강원특별자치도,2009,06,479.0,456.0,935.0,1.0504385964912282
강원특별자치도,2009,07,454.0,501.0,955.0,0.906187624750499
강원특별자치도,2009,08,489.0,462.0,951.0,1.0584415584415585
강원특별자치도,2009,09,527.0,505.0,1032.0,1.0435643564356436
강원특별자치도,2009,10,540.0,444.0,984.0,1.2162162162162162
강원특별자치도,2009,11,489.0,485.0,974.0,1.0082474226804123
강원특별자치도,2009,12,506.0,466.0,972.0,1.0858369098712446
강원특별자치도,2010,01,560.0,534.0,1094.0,1.048689138576779
강원특별자치도,2010,02,532.0,456.0,988.0,1.1666666666666667
강원특별자치도,2010,03,581.0,564.0,1145.0,1.0301418439716312
강원특별자치도,2010,04,495.0,503.0,998.0,0.9840954274353877
강원특별자치도,2010,05,511.0,493.0,1004.0,1.0365111561866125
강원특별자치도,2010,06,520.0,462.0,982.0,1.1255411255411256
강원특별자치도,2010,07,539.0,485.0,1024.0,1.111340206185567
강원특별자치도,2010,08,519.0,498.0,1017.0,1.0421686746987953
강원특별자치도,2010,09,546.0,529.0,1075.0,1.0321361058601135
강원특별자치도,2010,10,585.0,535.0,1120.0,1.0934579439252337
강원특별자치도,2010,11,545.0,511.0,1056.0,1.066536203522505
강원특별자치도,2010,12,498.0,476.0,974.0,1.046218487394958
강원특별자치도,2011,01,594.0,596.0,1190.0,0.9966442953020134
강원특별자치도,2011,02,523.0,496.0,1019.0,1.0544354838709677
강원특별자치도,2011,03,608.0,554.0,1162.0,1.0974729241877257
강원특별자치도,2011,04,546.0,522.0,1068.0,1.0459770114942528
강원특별자치도,2011,05,524.0,548.0,1072.0,0.9562043795620438
강원특별자치도,2011,06,483.0,487.0,970.0,0.9917864476386037
강원특별자치도,2011,07,600.0,529.0,1129.0,1.1342155009451795
강원특별자치도,2011,08,506.0,461.0,967.0,1.0976138828633406
강원특별자치도,2011,09,530.0,413.0,943.0,1.2832929782082325
강원특별자치도,2011,10,501.0,468.0,969.0,1.0705128205128205
강원특별자치도,2011,11,508.0,482.0,990.0,1.053941908713693
강원특별자치도,2011,12,496.0,433.0,929.0,1.1454965357967668
강원특별자치도,2012,01,549.0,513.0,1062.0,1.0701754385964912
강원특별자치도,2012,02,568.0,531.0,1099.0,1.0696798493408664
강원특별자치도,2012,03,575.0,543.0,1118.0,1.0589318600368325
강원특별자치도,2012,04,532.0,474.0,1006.0,1.1223628691983123
강원특별자치도,2012,05,464.0,499.0,963.0,0.9298597194388778
강원특별자치도,2012,06,532.0,515.0,1047.0,1.033009708737864
강원특별자치도,2012,07,550.0,490.0,1040.0,1.1224489795918366
강원특별자치도,2012,08,515.0,545.0,1060.0,0.944954128440367
강원특별자치도,2012,09,571.0,550.0,1121.0,1.038181818181818
강원특별자치도,2012,10,525.0,549.0,1074.0,0.9562841530054644
강원특별자치도,2012,11,496.0,466.0,962.0,1.0643776824034334
강원특별자치도,2012,12,452.0,422.0,874.0,1.0710900473933649
강원특별자치도,2013,01,568.0,534.0,1102.0,1.0636704119850187
강원특별자치도,2013,02,449.0,409.0,858.0,1.097799511002445
강원특별자치도,2013,03,522.0,469.0,991.0,1.1130063965884862
강원특별자치도,2013,04,464.0,464.0,928.0,1.0
강원특별자치도,2013,05,457.0,422.0,879.0,1.0829383886255923
강원특별자치도,2013,06,441.0,407.0,848.0,1.0835380835380835
강원특별자치도,2013,07,489.0,463.0,952.0,1.0561555075593954
강원특별자치도,2013,08,480.0,417.0,897.0,1.1510791366906474
강원특별자치도,2013,09,460.0,433.0,893.0,1.0623556581986142
강원특별자치도,2013,10,481.0,442.0,923.0,1.088235294117647
강원특별자치도,2013,11,425.0,444.0,869.0,0.9572072072072072
강원특별자치도,2013,12,434.0,406.0,840.0,1.0689655172413792
강원특별자치도,2014,01,501.0,500.0,1001.0,1.002
강원특별자치도,2014,02,456.0,426.0,882.0,1.0704225352112675
강원특별자치도,2014,03,492.0,459.0,951.0,1.0718954248366013
강원특별자치도,2014,04,471.0,405.0,876.0,1.162962962962963
강원특별자치도,2014,05,442.0,447.0,889.0,0.9888143176733781
강원특별자치도,2014,06,454.0,410.0,864.0,1.1073170731707318
강원특별자치도,2014,07,459.0,451.0,910.0,1.017738359201774
강원특별자치도,2014,08,461.0,425.0,886.0,1.0847058823529412
강원특별자치도,2014,09,430.0,445.0,875.0,0.9662921348314607
강원특별자치도,2014,10,444.0,471.0,915.0,0.9426751592356688
강원특별자치도,2014,11,414.0,392.0,806.0,1.0561224489795917
강원특별자치도,2014,12,420.0,387.0,807.0,1.0852713178294573
강원특별자치도,2015,01,518.0,526.0,1044.0,0.9847908745247148
강원특별자치도,2015,02,421.0,399.0,820.0,1.055137844611529
강원특별자치도,2015,03,549.0,509.0,1058.0,1.0785854616895874
강원특별자치도,2015,04,479.0,506.0,985.0,0.9466403162055336
강원특별자치도,2015,05,447.0,453.0,900.0,0.9867549668874173
강원특별자치도,2015,06,455.0,429.0,884.0,1.0606060606060606
강원특별자치도,2015,07,421.0,469.0,890.0,0.8976545842217484
강원특별자치도,2015,08,475.0,403.0,878.0,1.1786600496277915
강원특별자치도,2015,09,441.0,446.0,887.0,0.9887892376681614
강원특별자치도,2015,10,462.0,461.0,923.0,1.002169197396963
강원특별자치도,2015,11,420.0,399.0,819.0,1.0526315789473684
강원특별자치도,2015,12,427.0,414.0,841.0,1.0314009661835748
강원특별자치도,2016,01,465.0,428.0,893.0,1.0864485981308412
강원특별자치도,2016,02,439.0,444.0,883.0,0.9887387387387387
강원특별자치도,2016,03,493.0,474.0,967.0,1.040084388185654
강원특별자치도,2016,04,410.0,430.0,840.0,0.9534883720930233
강원특별자치도,2016,05,387.0,414.0,801.0,0.9347826086956522
강원특별자치도,2016,06,433.0,384.0,817.0,1.1276041666666667
강원특별자치도,2016,07,452.0,407.0,859.0,1.1105651105651106
강원특별자치도,2016,08,459.0,393.0,852.0,1.16793893129771
강원특별자치도,2016,09,429.0,414.0,843.0,1.036231884057971
강원특별자치도,2016,10,392.0,393.0,785.0,0.9974554707379135
강원특별자치도,2016,11,405.0,382.0,787.0,1.0602094240837696
강원특별자치도,2016,12,379.0,352.0,731.0,1.0767045454545454
강원특별자치도,2017,01,429.0,401.0,830.0,1.0698254364089776
강원특별자치도,2017,02,394.0,371.0,765.0,1.0619946091644206
강원특별자치도,2017,03,415.0,360.0,775.0,1.1527777777777777
강원특별자치도,2017,04,411.0,358.0,769.0,1.1480446927374302
강원특별자치도,2017,05,369.0,387.0,756.0,0.9534883720930233
강원특별자치도,2017,06,370.0,341.0,711.0,1.0850439882697946
강원특별자치도,2017,07,378.0,367.0,745.0,1.0299727520435968
강원특별자치도,2017,08,414.0,400.0,814.0,1.035
강원특별자치도,2017,09,399.0,363.0,762.0,1.0991735537190082
강원특별자치도,2017,10,357.0,364.0,721.0,0.9807692307692307
강원특별자치도,2017,11,381.0,334.0,715.0,1.1407185628742516
강원특별자치도,2017,12,311.0,284.0,595.0,1.0950704225352113
강원특별자치도,2018,01,436.0,438.0,874.0,0.9954337899543378
강원특별자치도,2018,02,380.0,393.0,773.0,0.9669211195928753
강원특별자치도,2018,03,377.0,356.0,733.0,1.0589887640449438
강원특별자치도,2018,04,365.0,366.0,731.0,0.9972677595628415
강원특별자치도,2018,05,336.0,334.0,670.0,1.0059880239520957
강원특별자치도,2018,06,322.0,311.0,633.0,1.0353697749196142
강원특별자치도,2018,07,372.0,320.0,692.0,1.1625
강원특별자치도,2018,08,367.0,333.0,700.0,1.102102102102102
강원특별자치도,2018,09,346.0,350.0,696.0,0.9885714285714285
강원특별자치도,2018,10,348.0,325.0,673.0,1.0707692307692307
강원특별자치도,2018,11,288.0,321.0,609.0,0.897196261682243
강원특별자치도,2018,12,279.0,288.0,567.0,0.96875
강원특별자치도,2019,01,450.0,412.0,862.0,1.0922330097087378
강원특별자치도,2019,02,335.0,311.0,646.0,1.0771704180064308
강원특별자치도,2019,03,384.0,342.0,726.0,1.1228070175438596
강원특별자치도,2019,04,375.0,355.0,730.0,1.056338028169014
강원특별자치도,2019,05,350.0,347.0,697.0,1.0086455331412103
강원특별자치도,2019,06,325.0,309.0,634.0,1.051779935275081
강원특별자치도,2019,07,375.0,329.0,704.0,1.1398176291793314
강원특별자치도,2019,08,310.0,383.0,693.0,0.8093994778067886
강원특별자치도,2019,09,316.0,283.0,599.0,1.11660777385159
강원특별자치도,2019,10,381.0,326.0,707.0,1.1687116564417177
강원특별자치도,2019,11,330.0,330.0,660.0,1.0
강원특별자치도,2019,12,326.0,299.0,625.0,1.0903010033444815
강원특별자치도,2020,01,352.0,371.0,723.0,0.9487870619946092
강원특별자치도,2020,02,359.0,295.0,654.0,1.2169491525423728
강원특별자치도,2020,03,355.0,365.0,720.0,0.9726027397260274
강원특별자치도,2020,04,319.0,367.0,686.0,0.8692098092643051
강원특별자치도,2020,05,338.0,307.0,645.0,1.1009771986970684
강원특별자치도,2020,06,341.0,330.0,671.0,1.0333333333333334
강원특별자치도,2020,07,338.0,281.0,619.0,1.2028469750889679
강원특별자치도,2020,08,284.0,313.0,597.0,0.9073482428115016
강원특별자치도,2020,09,330.0,345.0,675.0,0.9565217391304348
강원특별자치도,2020,10,330.0,323.0,653.0,1.021671826625387
강원특별자치도,2020,11,307.0,278.0,585.0,1.10431654676259
강원특별자치도,2020,12,304.0,303.0,607.0,1.0033003300330032
강원특별자치도,2021,01,355.0,381.0,736.0,0.931758530183727
강원특별자치도,2021,02,313.0,272.0,585.0,1.150735294117647
강원특별자치도,2021,03,329.0,355.0,684.0,0.9267605633802817
강원특별자치도,2021,04,302.0,286.0,588.0,1.055944055944056
강원특별자치도,2021,05,292.0,274.0,566.0,1.0656934306569343
강원특별자치도,2021,06,308.0,285.0,593.0,1.080701754385965
강원특별자치도,2021,07,375.0,300.0,675.0,1.25
강원특별자치도,2021,08,327.0,322.0,649.0,1.015527950310559
강원특별자치도,2021,09,297.0,297.0,594.0,1.0
강원특별자치도,2021,10,310.0,308.0,618.0,1.0064935064935066
강원특별자치도,2021,11,297.0,290.0,587.0,1.0241379310344827
강원특별자치도,2021,12,245.0,237.0,482.0,1.0337552742616034
강원특별자치도,2022,01,346.0,355.0,701.0,0.9746478873239437
강원특별자치도,2022,02,297.0,277.0,574.0,1.0722021660649819
강원특별자치도,2022,03,331.0,326.0,657.0,1.0153374233128833
강원특별자치도,2022,04,280.0,290.0,570.0,0.9655172413793104
강원특별자치도,2022,05,307.0,270.0,577.0,1.137037037037037
강원특별자치도,2022,06,311.0,302.0,613.0,1.0298013245033113
강원특별자치도,2022,07,317.0,274.0,591.0,1.1569343065693432
강원특별자치도,2022,08,327.0,305.0,632.0,1.0721311475409836
강원특별자치도,2022,09,333.0,317.0,650.0,1.0504731861198737
강원특별자치도,2022,10,312.0,301.0,613.0,1.0365448504983388
강원특별자치도,2022,11,309.0,268.0,577.0,1.1529850746268657
강원특별자치도,2022,12,253.0,270.0,523.0,0.937037037037037
강원특별자치도,2023,01,331.0,339.0,670.0,0.976401179941003
강원특별자치도,2023,02,328.0,275.0,603.0,1.1927272727272726
강원특별자치도,2023,03,333.0,309.0,642.0,1.0776699029126213
강원특별자치도,2023,04,290.0,258.0,548.0,1.124031007751938
강원특별자치도,2023,05,281.0,262.0,543.0,1.0725190839694656
강원특별자치도,2023,06,280.0,283.0,563.0,0.9893992932862191
강원특별자치도,2023,07,256.0,285.0,541.0,0.8982456140350877
강원특별자치도,2023,08,277.0,277.0,554.0,1.0
강원특별자치도,2023,09,267.0,289.0,556.0,0.9238754325259516
강원특별자치도,2023,10,265.0,270.0,535.0,0.9814814814814815
강원특별자치도,2023,11,249.0,232.0,481.0,1.0732758620689655
강원특별자치도,2023,12,215.0,237.0,452.0,0.9071729957805907
강원특별자치도,2024,01,305.0,313.0,618.0,0.9744408945686901
강원특별자치도,2024,02,279.0,297.0,576.0,0.9393939393939394
강원특별자치도,2024,03,327.0,270.0,597.0,1.211111111111111
강원특별자치도,2024,04,259.0,267.0,526.0,0.9700374531835206
강원특별자치도,2024,05,271.0,261.0,532.0,1.0383141762452108
강원특별자치도,2024,06,229.0,263.0,492.0,0.870722433460076
강원특별자치도,2024,07,282.0,260.0,542.0,1.0846153846153845
강원특별자치도,2024,08,274.0,247.0,521.0,1.1093117408906883
강원특별자치도,2024,09,278.0,279.0,557.0,0.996415770609319
강원특별자치도,2024,10,298.0,271.0,569.0,1.099630996309963
강원특별자치도,2024,11,245.0,280.0,525.0,0.875
강원특별자치도,2024,12,266.0,271.0,537.0,0.981549815498155
경기도,1997,01,7086.0,6354.0,13440.0,1.1152030217186024
경기도,1997,02,6410.0,5924.0,12334.0,1.0820391627278865
경기도,1997,03,6764.0,6294.0,13058.0,1.0746742929774389
경기도,1997,04,6271.0,5830.0,12101.0,1.0756432246998284
경기도,1997,05,6083.0,5561.0,11644.0,1.0938680093508362
경기도,1997,06,5764.0,5082.0,10846.0,1.1341991341991342
경기도,1997,07,5700.0,5520.0,11220.0,1.0326086956521738
경기도,1997,08,5859.0,5494.0,11353.0,1.0664361121223151
경기도,1997,09,6198.0,5744.0,11942.0,1.0790389972144847
경기도,1997,10,6297.0,5858.0,12155.0,1.0749402526459542
경기도,1997,11,5852.0,5382.0,11234.0,1.0873281308063916
경기도,1997,12,5916.0,5759.0,11675.0,1.0272616773745442
경기도,1998,01,6745.0,6373.0,13118.0,1.0583712537266594
경기도,1998,02,6272.0,5784.0,12056.0,1.0843706777316735
경기도,1998,03,6658.0,6191.0,12849.0,1.0754320788240994
경기도,1998,04,6133.0,5604.0,11737.0,1.0943968593861528
경기도,1998,05,5744.0,5171.0,10915.0,1.1108102881454265
경기도,1998,06,5578.0,5136.0,10714.0,1.0860591900311527
경기도,1998,07,5501.0,5092.0,10593.0,1.0803220738413197
경기도,1998,08,5599.0,5196.0,10795.0,1.0775596612779061
경기도,1998,09,5936.0,5539.0,11475.0,1.0716735872901246
경기도,1998,10,5881.0,5309.0,11190.0,1.1077415709173102
경기도,1998,11,5656.0,5058.0,10714.0,1.118228548833531
경기도,1998,12,5714.0,5196.0,10910.0,1.0996920708237106
경기도,1999,01,6648.0,6074.0,12722.0,1.0945011524530788
경기도,1999,02,6011.0,5586.0,11597.0,1.0760830648048694
경기도,1999,03,6419.0,5958.0,12377.0,1.0773749580396106
경기도,1999,04,5872.0,5372.0,11244.0,1.0930752047654504
경기도,1999,05,5759.0,5181.0,10940.0,1.1115614746187994
경기도,1999,06,5325.0,4818.0,10143.0,1.1052303860523038
경기도,1999,07,5505.0,5087.0,10592.0,1.0821702378612148
경기도,1999,08,5376.0,5080.0,10456.0,1.058267716535433
경기도,1999,09,5743.0,5283.0,11026.0,1.087071739541927
경기도,1999,10,6003.0,5421.0,11424.0,1.107360265633647
경기도,1999,11,5712.0,5226.0,10938.0,1.092996555683123
경기도,1999,12,5614.0,5262.0,10876.0,1.0668947168377043
경기도,2000,01,7137.0,6390.0,13527.0,1.1169014084507043
경기도,2000,02,6477.0,5960.0,12437.0,1.086744966442953
경기도,2000,03,6905.0,6252.0,13157.0,1.1044465770953296
경기도,2000,04,6140.0,5558.0,11698.0,1.104713925872616
경기도,2000,05,5927.0,5435.0,11362.0,1.090524379024839
경기도,2000,06,5461.0,5030.0,10491.0,1.085685884691849
경기도,2000,07,5509.0,5173.0,10682.0,1.0649526387009471
경기도,2000,08,5897.0,5359.0,11256.0,1.10039186415376
경기도,2000,09,6092.0,5616.0,11708.0,1.0847578347578348
경기도,2000,10,6285.0,5841.0,12126.0,1.076014381099127
경기도,2000,11,6235.0,5714.0,11949.0,1.091179558977949
경기도,2000,12,5956.0,5355.0,11311.0,1.1122315592903829
경기도,2001,01,6581.0,6118.0,12699.0,1.0756783262504086
경기도,2001,02,5869.0,5445.0,11314.0,1.0778696051423324
경기도,2001,03,6300.0,5934.0,12234.0,1.0616784630940344
경기도,2001,04,5666.0,5145.0,10811.0,1.1012633624878523
경기도,2001,05,5378.0,5075.0,10453.0,1.059704433497537
경기도,2001,06,4933.0,4591.0,9524.0,1.0744935743846658
경기도,2001,07,4960.0,4825.0,9785.0,1.027979274611399
경기도,2001,08,5200.0,4689.0,9889.0,1.108978460226061
경기도,2001,09,5415.0,4928.0,10343.0,1.098823051948052
경기도,2001,10,5324.0,4826.0,10150.0,1.1031910484873602
경기도,2001,11,5034.0,4506.0,9540.0,1.1171770972037283
경기도,2001,12,4857.0,4665.0,9522.0,1.0411575562700965
경기도,2002,01,5893.0,5481.0,11374.0,1.0751687648239372
경기도,2002,02,5263.0,4926.0,10189.0,1.0684125050751117
경기도,2002,03,5815.0,5235.0,11050.0,1.110792741165234
경기도,2002,04,5339.0,4953.0,10292.0,1.0779325661215424
경기도,2002,05,5196.0,4672.0,9868.0,1.1121575342465753
경기도,2002,06,4643.0,4243.0,8886.0,1.0942729201037003
경기도,2002,07,4903.0,4477.0,9380.0,1.0951530042439133
경기도,2002,08,4897.0,4412.0,9309.0,1.1099274705349047
경기도,2002,09,4896.0,4570.0,9466.0,1.0713347921225382
경기도,2002,10,4768.0,4550.0,9318.0,1.047912087912088
경기도,2002,11,4665.0,4401.0,9066.0,1.059986366734833
경기도,2002,12,4578.0,4078.0,8656.0,1.1226091221186856
경기도,2003,01,5675.0,5297.0,10972.0,1.0713611478195204
경기도,2003,02,5195.0,4877.0,10072.0,1.0652040188640557
경기도,2003,03,5937.0,5475.0,11412.0,1.0843835616438355
경기도,2003,04,5403.0,5003.0,10406.0,1.0799520287827304
경기도,2003,05,5087.0,4652.0,9739.0,1.0935081685296646
경기도,2003,06,4672.0,4223.0,8895.0,1.106322519535875
경기도,2003,07,4715.0,4543.0,9258.0,1.0378604446401056
경기도,2003,08,4865.0,4504.0,9369.0,1.0801509769094138
경기도,2003,09,5341.0,4988.0,10329.0,1.0707698476343224
경기도,2003,10,5469.0,5101.0,10570.0,1.0721427171142912
경기도,2003,11,5129.0,4816.0,9945.0,1.0649916943521596
경기도,2003,12,4915.0,4551.0,9466.0,1.079982421445836
경기도,2004,01,5892.0,5366.0,11258.0,1.0980245993291091
경기도,2004,02,5154.0,4984.0,10138.0,1.0341091492776886
경기도,2004,03,5768.0,5366.0,11134.0,1.074916138650764
경기도,2004,04,5232.0,4878.0,10110.0,1.072570725707257
경기도,2004,05,4995.0,4633.0,9628.0,1.078135117634362
경기도,2004,06,4615.0,4252.0,8867.0,1.0853715898400753
경기도,2004,07,4779.0,4468.0,9247.0,1.0696060877350044
경기도,2004,08,4839.0,4560.0,9399.0,1.0611842105263158
경기도,2004,09,5084.0,4682.0,9766.0,1.085860743272106
경기도,2004,10,5226.0,4903.0,10129.0,1.0658780338568223
경기도,2004,11,4822.0,4624.0,9446.0,1.0428200692041523
경기도,2004,12,4447.0,4243.0,8690.0,1.0480791892528871
경기도,2005,01,5184.0,4936.0,10120.0,1.0502431118314424
경기도,2005,02,4532.0,4356.0,8888.0,1.0404040404040404
경기도,2005,03,5141.0,4924.0,10065.0,1.0440698619008937
경기도,2005,04,4750.0,4418.0,9168.0,1.075147125396107
경기도,2005,05,4602.0,4429.0,9031.0,1.0390607360578008
경기도,2005,06,4356.0,4106.0,8462.0,1.060886507549927
경기도,2005,07,4654.0,4198.0,8852.0,1.1086231538828013
경기도,2005,08,4673.0,4305.0,8978.0,1.0854819976771197
경기도,2005,09,4790.0,4531.0,9321.0,1.057161774442728
경기도,2005,10,4893.0,4606.0,9499.0,1.0623100303951367
경기도,2005,11,4623.0,4290.0,8913.0,1.0776223776223777
경기도,2005,12,4356.0,3880.0,8236.0,1.122680412371134
경기도,2006,01,5218.0,4892.0,10110.0,1.0666394112837285
경기도,2006,02,4858.0,4598.0,9456.0,1.0565463244889082
경기도,2006,03,5430.0,5016.0,10446.0,1.082535885167464
경기도,2006,04,4864.0,4641.0,9505.0,1.0480499892264599
경기도,2006,05,4992.0,4679.0,9671.0,1.0668946356058986
경기도,2006,06,4714.0,4435.0,9149.0,1.0629086809470123
경기도,2006,07,4623.0,4308.0,8931.0,1.0731197771587744
경기도,2006,08,4949.0,4610.0,9559.0,1.0735357917570498
경기도,2006,09,5110.0,4724.0,9834.0,1.0817104149026249
경기도,2006,10,5046.0,4850.0,9896.0,1.0404123711340205
경기도,2006,11,5041.0,4581.0,9622.0,1.1004147566033617
경기도,2006,12,4680.0,4252.0,8932.0,1.1006585136406397
경기도,2007,01,5692.0,5394.0,11086.0,1.0552465702632554
경기도,2007,02,5132.0,4990.0,10122.0,1.0284569138276554
경기도,2007,03,5786.0,5436.0,11222.0,1.0643855776306108
경기도,2007,04,5123.0,5026.0,10149.0,1.019299641862316
경기도,2007,05,5337.0,4875.0,10212.0,1.0947692307692307
경기도,2007,06,4733.0,4535.0,9268.0,1.0436604189636163
경기도,2007,07,5220.0,4868.0,10088.0,1.0723089564502877
경기도,2007,08,5740.0,5577.0,11317.0,1.0292271830733368
경기도,2007,09,5996.0,5502.0,11498.0,1.089785532533624
경기도,2007,10,5920.0,5674.0,11594.0,1.0433556573845613
경기도,2007,11,5388.0,5316.0,10704.0,1.0135440180586908
경기도,2007,12,4876.0,4512.0,9388.0,1.0806737588652482
경기도,2008,01,6167.0,5838.0,12005.0,1.0563549160671464
경기도,2008,02,5281.0,4953.0,10234.0,1.066222491419342
경기도,2008,03,5510.0,5021.0,10531.0,1.0973909579764987
경기도,2008,04,5123.0,4755.0,9878.0,1.0773922187171399
경기도,2008,05,5048.0,4662.0,9710.0,1.0827970827970828
경기도,2008,06,4623.0,4361.0,8984.0,1.0600779637697775
경기도,2008,07,5004.0,4693.0,9697.0,1.0662689111442574
경기도,2008,08,4894.0,4776.0,9670.0,1.0247068676716917
경기도,2008,09,5210.0,5208.0,10418.0,1.000384024577573
경기도,2008,10,5246.0,4964.0,10210.0,1.056809024979855
경기도,2008,11,4818.0,4432.0,9250.0,1.0870938628158844
경기도,2008,12,4456.0,4354.0,8810.0,1.0234267340376666
경기도,2009,01,5806.0,5420.0,11226.0,1.0712177121771218
경기도,2009,02,4810.0,4607.0,9417.0,1.0440633818102887
경기도,2009,03,5327.0,4925.0,10252.0,1.0816243654822335
경기도,2009,04,4945.0,4590.0,9535.0,1.0773420479302833
경기도,2009,05,4715.0,4461.0,9176.0,1.056937906299036
경기도,2009,06,4436.0,4317.0,8753.0,1.0275654389622424
경기도,2009,07,4792.0,4440.0,9232.0,1.0792792792792794
경기도,2009,08,4626.0,4453.0,9079.0,1.0388502133393218
경기도,2009,09,4962.0,4865.0,9827.0,1.0199383350462488
경기도,2009,10,4983.0,4753.0,9736.0,1.0483904902167052
경기도,2009,11,4548.0,4358.0,8906.0,1.0435979807251032
경기도,2009,12,4426.0,4127.0,8553.0,1.0724497213472255
경기도,2010,01,5660.0,5349.0,11009.0,1.0581417087306038
경기도,2010,02,4799.0,4494.0,9293.0,1.0678682688028482
경기도,2010,03,5346.0,5099.0,10445.0,1.0484408707589723
경기도,2010,04,5090.0,4647.0,9737.0,1.09533032063697
경기도,2010,05,4954.0,4554.0,9508.0,1.087834870443566
경기도,2010,06,4724.0,4506.0,9230.0,1.0483799378606302
경기도,2010,07,4958.0,4725.0,9683.0,1.0493121693121694
경기도,2010,08,5141.0,4850.0,9991.0,1.06
경기도,2010,09,5724.0,5407.0,11131.0,1.058627704827076
경기도,2010,10,5872.0,5582.0,11454.0,1.0519527051236115
경기도,2010,11,5593.0,5224.0,10817.0,1.070635528330781
경기도,2010,12,4867.0,4588.0,9455.0,1.0608108108108107
경기도,2011,01,6352.0,5971.0,12323.0,1.0638084073019596
경기도,2011,02,5165.0,4879.0,10044.0,1.0586185693789711
경기도,2011,03,5800.0,5460.0,11260.0,1.0622710622710623
경기도,2011,04,5290.0,4972.0,10262.0,1.0639581657280772
경기도,2011,05,5239.0,4904.0,10143.0,1.0683115823817293
경기도,2011,06,4913.0,4597.0,9510.0,1.0687404829236458
경기도,2011,07,5077.0,4751.0,9828.0,1.0686171332351084
경기도,2011,08,5305.0,4954.0,10259.0,1.0708518368994753
경기도,2011,09,5188.0,4847.0,10035.0,1.0703527955436352
경기도,2011,10,4993.0,4894.0,9887.0,1.020228851655088
경기도,2011,11,4967.0,4812.0,9779.0,1.0322111388196176
경기도,2011,12,4443.0,4254.0,8697.0,1.0444287729196051
경기도,2012,01,5871.0,5698.0,11569.0,1.0303615303615303
경기도,2012,02,5336.0,5071.0,10407.0,1.0522579372904752
경기도,2012,03,5629.0,5371.0,11000.0,1.048035747533048
경기도,2012,04,5251.0,4987.0,10238.0,1.0529376378584319
경기도,2012,05,5293.0,4903.0,10196.0,1.0795431368549868
경기도,2012,06,5079.0,4785.0,9864.0,1.0614420062695924
경기도,2012,07,5309.0,4970.0,10279.0,1.0682092555331992
경기도,2012,08,5575.0,5220.0,10795.0,1.068007662835249
경기도,2012,09,5620.0,5321.0,10941.0,1.0561924450291298
경기도,2012,10,5627.0,5163.0,10790.0,1.0898702304861514
경기도,2012,11,4953.0,4749.0,9702.0,1.0429564118761845
경기도,2012,12,4529.0,4436.0,8965.0,1.0209648331830479
경기도,2013,01,5755.0,5580.0,11335.0,1.0313620071684588
경기도,2013,02,4875.0,4570.0,9445.0,1.0667396061269148
경기도,2013,03,5224.0,4893.0,10117.0,1.0676476599223381
경기도,2013,04,4870.0,4440.0,9310.0,1.0968468468468469
경기도,2013,05,4638.0,4599.0,9237.0,1.0084801043705154
경기도,2013,06,4343.0,4173.0,8516.0,1.0407380781212556
경기도,2013,07,4701.0,4532.0,9233.0,1.0372903795233892
경기도,2013,08,4901.0,4496.0,9397.0,1.0900800711743772
경기도,2013,09,4863.0,4635.0,9498.0,1.049190938511327
경기도,2013,10,4632.0,4388.0,9020.0,1.0556061987237921
경기도,2013,11,4441.0,4206.0,8647.0,1.0558725630052306
경기도,2013,12,4331.0,4043.0,8374.0,1.0712342320059363
경기도,2014,01,5205.0,5184.0,10389.0,1.0040509259259258
경기도,2014,02,4742.0,4538.0,9280.0,1.0449537241075364
경기도,2014,03,5161.0,4800.0,9961.0,1.0752083333333333
경기도,2014,04,4759.0,4770.0,9529.0,0.9976939203354298
경기도,2014,05,4732.0,4500.0,9232.0,1.0515555555555556
경기도,2014,06,4515.0,4395.0,8910.0,1.0273037542662116
경기도,2014,07,4940.0,4473.0,9413.0,1.1044042029957524
경기도,2014,08,4696.0,4605.0,9301.0,1.0197611292073834
경기도,2014,09,5015.0,4834.0,9849.0,1.0374431112949938
경기도,2014,10,4826.0,4632.0,9458.0,1.0418825561312608
경기도,2014,11,4321.0,4030.0,8351.0,1.0722084367245657
경기도,2014,12,4274.0,4222.0,8496.0,1.0123164377072478
경기도,2015,01,5502.0,5237.0,10739.0,1.0506014894023297
경기도,2015,02,4663.0,4606.0,9269.0,1.01237516283109
경기도,2015,03,5421.0,4991.0,10412.0,1.0861550791424563
경기도,2015,04,5099.0,4743.0,9842.0,1.0750579801813198
경기도,2015,05,4783.0,4660.0,9443.0,1.0263948497854076
경기도,2015,06,4852.0,4426.0,9278.0,1.096249435155897
경기도,2015,07,4862.0,4593.0,9455.0,1.0585673851513173
경기도,2015,08,4744.0,4482.0,9226.0,1.0584560464078536
경기도,2015,09,4765.0,4684.0,9449.0,1.0172929120409906
경기도,2015,10,4824.0,4673.0,9497.0,1.0323132891076396
경기도,2015,11,4279.0,4222.0,8501.0,1.013500710563714
경기도,2015,12,4268.0,4116.0,8384.0,1.0369290573372205
경기도,2016,01,5189.0,4906.0,10095.0,1.0576844679983692
경기도,2016,02,4608.0,4362.0,8970.0,1.0563961485557083
경기도,2016,03,4950.0,4877.0,9827.0,1.014968218166906
경기도,2016,04,4644.0,4436.0,9080.0,1.0468890892696123
경기도,2016,05,4613.0,4368.0,8981.0,1.0560897435897436
경기도,2016,06,4374.0,4173.0,8547.0,1.0481667864845434
경기도,2016,07,4558.0,4412.0,8970.0,1.0330915684496826
경기도,2016,08,4538.0,4387.0,8925.0,1.0344198769090496
경기도,2016,09,4669.0,4332.0,9001.0,1.0777931671283472
경기도,2016,10,4209.0,3925.0,8134.0,1.0723566878980892
경기도,2016,11,4004.0,3897.0,7901.0,1.027457018219143
경기도,2016,12,3714.0,3498.0,7212.0,1.0617495711835334
경기도,2017,01,4607.0,4439.0,9046.0,1.0378463617931966
경기도,2017,02,4168.0,3873.0,8041.0,1.0761683449522335
경기도,2017,03,4391.0,4221.0,8612.0,1.0402748163942195
경기도,2017,04,4178.0,3803.0,7981.0,1.098606363397318
경기도,2017,05,4189.0,3869.0,8058.0,1.0827087102610493
경기도,2017,06,3898.0,3619.0,7517.0,1.0770931196463112
경기도,2017,07,4093.0,3694.0,7787.0,1.1080129940443963
경기도,2017,08,4047.0,3859.0,7906.0,1.0487172842705363
경기도,2017,09,4066.0,3862.0,7928.0,1.0528223718280683
경기도,2017,10,3703.0,3623.0,7326.0,1.0220811482197074
경기도,2017,11,3707.0,3433.0,7140.0,1.079813574133411
경기도,2017,12,3484.0,3262.0,6746.0,1.0680564071122012
경기도,2018,01,4449.0,4368.0,8817.0,1.018543956043956
경기도,2018,02,3659.0,3596.0,7255.0,1.0175194660734148
경기도,2018,03,4025.0,3944.0,7969.0,1.0205375253549696
경기도,2018,04,3748.0,3609.0,7357.0,1.0385148240509836
경기도,2018,05,3830.0,3703.0,7533.0,1.0342965163381042
경기도,2018,06,3606.0,3483.0,7089.0,1.0353143841515935
경기도,2018,07,3731.0,3586.0,7317.0,1.0404350250976018
경기도,2018,08,3841.0,3542.0,7383.0,1.0844155844155845
경기도,2018,09,3712.0,3396.0,7108.0,1.0930506478209658
경기도,2018,10,3801.0,3557.0,7358.0,1.0685971324149564
경기도,2018,11,3494.0,3269.0,6763.0,1.0688283878862037
경기도,2018,12,3216.0,3010.0,6226.0,1.06843853820598
경기도,2019,01,4300.0,4037.0,8337.0,1.0651473866732721
경기도,2019,02,3547.0,3484.0,7031.0,1.0180826636050517
경기도,2019,03,3790.0,3440.0,7230.0,1.1017441860465116
경기도,2019,04,3564.0,3432.0,6996.0,1.0384615384615385
경기도,2019,05,3523.0,3335.0,6858.0,1.0563718140929534
경기도,2019,06,3443.0,3193.0,6636.0,1.0782962730974006
경기도,2019,07,3598.0,3428.0,7026.0,1.0495915985997666
경기도,2019,08,3519.0,3202.0,6721.0,1.099000624609619
경기도,2019,09,3527.0,3266.0,6793.0,1.0799142682180036
경기도,2019,10,3606.0,3496.0,7102.0,1.0314645308924486
경기도,2019,11,3334.0,3273.0,6607.0,1.018637335777574
경기도,2019,12,2986.0,2875.0,5861.0,1.0386086956521738
경기도,2020,01,3748.0,3675.0,7423.0,1.0198639455782312
경기도,2020,02,3239.0,3179.0,6418.0,1.0188738597043094
경기도,2020,03,3479.0,3361.0,6840.0,1.0351085986313597
경기도,2020,04,3270.0,3189.0,6459.0,1.0253998118532455
경기도,2020,05,3368.0,3215.0,6583.0,1.0475894245723172
경기도,2020,06,3300.0,3038.0,6338.0,1.0862409479921
경기도,2020,07,3324.0,3208.0,6532.0,1.0361596009975063
경기도,2020,08,3367.0,3084.0,6451.0,1.091763942931258
경기도,2020,09,3363.0,3398.0,6761.0,0.9896998234255444
경기도,2020,10,3185.0,3114.0,6299.0,1.022800256904303
경기도,2020,11,3008.0,2817.0,5825.0,1.0678026269080583
경기도,2020,12,2972.0,2836.0,5808.0,1.0479548660084625
경기도,2021,01,3694.0,3515.0,7209.0,1.0509246088193456
경기도,2021,02,3221.0,3070.0,6291.0,1.049185667752443
경기도,2021,03,3642.0,3320.0,6962.0,1.096987951807229
경기도,2021,04,3456.0,3243.0,6699.0,1.0656799259944496
경기도,2021,05,3144.0,3124.0,6268.0,1.0064020486555698
경기도,2021,06,3203.0,3023.0,6226.0,1.0595434998346014
경기도,2021,07,3302.0,3281.0,6583.0,1.0064004876562023
경기도,2021,08,3342.0,3131.0,6473.0,1.067390610028745
경기도,2021,09,3208.0,3139.0,6347.0,1.0219815227779547
경기도,2021,10,3072.0,3033.0,6105.0,1.012858555885262
경기도,2021,11,2975.0,2791.0,5766.0,1.0659261913292726
경기도,2021,12,2598.0,2612.0,5210.0,0.9946401225114855
경기도,2022,01,3733.0,3706.0,7439.0,1.0072854830005398
경기도,2022,02,3226.0,3049.0,6275.0,1.0580518202689406
경기도,2022,03,3671.0,3344.0,7015.0,1.0977870813397128
경기도,2022,04,3273.0,3084.0,6357.0,1.061284046692607
경기도,2022,05,3073.0,2896.0,5969.0,1.0611187845303867
경기도,2022,06,2940.0,2789.0,5729.0,1.0541412692721406
경기도,2022,07,3200.0,3081.0,6281.0,1.03862382343395
경기도,2022,08,3534.0,3101.0,6635.0,1.1396323766526926
경기도,2022,09,3411.0,3246.0,6657.0,1.0508317929759705
경기도,2022,10,3159.0,2995.0,6154.0,1.0547579298831387
경기도,2022,11,2983.0,2773.0,5756.0,1.0757302560403894
경기도,2022,12,2600.0,2456.0,5056.0,1.0586319218241043
경기도,2023,01,3535.0,3416.0,6951.0,1.0348360655737705
경기도,2023,02,3133.0,2860.0,5993.0,1.0954545454545455
경기도,2023,03,3216.0,3109.0,6325.0,1.0344162110003217
경기도,2023,04,2878.0,2774.0,5652.0,1.037490987743331
경기도,2023,05,2932.0,2759.0,5691.0,1.0627038782167453
경기도,2023,06,2904.0,2683.0,5587.0,1.082370480805069
경기도,2023,07,2954.0,2757.0,5711.0,1.0714544795067102
경기도,2023,08,2928.0,2769.0,5697.0,1.057421451787649
경기도,2023,09,2851.0,2758.0,5609.0,1.0337200870195795
경기도,2023,10,2781.0,2706.0,5487.0,1.0277161862527717
경기도,2023,11,2739.0,2516.0,5255.0,1.0886327503974562
경기도,2023,12,2503.0,2356.0,4859.0,1.0623938879456707
경기도,2024,01,3222.0,3121.0,6343.0,1.0323614226209548
경기도,2024,02,2928.0,2765.0,5693.0,1.0589511754068717
경기도,2024,03,2955.0,2888.0,5843.0,1.0231994459833795
경기도,2024,04,2924.0,2829.0,5753.0,1.0335807705903146
경기도,2024,05,3027.0,2784.0,5811.0,1.0872844827586208
경기도,2024,06,2710.0,2672.0,5382.0,1.0142215568862276
경기도,2024,07,3223.0,2991.0,6214.0,1.077566031427616
경기도,2024,08,3051.0,2904.0,5955.0,1.0506198347107438
경기도,2024,09,3183.0,3043.0,6226.0,1.0460072297075256
경기도,2024,10,3352.0,3162.0,6514.0,1.060088551549652
경기도,2024,11,3026.0,2930.0,5956.0,1.0327645051194538
경기도,2024,12,2863.0,2732.0,5595.0,1.0479502196193264
경상남도,1997,01,2171.0,1849.0,4020.0,1.1741481882098432
경상남도,1997,02,2003.0,1793.0,3796.0,1.117122141662019
경상남도,1997,03,2122.0,1899.0,4021.0,1.1174302264349658
경상남도,1997,04,2002.0,1798.0,3800.0,1.1134593993325919
경상남도,1997,05,1978.0,1738.0,3716.0,1.1380897583429228
경상남도,1997,06,1705.0,1604.0,3309.0,1.0629675810473815
경상남도,1997,07,1792.0,1529.0,3321.0,1.172007848266841
경상남도,1997,08,1804.0,1597.0,3401.0,1.1296180338134
경상남도,1997,09,1914.0,1728.0,3642.0,1.1076388888888888
경상남도,1997,10,1984.0,1830.0,3814.0,1.0841530054644808
경상남도,1997,11,1916.0,1650.0,3566.0,1.1612121212121211
경상남도,1997,12,1904.0,1828.0,3732.0,1.0415754923413567
경상남도,1998,01,2052.0,1794.0,3846.0,1.1438127090301002
경상남도,1998,02,1922.0,1755.0,3677.0,1.0951566951566951
경상남도,1998,03,2154.0,1904.0,4058.0,1.1313025210084033
경상남도,1998,04,1977.0,1695.0,3672.0,1.1663716814159293
경상남도,1998,05,1804.0,1614.0,3418.0,1.117719950433705
경상남도,1998,06,1757.0,1598.0,3355.0,1.099499374217772
경상남도,1998,07,1738.0,1495.0,3233.0,1.162541806020067
경상남도,1998,08,1713.0,1529.0,3242.0,1.1203400915631132
경상남도,1998,09,1869.0,1664.0,3533.0,1.1231971153846154
경상남도,1998,10,1824.0,1682.0,3506.0,1.084423305588585
경상남도,1998,11,1771.0,1574.0,3345.0,1.1251588310038119
경상남도,1998,12,1917.0,1625.0,3542.0,1.1796923076923076
경상남도,1999,01,1981.0,1796.0,3777.0,1.1030066815144766
경상남도,1999,02,1845.0,1642.0,3487.0,1.1236297198538368
경상남도,1999,03,2036.0,1824.0,3860.0,1.1162280701754386
경상남도,1999,04,1786.0,1590.0,3376.0,1.1232704402515723
경상남도,1999,05,1708.0,1518.0,3226.0,1.1251646903820818
경상남도,1999,06,1637.0,1452.0,3089.0,1.1274104683195592
경상남도,1999,07,1737.0,1491.0,3228.0,1.164989939637827
경상남도,1999,08,1718.0,1495.0,3213.0,1.1491638795986623
경상남도,1999,09,1790.0,1645.0,3435.0,1.088145896656535
경상남도,1999,10,1851.0,1719.0,3570.0,1.0767888307155322
경상남도,1999,11,1753.0,1665.0,3418.0,1.052852852852853
경상남도,1999,12,1792.0,1713.0,3505.0,1.0461179217746643
경상남도,2000,01,2084.0,1844.0,3928.0,1.1301518438177873
경상남도,2000,02,1893.0,1719.0,3612.0,1.1012216404886561
경상남도,2000,03,2119.0,1853.0,3972.0,1.1435509983810037
경상남도,2000,04,1948.0,1713.0,3661.0,1.1371862230005838
경상남도,2000,05,1863.0,1653.0,3516.0,1.1270417422867514
경상남도,2000,06,1590.0,1402.0,2992.0,1.1340941512125535
경상남도,2000,07,1620.0,1467.0,3087.0,1.1042944785276074
경상남도,2000,08,1762.0,1502.0,3264.0,1.1731025299600533
경상남도,2000,09,1789.0,1564.0,3353.0,1.14386189258312
경상남도,2000,10,1891.0,1728.0,3619.0,1.0943287037037037
경상남도,2000,11,1776.0,1609.0,3385.0,1.1037911746426352
경상남도,2000,12,1749.0,1542.0,3291.0,1.1342412451361867
경상남도,2001,01,1843.0,1660.0,3503.0,1.1102409638554216
경상남도,2001,02,1734.0,1563.0,3297.0,1.109404990403071
경상남도,2001,03,1868.0,1693.0,3561.0,1.1033668044890728
경상남도,2001,04,1711.0,1459.0,3170.0,1.1727210418094585
경상남도,2001,05,1587.0,1471.0,3058.0,1.0788579197824608
경상남도,2001,06,1483.0,1296.0,2779.0,1.1442901234567902
경상남도,2001,07,1462.0,1272.0,2734.0,1.14937106918239
경상남도,2001,08,1458.0,1363.0,2821.0,1.0696991929567132
경상남도,2001,09,1575.0,1438.0,3013.0,1.0952712100139081
경상남도,2001,10,1608.0,1364.0,2972.0,1.1788856304985338
경상남도,2001,11,1464.0,1345.0,2809.0,1.0884758364312268
경상남도,2001,12,1461.0,1297.0,2758.0,1.1264456437933694
경상남도,2002,01,1613.0,1398.0,3011.0,1.15379113018598
경상남도,2002,02,1376.0,1328.0,2704.0,1.036144578313253
경상남도,2002,03,1661.0,1475.0,3136.0,1.1261016949152542
경상남도,2002,04,1461.0,1320.0,2781.0,1.106818181818182
경상남도,2002,05,1394.0,1249.0,2643.0,1.1160928742994396
경상남도,2002,06,1306.0,1133.0,2439.0,1.1526919682259489
경상남도,2002,07,1456.0,1251.0,2707.0,1.163868904876099
경상남도,2002,08,1404.0,1177.0,2581.0,1.1928632115548004
경상남도,2002,09,1409.0,1233.0,2642.0,1.1427412814274127
경상남도,2002,10,1379.0,1269.0,2648.0,1.086682427107959
경상남도,2002,11,1335.0,1155.0,2490.0,1.155844155844156
경상남도,2002,12,1302.0,1119.0,2421.0,1.1635388739946382
경상남도,2003,01,1551.0,1346.0,2897.0,1.152303120356612
경상남도,2003,02,1391.0,1202.0,2593.0,1.1572379367720467
경상남도,2003,03,1578.0,1429.0,3007.0,1.1042687193841847
경상남도,2003,04,1490.0,1419.0,2909.0,1.0500352360817478
경상남도,2003,05,1515.0,1250.0,2765.0,1.212
경상남도,2003,06,1291.0,1129.0,2420.0,1.1434898139946856
경상남도,2003,07,1282.0,1135.0,2417.0,1.1295154185022027
경상남도,2003,08,1370.0,1117.0,2487.0,1.2264995523724262
경상남도,2003,09,1456.0,1238.0,2694.0,1.1760904684975768
경상남도,2003,10,1435.0,1331.0,2766.0,1.0781367392937642
경상남도,2003,11,1383.0,1232.0,2615.0,1.1225649350649352
경상남도,2003,12,1334.0,1198.0,2532.0,1.1135225375626043
경상남도,2004,01,1507.0,1377.0,2884.0,1.0944081336238198
경상남도,2004,02,1354.0,1197.0,2551.0,1.1311612364243944
경상남도,2004,03,1605.0,1403.0,3008.0,1.1439771917320027
경상남도,2004,04,1416.0,1225.0,2641.0,1.1559183673469389
경상남도,2004,05,1278.0,1232.0,2510.0,1.0373376623376624
경상남도,2004,06,1232.0,1102.0,2334.0,1.117967332123412
경상남도,2004,07,1353.0,1108.0,2461.0,1.2211191335740073
경상남도,2004,08,1332.0,1183.0,2515.0,1.1259509721048182
경상남도,2004,09,1351.0,1222.0,2573.0,1.1055646481178396
경상남도,2004,10,1430.0,1268.0,2698.0,1.1277602523659307
경상남도,2004,11,1285.0,1150.0,2435.0,1.117391304347826
경상남도,2004,12,1252.0,1060.0,2312.0,1.181132075471698
경상남도,2005,01,1351.0,1220.0,2571.0,1.1073770491803279
경상남도,2005,02,1199.0,1136.0,2335.0,1.0554577464788732
경상남도,2005,03,1389.0,1245.0,2634.0,1.1156626506024097
경상남도,2005,04,1292.0,1155.0,2447.0,1.1186147186147186
경상남도,2005,05,1214.0,1130.0,2344.0,1.0743362831858407
경상남도,2005,06,1133.0,1066.0,2199.0,1.0628517823639776
경상남도,2005,07,1143.0,1062.0,2205.0,1.076271186440678
경상남도,2005,08,1229.0,1073.0,2302.0,1.1453867660764212
경상남도,2005,09,1370.0,1170.0,2540.0,1.170940170940171
경상남도,2005,10,1243.0,1165.0,2408.0,1.0669527896995707
경상남도,2005,11,1234.0,1068.0,2302.0,1.155430711610487
경상남도,2005,12,1112.0,1072.0,2184.0,1.037313432835821
경상남도,2006,01,1325.0,1278.0,2603.0,1.0367762128325508
경상남도,2006,02,1365.0,1207.0,2572.0,1.1309030654515326
경상남도,2006,03,1377.0,1266.0,2643.0,1.0876777251184835
경상남도,2006,04,1248.0,1181.0,2429.0,1.056731583403895
경상남도,2006,05,1320.0,1171.0,2491.0,1.1272416737830915
경상남도,2006,06,1203.0,1070.0,2273.0,1.1242990654205607
경상남도,2006,07,1204.0,1130.0,2334.0,1.0654867256637168
경상남도,2006,08,1265.0,1214.0,2479.0,1.042009884678748
경상남도,2006,09,1291.0,1210.0,2501.0,1.0669421487603306
경상남도,2006,10,1325.0,1202.0,2527.0,1.1023294509151413
경상남도,2006,11,1252.0,1159.0,2411.0,1.080241587575496
경상남도,2006,12,1204.0,1057.0,2261.0,1.1390728476821192
경상남도,2007,01,1494.0,1380.0,2874.0,1.0826086956521739
경상남도,2007,02,1306.0,1231.0,2537.0,1.0609260763606825
경상남도,2007,03,1509.0,1335.0,2844.0,1.1303370786516853
경상남도,2007,04,1370.0,1273.0,2643.0,1.0761979575805185
경상남도,2007,05,1391.0,1372.0,2763.0,1.0138483965014577
경상남도,2007,06,1307.0,1161.0,2468.0,1.1257536606373815
경상남도,2007,07,1326.0,1313.0,2639.0,1.00990099009901
경상남도,2007,08,1577.0,1467.0,3044.0,1.0749829584185413
경상남도,2007,09,1601.0,1458.0,3059.0,1.098079561042524
경상남도,2007,10,1652.0,1450.0,3102.0,1.1393103448275863
경상남도,2007,11,1402.0,1429.0,2831.0,0.9811056682995102
경상남도,2007,12,1295.0,1214.0,2509.0,1.0667215815485998
경상남도,2008,01,1569.0,1464.0,3033.0,1.0717213114754098
경상남도,2008,02,1342.0,1294.0,2636.0,1.0370942812983
경상남도,2008,03,1398.0,1342.0,2740.0,1.0417287630402385
경상남도,2008,04,1427.0,1233.0,2660.0,1.1573398215733983
경상남도,2008,05,1317.0,1176.0,2493.0,1.1198979591836735
경상남도,2008,06,1170.0,1141.0,2311.0,1.0254163014899211
경상남도,2008,07,1249.0,1273.0,2522.0,0.98114689709348
경상남도,2008,08,1343.0,1203.0,2546.0,1.116375727348296
경상남도,2008,09,1429.0,1346.0,2775.0,1.061664190193165
경상남도,2008,10,1472.0,1321.0,2793.0,1.1143073429220287
경상남도,2008,11,1330.0,1202.0,2532.0,1.1064891846921796
경상남도,2008,12,1265.0,1187.0,2452.0,1.0657118786857624
경상남도,2009,01,1434.0,1444.0,2878.0,0.9930747922437673
경상남도,2009,02,1340.0,1218.0,2558.0,1.1001642036124795
경상남도,2009,03,1424.0,1330.0,2754.0,1.0706766917293233
경상남도,2009,04,1326.0,1232.0,2558.0,1.0762987012987013
경상남도,2009,05,1267.0,1164.0,2431.0,1.088487972508591
경상남도,2009,06,1185.0,1095.0,2280.0,1.082191780821918
경상남도,2009,07,1282.0,1142.0,2424.0,1.1225919439579686
경상남도,2009,08,1305.0,1224.0,2529.0,1.0661764705882353
경상남도,2009,09,1350.0,1283.0,2633.0,1.0522213561964147
경상남도,2009,10,1346.0,1223.0,2569.0,1.1005723630417008
경상남도,2009,11,1222.0,1179.0,2401.0,1.0364715860899067
경상남도,2009,12,1236.0,1069.0,2305.0,1.15622076707203
경상남도,2010,01,1476.0,1396.0,2872.0,1.0573065902578798
경상남도,2010,02,1304.0,1291.0,2595.0,1.0100697134004648
경상남도,2010,03,1447.0,1367.0,2814.0,1.0585223116313094
경상남도,2010,04,1359.0,1270.0,2629.0,1.0700787401574803
경상남도,2010,05,1301.0,1218.0,2519.0,1.068144499178982
경상남도,2010,06,1276.0,1171.0,2447.0,1.089666951323655
경상남도,2010,07,1286.0,1211.0,2497.0,1.0619322873658135
경상남도,2010,08,1383.0,1273.0,2656.0,1.0864100549882167
경상남도,2010,09,1500.0,1368.0,2868.0,1.0964912280701755
경상남도,2010,10,1588.0,1458.0,3046.0,1.0891632373113855
경상남도,2010,11,1450.0,1314.0,2764.0,1.1035007610350076
경상남도,2010,12,1320.0,1176.0,2496.0,1.1224489795918366
경상남도,2011,01,1601.0,1498.0,3099.0,1.068758344459279
경상남도,2011,02,1350.0,1251.0,2601.0,1.079136690647482
경상남도,2011,03,1580.0,1461.0,3041.0,1.08145106091718
경상남도,2011,04,1530.0,1387.0,2917.0,1.10310021629416
경상남도,2011,05,1413.0,1308.0,2721.0,1.0802752293577982
경상남도,2011,06,1301.0,1267.0,2568.0,1.026835043409629
경상남도,2011,07,1334.0,1266.0,2600.0,1.0537124802527646
경상남도,2011,08,1390.0,1301.0,2691.0,1.0684089162182937
경상남도,2011,09,1406.0,1316.0,2722.0,1.06838905775076
경상남도,2011,10,1333.0,1275.0,2608.0,1.0454901960784313
경상남도,2011,11,1308.0,1235.0,2543.0,1.0591093117408907
경상남도,2011,12,1241.0,1184.0,2425.0,1.0481418918918919
경상남도,2012,01,1608.0,1484.0,3092.0,1.0835579514824798
경상남도,2012,02,1444.0,1309.0,2753.0,1.1031321619556913
경상남도,2012,03,1521.0,1446.0,2967.0,1.0518672199170125
경상남도,2012,04,1432.0,1438.0,2870.0,0.9958275382475661
경상남도,2012,05,1429.0,1286.0,2715.0,1.1111975116640747
경상남도,2012,06,1387.0,1212.0,2599.0,1.1443894389438944
경상남도,2012,07,1355.0,1324.0,2679.0,1.0234138972809668
경상남도,2012,08,1501.0,1292.0,2793.0,1.161764705882353
경상남도,2012,09,1443.0,1401.0,2844.0,1.0299785867237687
경상남도,2012,10,1471.0,1448.0,2919.0,1.0158839779005524
경상남도,2012,11,1397.0,1284.0,2681.0,1.088006230529595
경상남도,2012,12,1162.0,1137.0,2299.0,1.0219876868953386
경상남도,2013,01,1592.0,1452.0,3044.0,1.0964187327823691
경상남도,2013,02,1278.0,1170.0,2448.0,1.0923076923076922
경상남도,2013,03,1314.0,1201.0,2515.0,1.0940882597835138
경상남도,2013,04,1306.0,1190.0,2496.0,1.0974789915966388
경상남도,2013,05,1251.0,1163.0,2414.0,1.0756663800515907
경상남도,2013,06,1131.0,1111.0,2242.0,1.018001800180018
경상남도,2013,07,1277.0,1179.0,2456.0,1.0831212892281594
경상남도,2013,08,1227.0,1183.0,2410.0,1.037193575655114
경상남도,2013,09,1319.0,1187.0,2506.0,1.1112047177759057
경상남도,2013,10,1269.0,1219.0,2488.0,1.041017227235439
경상남도,2013,11,1167.0,1105.0,2272.0,1.056108597285068
경상남도,2013,12,1077.0,1136.0,2213.0,0.9480633802816901
경상남도,2014,01,1393.0,1360.0,2753.0,1.0242647058823529
경상남도,2014,02,1343.0,1308.0,2651.0,1.0267584097859328
경상남도,2014,03,1364.0,1275.0,2639.0,1.0698039215686275
경상남도,2014,04,1347.0,1209.0,2556.0,1.1141439205955335
경상남도,2014,05,1263.0,1195.0,2458.0,1.0569037656903766
경상남도,2014,06,1260.0,1130.0,2390.0,1.1150442477876106
경상남도,2014,07,1315.0,1117.0,2432.0,1.1772605192479857
경상남도,2014,08,1317.0,1129.0,2446.0,1.16651904340124
경상남도,2014,09,1349.0,1271.0,2620.0,1.061369000786782
경상남도,2014,10,1262.0,1239.0,2501.0,1.0185633575464084
경상남도,2014,11,1111.0,1039.0,2150.0,1.0692974013474494
경상남도,2014,12,1127.0,1040.0,2167.0,1.083653846153846
경상남도,2015,01,1385.0,1358.0,2743.0,1.019882179675994
경상남도,2015,02,1211.0,1204.0,2415.0,1.005813953488372
경상남도,2015,03,1438.0,1277.0,2715.0,1.1260767423649178
경상남도,2015,04,1329.0,1315.0,2644.0,1.0106463878326997
경상남도,2015,05,1285.0,1155.0,2440.0,1.1125541125541125
경상남도,2015,06,1264.0,1159.0,2423.0,1.090595340811044
경상남도,2015,07,1238.0,1197.0,2435.0,1.0342522974101922
경상남도,2015,08,1130.0,1134.0,2264.0,0.9964726631393298
경상남도,2015,09,1291.0,1214.0,2505.0,1.0634266886326194
경상남도,2015,10,1320.0,1238.0,2558.0,1.0662358642972536
경상남도,2015,11,1151.0,1106.0,2257.0,1.0406871609403254
경상남도,2015,12,1093.0,1045.0,2138.0,1.045933014354067
경상남도,2016,01,1327.0,1268.0,2595.0,1.0465299684542586
경상남도,2016,02,1184.0,1150.0,2334.0,1.0295652173913044
경상남도,2016,03,1294.0,1253.0,2547.0,1.0327214684756585
경상남도,2016,04,1204.0,1187.0,2391.0,1.0143218197135635
경상남도,2016,05,1218.0,1138.0,2356.0,1.070298769771529
경상남도,2016,06,1088.0,1059.0,2147.0,1.0273843248347498
경상남도,2016,07,1161.0,1045.0,2206.0,1.1110047846889952
경상남도,2016,08,1153.0,1117.0,2270.0,1.0322291853178156
경상남도,2016,09,1252.0,1078.0,2330.0,1.1614100185528757
경상남도,2016,10,1044.0,1043.0,2087.0,1.0009587727708533
경상남도,2016,11,1055.0,1012.0,2067.0,1.0424901185770752
경상남도,2016,12,935.0,873.0,1808.0,1.0710194730813287
경상남도,2017,01,1229.0,1102.0,2331.0,1.1152450090744102
경상남도,2017,02,999.0,1001.0,2000.0,0.998001998001998
경상남도,2017,03,1166.0,1037.0,2203.0,1.124397299903568
경상남도,2017,04,1101.0,992.0,2093.0,1.1098790322580645
경상남도,2017,05,1059.0,994.0,2053.0,1.0653923541247485
경상남도,2017,06,939.0,962.0,1901.0,0.9760914760914761
경상남도,2017,07,1026.0,937.0,1963.0,1.0949839914621131
경상남도,2017,08,1088.0,999.0,2087.0,1.0890890890890892
경상남도,2017,09,990.0,988.0,1978.0,1.0020242914979758
경상남도,2017,10,954.0,895.0,1849.0,1.0659217877094973
경상남도,2017,11,912.0,831.0,1743.0,1.0974729241877257
경상남도,2017,12,868.0,780.0,1648.0,1.1128205128205129
경상남도,2018,01,1088.0,988.0,2076.0,1.1012145748987854
경상남도,2018,02,945.0,898.0,1843.0,1.052338530066815
경상남도,2018,03,1019.0,1000.0,2019.0,1.019
경상남도,2018,04,932.0,850.0,1782.0,1.096470588235294
경상남도,2018,05,975.0,938.0,1913.0,1.0394456289978677
경상남도,2018,06,852.0,836.0,1688.0,1.0191387559808613
경상남도,2018,07,907.0,847.0,1754.0,1.0708382526564344
경상남도,2018,08,913.0,872.0,1785.0,1.0470183486238531
경상남도,2018,09,795.0,810.0,1605.0,0.9814814814814815
경상남도,2018,10,855.0,850.0,1705.0,1.0058823529411764
경상남도,2018,11,876.0,779.0,1655.0,1.1245186136071887
경상남도,2018,12,703.0,696.0,1399.0,1.0100574712643677
경상남도,2019,01,990.0,1029.0,2019.0,0.9620991253644315
경상남도,2019,02,867.0,850.0,1717.0,1.02
경상남도,2019,03,823.0,841.0,1664.0,0.9785969084423306
경상남도,2019,04,878.0,812.0,1690.0,1.0812807881773399
경상남도,2019,05,801.0,768.0,1569.0,1.04296875
경상남도,2019,06,746.0,725.0,1471.0,1.0289655172413794
경상남도,2019,07,778.0,775.0,1553.0,1.0038709677419355
경상남도,2019,08,798.0,717.0,1515.0,1.112970711297071
경상남도,2019,09,844.0,728.0,1572.0,1.1593406593406594
경상남도,2019,10,816.0,838.0,1654.0,0.9737470167064439
경상남도,2019,11,733.0,757.0,1490.0,0.9682959048877147
경상남도,2019,12,690.0,646.0,1336.0,1.068111455108359
경상남도,2020,01,865.0,768.0,1633.0,1.1263020833333333
경상남도,2020,02,742.0,712.0,1454.0,1.0421348314606742
경상남도,2020,03,764.0,720.0,1484.0,1.0611111111111111
경상남도,2020,04,764.0,707.0,1471.0,1.0806223479490806
경상남도,2020,05,752.0,648.0,1400.0,1.1604938271604939
경상남도,2020,06,687.0,700.0,1387.0,0.9814285714285714
경상남도,2020,07,777.0,687.0,1464.0,1.1310043668122272
경상남도,2020,08,693.0,648.0,1341.0,1.0694444444444444
경상남도,2020,09,743.0,773.0,1516.0,0.9611901681759379
경상남도,2020,10,653.0,665.0,1318.0,0.9819548872180451
경상남도,2020,11,598.0,591.0,1189.0,1.011844331641286
경상남도,2020,12,627.0,539.0,1166.0,1.163265306122449
경상남도,2021,01,726.0,783.0,1509.0,0.9272030651340997
경상남도,2021,02,714.0,602.0,1316.0,1.186046511627907
경상남도,2021,03,738.0,704.0,1442.0,1.0482954545454546
경상남도,2021,04,705.0,612.0,1317.0,1.1519607843137254
경상남도,2021,05,675.0,664.0,1339.0,1.016566265060241
경상남도,2021,06,658.0,606.0,1264.0,1.0858085808580857
경상남도,2021,07,719.0,652.0,1371.0,1.102760736196319
경상남도,2021,08,669.0,653.0,1322.0,1.0245022970903521
경상남도,2021,09,703.0,631.0,1334.0,1.1141045958795563
경상남도,2021,10,630.0,608.0,1238.0,1.0361842105263157
경상남도,2021,11,604.0,531.0,1135.0,1.137476459510358
경상남도,2021,12,497.0,478.0,975.0,1.0397489539748954
경상남도,2022,01,671.0,640.0,1311.0,1.0484375
경상남도,2022,02,587.0,615.0,1202.0,0.9544715447154472
경상남도,2022,03,645.0,649.0,1294.0,0.9938366718027735
경상남도,2022,04,608.0,605.0,1213.0,1.0049586776859505
경상남도,2022,05,572.0,572.0,1144.0,1.0
경상남도,2022,06,512.0,543.0,1055.0,0.9429097605893186
경상남도,2022,07,574.0,597.0,1171.0,0.9614740368509213
경상남도,2022,08,603.0,579.0,1182.0,1.0414507772020725
경상남도,2022,09,631.0,633.0,1264.0,0.9968404423380727
경상남도,2022,10,618.0,539.0,1157.0,1.1465677179962894
경상남도,2022,11,535.0,496.0,1031.0,1.0786290322580645
경상남도,2022,12,490.0,503.0,993.0,0.974155069582505
경상남도,2023,01,638.0,594.0,1232.0,1.0740740740740742
경상남도,2023,02,598.0,553.0,1151.0,1.081374321880651
경상남도,2023,03,630.0,629.0,1259.0,1.0015898251192368
경상남도,2023,04,524.0,484.0,1008.0,1.0826446280991735
경상남도,2023,05,549.0,538.0,1087.0,1.020446096654275
경상남도,2023,06,552.0,510.0,1062.0,1.0823529411764705
경상남도,2023,07,588.0,525.0,1113.0,1.12
경상남도,2023,08,562.0,513.0,1075.0,1.0955165692007798
경상남도,2023,09,581.0,518.0,1099.0,1.1216216216216217
경상남도,2023,10,569.0,518.0,1087.0,1.0984555984555984
경상남도,2023,11,508.0,465.0,973.0,1.09247311827957
경상남도,2023,12,460.0,443.0,903.0,1.0383747178329572
경상남도,2024,01,613.0,575.0,1188.0,1.0660869565217392
경상남도,2024,02,584.0,544.0,1128.0,1.0735294117647058
경상남도,2024,03,574.0,540.0,1114.0,1.0629629629629629
경상남도,2024,04,543.0,493.0,1036.0,1.101419878296146
경상남도,2024,05,545.0,519.0,1064.0,1.0500963391136802
경상남도,2024,06,514.0,473.0,987.0,1.0866807610993658
경상남도,2024,07,606.0,559.0,1165.0,1.0840787119856887
경상남도,2024,08,568.0,533.0,1101.0,1.0656660412757974
경상남도,2024,09,552.0,542.0,1094.0,1.018450184501845
경상남도,2024,10,572.0,537.0,1109.0,1.0651769087523277
경상남도,2024,11,594.0,559.0,1153.0,1.0626118067978534
경상남도,2024,12,498.0,430.0,928.0,1.158139534883721
경상북도,1997,01,1802.0,1560.0,3362.0,1.155128205128205
경상북도,1997,02,1751.0,1506.0,3257.0,1.1626826029216468
경상북도,1997,03,1754.0,1589.0,3343.0,1.1038388923851479
경상북도,1997,04,1677.0,1506.0,3183.0,1.1135458167330676
경상북도,1997,05,1589.0,1435.0,3024.0,1.1073170731707318
경상북도,1997,06,1498.0,1262.0,2760.0,1.1870047543581617
경상북도,1997,07,1552.0,1426.0,2978.0,1.08835904628331
경상북도,1997,08,1595.0,1405.0,3000.0,1.1352313167259787
경상북도,1997,09,1612.0,1390.0,3002.0,1.1597122302158274
경상북도,1997,10,1635.0,1475.0,3110.0,1.1084745762711865
경상북도,1997,11,1543.0,1435.0,2978.0,1.0752613240418119
경상북도,1997,12,1645.0,1475.0,3120.0,1.1152542372881356
경상북도,1998,01,1776.0,1557.0,3333.0,1.140655105973025
경상북도,1998,02,1683.0,1457.0,3140.0,1.1551132463967055
경상북도,1998,03,1831.0,1540.0,3371.0,1.188961038961039
경상북도,1998,04,1597.0,1439.0,3036.0,1.1097984711605282
경상북도,1998,05,1445.0,1353.0,2798.0,1.0679970436067998
경상북도,1998,06,1409.0,1324.0,2733.0,1.0641993957703928
경상북도,1998,07,1517.0,1274.0,2791.0,1.1907378335949765
경상북도,1998,08,1451.0,1199.0,2650.0,1.2101751459549626
경상북도,1998,09,1542.0,1260.0,2802.0,1.223809523809524
경상북도,1998,10,1438.0,1320.0,2758.0,1.0893939393939394
경상북도,1998,11,1423.0,1301.0,2724.0,1.0937740199846273
경상북도,1998,12,1495.0,1283.0,2778.0,1.1652377240841778
경상북도,1999,01,1673.0,1492.0,3165.0,1.121313672922252
경상북도,1999,02,1564.0,1396.0,2960.0,1.1203438395415473
경상북도,1999,03,1753.0,1567.0,3320.0,1.1186981493299297
경상북도,1999,04,1563.0,1357.0,2920.0,1.1518054532056006
경상북도,1999,05,1446.0,1282.0,2728.0,1.1279251170046802
경상북도,1999,06,1391.0,1232.0,2623.0,1.1290584415584415
경상북도,1999,07,1430.0,1300.0,2730.0,1.1
경상북도,1999,08,1503.0,1235.0,2738.0,1.217004048582996
경상북도,1999,09,1565.0,1374.0,2939.0,1.1390101892285298
경상북도,1999,10,1583.0,1379.0,2962.0,1.1479332849891226
경상북도,1999,11,1496.0,1393.0,2889.0,1.0739411342426417
경상북도,1999,12,1510.0,1359.0,2869.0,1.1111111111111112
경상북도,2000,01,1812.0,1550.0,3362.0,1.169032258064516
경상북도,2000,02,1633.0,1588.0,3221.0,1.028337531486146
경상북도,2000,03,1735.0,1557.0,3292.0,1.1143224149004496
경상북도,2000,04,1580.0,1388.0,2968.0,1.138328530259366
경상북도,2000,05,1576.0,1397.0,2973.0,1.1281317108088762
경상북도,2000,06,1295.0,1177.0,2472.0,1.1002548853016143
경상북도,2000,07,1463.0,1251.0,2714.0,1.1694644284572342
경상북도,2000,08,1491.0,1260.0,2751.0,1.1833333333333333
경상북도,2000,09,1561.0,1320.0,2881.0,1.1825757575757576
경상북도,2000,10,1539.0,1319.0,2858.0,1.1667930250189538
경상북도,2000,11,1513.0,1369.0,2882.0,1.1051862673484296
경상북도,2000,12,1503.0,1313.0,2816.0,1.1447067783701448
경상북도,2001,01,1577.0,1378.0,2955.0,1.144412191582003
경상북도,2001,02,1410.0,1308.0,2718.0,1.0779816513761469
경상북도,2001,03,1612.0,1411.0,3023.0,1.1424521615875265
경상북도,2001,04,1419.0,1247.0,2666.0,1.1379310344827587
경상북도,2001,05,1380.0,1215.0,2595.0,1.1358024691358024
경상북도,2001,06,1244.0,1075.0,2319.0,1.1572093023255814
경상북도,2001,07,1176.0,1137.0,2313.0,1.0343007915567282
경상북도,2001,08,1288.0,1134.0,2422.0,1.1358024691358024
경상북도,2001,09,1299.0,1126.0,2425.0,1.1536412078152753
경상북도,2001,10,1279.0,1181.0,2460.0,1.0829805249788316
경상북도,2001,11,1193.0,1105.0,2298.0,1.0796380090497737
경상북도,2001,12,1216.0,1090.0,2306.0,1.1155963302752294
경상북도,2002,01,1333.0,1184.0,2517.0,1.1258445945945945
경상북도,2002,02,1206.0,1059.0,2265.0,1.1388101983002832
경상북도,2002,03,1319.0,1245.0,2564.0,1.059437751004016
경상북도,2002,04,1291.0,1069.0,2360.0,1.207670720299345
경상북도,2002,05,1181.0,1027.0,2208.0,1.1499513145082765
경상북도,2002,06,1128.0,881.0,2009.0,1.2803632236095346
경상북도,2002,07,1162.0,1027.0,2189.0,1.1314508276533592
경상북도,2002,08,1095.0,978.0,2073.0,1.1196319018404908
경상북도,2002,09,1140.0,885.0,2025.0,1.2881355932203389
경상북도,2002,10,1041.0,946.0,1987.0,1.1004228329809724
경상북도,2002,11,1003.0,933.0,1936.0,1.07502679528403
경상북도,2002,12,992.0,897.0,1889.0,1.1059085841694538
경상북도,2003,01,1169.0,1062.0,2231.0,1.10075329566855
경상북도,2003,02,1158.0,1007.0,2165.0,1.1499503475670307
경상북도,2003,03,1341.0,1166.0,2507.0,1.1500857632933104
경상북도,2003,04,1180.0,1084.0,2264.0,1.088560885608856
경상북도,2003,05,1074.0,992.0,2066.0,1.0826612903225807
경상북도,2003,06,942.0,939.0,1881.0,1.0031948881789137
경상북도,2003,07,1010.0,911.0,1921.0,1.1086717892425906
경상북도,2003,08,1049.0,906.0,1955.0,1.1578366445916115
경상북도,2003,09,1157.0,971.0,2128.0,1.191555097837281
경상북도,2003,10,1174.0,1033.0,2207.0,1.1364956437560503
경상북도,2003,11,1139.0,995.0,2134.0,1.1447236180904523
경상북도,2003,12,996.0,992.0,1988.0,1.0040322580645162
경상북도,2004,01,1162.0,1044.0,2206.0,1.1130268199233717
경상북도,2004,02,1093.0,956.0,2049.0,1.143305439330544
경상북도,2004,03,1188.0,1069.0,2257.0,1.1113189897100093
경상북도,2004,04,1158.0,1035.0,2193.0,1.1188405797101448
경상북도,2004,05,989.0,899.0,1888.0,1.100111234705228
경상북도,2004,06,953.0,821.0,1774.0,1.1607795371498173
경상북도,2004,07,1076.0,872.0,1948.0,1.2339449541284404
경상북도,2004,08,938.0,876.0,1814.0,1.0707762557077625
경상북도,2004,09,998.0,886.0,1884.0,1.1264108352144468
경상북도,2004,10,1108.0,935.0,2043.0,1.1850267379679145
경상북도,2004,11,912.0,858.0,1770.0,1.062937062937063
경상북도,2004,12,902.0,825.0,1727.0,1.0933333333333333
경상북도,2005,01,1082.0,947.0,2029.0,1.1425554382259768
경상북도,2005,02,956.0,862.0,1818.0,1.1090487238979119
경상북도,2005,03,1111.0,965.0,2076.0,1.1512953367875647
경상북도,2005,04,951.0,946.0,1897.0,1.0052854122621564
경상북도,2005,05,1046.0,904.0,1950.0,1.157079646017699
경상북도,2005,06,849.0,845.0,1694.0,1.004733727810651
경상북도,2005,07,936.0,859.0,1795.0,1.0896391152502911
경상북도,2005,08,944.0,850.0,1794.0,1.1105882352941177
경상북도,2005,09,1002.0,877.0,1879.0,1.1425313568985176
경상북도,2005,10,985.0,934.0,1919.0,1.0546038543897216
경상북도,2005,11,975.0,824.0,1799.0,1.183252427184466
경상북도,2005,12,894.0,795.0,1689.0,1.1245283018867924
경상북도,2006,01,1058.0,967.0,2025.0,1.0941054808686659
경상북도,2006,02,1007.0,885.0,1892.0,1.1378531073446327
경상북도,2006,03,1141.0,969.0,2110.0,1.1775025799793601
경상북도,2006,04,955.0,918.0,1873.0,1.0403050108932461
경상북도,2006,05,1004.0,853.0,1857.0,1.1770222743259087
경상북도,2006,06,904.0,878.0,1782.0,1.029612756264237
경상북도,2006,07,897.0,840.0,1737.0,1.0678571428571428
경상북도,2006,08,977.0,835.0,1812.0,1.170059880239521
경상북도,2006,09,1018.0,935.0,1953.0,1.088770053475936
경상북도,2006,10,1072.0,914.0,1986.0,1.1728665207877462
경상북도,2006,11,928.0,877.0,1805.0,1.0581527936145951
경상북도,2006,12,889.0,846.0,1735.0,1.0508274231678487
경상북도,2007,01,1128.0,1018.0,2146.0,1.1080550098231827
경상북도,2007,02,1085.0,947.0,2032.0,1.1457233368532207
경상북도,2007,03,1123.0,1149.0,2272.0,0.9773716275021758
경상북도,2007,04,1071.0,987.0,2058.0,1.0851063829787233
경상북도,2007,05,1062.0,1002.0,2064.0,1.0598802395209581
경상북도,2007,06,993.0,913.0,1906.0,1.0876232201533407
경상북도,2007,07,1059.0,934.0,1993.0,1.133832976445396
경상북도,2007,08,1082.0,1090.0,2172.0,0.9926605504587156
경상북도,2007,09,1103.0,1069.0,2172.0,1.0318054256314313
경상북도,2007,10,1195.0,1132.0,2327.0,1.0556537102473498
경상북도,2007,11,1080.0,1017.0,2097.0,1.0619469026548674
경상북도,2007,12,958.0,865.0,1823.0,1.107514450867052
경상북도,2008,01,1198.0,1120.0,2318.0,1.0696428571428571
경상북도,2008,02,1011.0,957.0,1968.0,1.0564263322884013
경상북도,2008,03,1145.0,1006.0,2151.0,1.1381709741550696
경상북도,2008,04,1047.0,987.0,2034.0,1.060790273556231
경상북도,2008,05,946.0,962.0,1908.0,0.9833679833679834
경상북도,2008,06,916.0,840.0,1756.0,1.0904761904761904
경상북도,2008,07,1068.0,890.0,1958.0,1.2
경상북도,2008,08,975.0,881.0,1856.0,1.1066969353007945
경상북도,2008,09,963.0,967.0,1930.0,0.9958634953464323
경상북도,2008,10,1066.0,959.0,2025.0,1.1115745568300313
경상북도,2008,11,1003.0,872.0,1875.0,1.150229357798165
경상북도,2008,12,900.0,859.0,1759.0,1.0477299185098952
경상북도,2009,01,1164.0,1025.0,2189.0,1.1356097560975609
경상북도,2009,02,988.0,945.0,1933.0,1.0455026455026455
경상북도,2009,03,1048.0,970.0,2018.0,1.0804123711340206
경상북도,2009,04,1000.0,914.0,1914.0,1.0940919037199124
경상북도,2009,05,952.0,799.0,1751.0,1.1914893617021276
경상북도,2009,06,908.0,851.0,1759.0,1.0669800235017626
경상북도,2009,07,931.0,866.0,1797.0,1.0750577367205543
경상북도,2009,08,933.0,851.0,1784.0,1.0963572267920094
경상북도,2009,09,969.0,863.0,1832.0,1.122827346465817
경상북도,2009,10,990.0,898.0,1888.0,1.1024498886414253
경상북도,2009,11,954.0,847.0,1801.0,1.1263282172373081
경상북도,2009,12,870.0,837.0,1707.0,1.039426523297491
경상북도,2010,01,1109.0,1001.0,2110.0,1.1078921078921078
경상북도,2010,02,996.0,902.0,1898.0,1.1042128603104213
경상북도,2010,03,1041.0,997.0,2038.0,1.0441323971915748
경상북도,2010,04,1003.0,892.0,1895.0,1.1244394618834082
경상북도,2010,05,934.0,922.0,1856.0,1.0130151843817787
경상북도,2010,06,955.0,941.0,1896.0,1.0148777895855472
경상북도,2010,07,900.0,896.0,1796.0,1.0044642857142858
경상북도,2010,08,996.0,956.0,1952.0,1.0418410041841004
경상북도,2010,09,1109.0,962.0,2071.0,1.1528066528066527
경상북도,2010,10,1132.0,1070.0,2202.0,1.0579439252336449
경상북도,2010,11,1103.0,978.0,2081.0,1.1278118609406953
경상북도,2010,12,984.0,921.0,1905.0,1.0684039087947883
경상북도,2011,01,1245.0,1146.0,2391.0,1.0863874345549738
경상북도,2011,02,1055.0,994.0,2049.0,1.0613682092555332
경상북도,2011,03,1154.0,1092.0,2246.0,1.0567765567765568
경상북도,2011,04,1056.0,992.0,2048.0,1.064516129032258
경상북도,2011,05,1053.0,946.0,1999.0,1.113107822410148
경상북도,2011,06,1030.0,942.0,1972.0,1.0934182590233545
경상북도,2011,07,990.0,921.0,1911.0,1.0749185667752443
경상북도,2011,08,1073.0,974.0,2047.0,1.1016427104722792
경상북도,2011,09,1051.0,968.0,2019.0,1.0857438016528926
경상북도,2011,10,964.0,930.0,1894.0,1.0365591397849463
경상북도,2011,11,914.0,954.0,1868.0,0.9580712788259959
경상북도,2011,12,917.0,889.0,1806.0,1.031496062992126
경상북도,2012,01,1184.0,1135.0,2319.0,1.043171806167401
경상북도,2012,02,1083.0,1018.0,2101.0,1.0638506876227898
경상북도,2012,03,1167.0,1080.0,2247.0,1.0805555555555555
경상북도,2012,04,1034.0,985.0,2019.0,1.049746192893401
경상북도,2012,05,1050.0,939.0,1989.0,1.1182108626198084
경상북도,2012,06,1009.0,872.0,1881.0,1.1571100917431192
경상북도,2012,07,1098.0,1007.0,2105.0,1.0903674280039721
경상북도,2012,08,1072.0,983.0,2055.0,1.0905391658189216
경상북도,2012,09,1105.0,971.0,2076.0,1.138002059732235
경상북도,2012,10,1057.0,1022.0,2079.0,1.0342465753424657
경상북도,2012,11,985.0,968.0,1953.0,1.0175619834710743
경상북도,2012,12,914.0,897.0,1811.0,1.0189520624303232
경상북도,2013,01,1177.0,1063.0,2240.0,1.1072436500470366
경상북도,2013,02,979.0,895.0,1874.0,1.0938547486033519
경상북도,2013,03,994.0,964.0,1958.0,1.0311203319502074
경상북도,2013,04,935.0,887.0,1822.0,1.0541149943630215
경상북도,2013,05,969.0,899.0,1868.0,1.0778642936596219
경상북도,2013,06,873.0,761.0,1634.0,1.147174770039422
경상북도,2013,07,1030.0,867.0,1897.0,1.1880046136101499
경상북도,2013,08,893.0,930.0,1823.0,0.9602150537634409
경상북도,2013,09,979.0,920.0,1899.0,1.0641304347826086
경상북도,2013,10,969.0,891.0,1860.0,1.0875420875420876
경상북도,2013,11,882.0,830.0,1712.0,1.0626506024096385
경상북도,2013,12,858.0,761.0,1619.0,1.1274638633377136
경상북도,2014,01,1102.0,1055.0,2157.0,1.0445497630331753
경상북도,2014,02,971.0,924.0,1895.0,1.050865800865801
경상북도,2014,03,1004.0,972.0,1976.0,1.0329218106995885
경상북도,2014,04,1022.0,905.0,1927.0,1.1292817679558012
경상북도,2014,05,905.0,857.0,1762.0,1.0560093348891482
경상북도,2014,06,890.0,827.0,1717.0,1.076178960096735
경상북도,2014,07,937.0,888.0,1825.0,1.0551801801801801
경상북도,2014,08,971.0,830.0,1801.0,1.1698795180722892
경상북도,2014,09,929.0,925.0,1854.0,1.0043243243243243
경상북도,2014,10,965.0,840.0,1805.0,1.1488095238095237
경상북도,2014,11,859.0,769.0,1628.0,1.11703511053316
경상북도,2014,12,882.0,833.0,1715.0,1.0588235294117647
경상북도,2015,01,1114.0,1045.0,2159.0,1.0660287081339712
경상북도,2015,02,947.0,903.0,1850.0,1.0487264673311185
경상북도,2015,03,1087.0,1020.0,2107.0,1.065686274509804
경상북도,2015,04,1002.0,930.0,1932.0,1.0774193548387097
경상북도,2015,05,970.0,863.0,1833.0,1.1239860950173812
경상북도,2015,06,901.0,854.0,1755.0,1.0550351288056206
경상북도,2015,07,941.0,884.0,1825.0,1.0644796380090498
경상북도,2015,08,893.0,884.0,1777.0,1.010180995475113
경상북도,2015,09,959.0,938.0,1897.0,1.0223880597014925
경상북도,2015,10,961.0,919.0,1880.0,1.0457018498367792
경상북도,2015,11,843.0,851.0,1694.0,0.9905992949471211
경상북도,2015,12,835.0,766.0,1601.0,1.0900783289817233
경상북도,2016,01,1046.0,950.0,1996.0,1.1010526315789473
경상북도,2016,02,915.0,817.0,1732.0,1.1199510403916768
경상북도,2016,03,996.0,958.0,1954.0,1.0396659707724425
경상북도,2016,04,941.0,877.0,1818.0,1.072976054732041
경상북도,2016,05,901.0,846.0,1747.0,1.0650118203309693
경상북도,2016,06,904.0,786.0,1690.0,1.1501272264631044
경상북도,2016,07,876.0,827.0,1703.0,1.0592503022974606
경상북도,2016,08,857.0,848.0,1705.0,1.0106132075471699
경상북도,2016,09,875.0,841.0,1716.0,1.0404280618311534
경상북도,2016,10,859.0,818.0,1677.0,1.050122249388753
경상북도,2016,11,766.0,729.0,1495.0,1.0507544581618655
경상북도,2016,12,718.0,665.0,1383.0,1.0796992481203007
경상북도,2017,01,923.0,901.0,1824.0,1.0244173140954496
경상북도,2017,02,746.0,756.0,1502.0,0.9867724867724867
경상북도,2017,03,853.0,807.0,1660.0,1.057001239157373
경상북도,2017,04,764.0,733.0,1497.0,1.0422919508867667
경상북도,2017,05,818.0,743.0,1561.0,1.100942126514132
경상북도,2017,06,717.0,671.0,1388.0,1.068554396423249
경상북도,2017,07,799.0,723.0,1522.0,1.1051175656984786
경상북도,2017,08,785.0,728.0,1513.0,1.0782967032967032
경상북도,2017,09,763.0,735.0,1498.0,1.0380952380952382
경상북도,2017,10,720.0,656.0,1376.0,1.0975609756097562
경상북도,2017,11,726.0,610.0,1336.0,1.1901639344262296
경상북도,2017,12,639.0,641.0,1280.0,0.9968798751950078
경상북도,2018,01,818.0,753.0,1571.0,1.0863213811420982
경상북도,2018,02,711.0,625.0,1336.0,1.1376
경상북도,2018,03,800.0,748.0,1548.0,1.0695187165775402
경상북도,2018,04,683.0,642.0,1325.0,1.0638629283489096
경상북도,2018,05,707.0,692.0,1399.0,1.0216763005780347
경상북도,2018,06,719.0,622.0,1341.0,1.1559485530546625
경상북도,2018,07,681.0,645.0,1326.0,1.0558139534883721
경상북도,2018,08,716.0,635.0,1351.0,1.1275590551181103
경상북도,2018,09,636.0,578.0,1214.0,1.1003460207612457
경상북도,2018,10,633.0,630.0,1263.0,1.0047619047619047
경상북도,2018,11,659.0,587.0,1246.0,1.122657580919932
경상북도,2018,12,622.0,537.0,1159.0,1.1582867783985102
경상북도,2019,01,766.0,712.0,1478.0,1.0758426966292134
경상북도,2019,02,616.0,614.0,1230.0,1.003257328990228
경상북도,2019,03,712.0,667.0,1379.0,1.0674662668665666
경상북도,2019,04,630.0,584.0,1214.0,1.0787671232876712
경상북도,2019,05,605.0,569.0,1174.0,1.063268892794376
경상북도,2019,06,642.0,582.0,1224.0,1.1030927835051547
경상북도,2019,07,609.0,585.0,1194.0,1.041025641025641
경상북도,2019,08,565.0,545.0,1110.0,1.036697247706422
경상북도,2019,09,566.0,554.0,1120.0,1.0216606498194947
경상북도,2019,10,602.0,637.0,1239.0,0.945054945054945
경상북도,2019,11,562.0,597.0,1159.0,0.9413735343383585
경상북도,2019,12,496.0,455.0,951.0,1.09010989010989
경상북도,2020,01,649.0,624.0,1273.0,1.0400641025641026
경상북도,2020,02,579.0,552.0,1131.0,1.048913043478261
경상북도,2020,03,594.0,578.0,1172.0,1.027681660899654
경상북도,2020,04,579.0,539.0,1118.0,1.0742115027829313
경상북도,2020,05,572.0,527.0,1099.0,1.0853889943074004
경상북도,2020,06,496.0,519.0,1015.0,0.9556840077071291
경상북도,2020,07,529.0,522.0,1051.0,1.0134099616858236
경상북도,2020,08,508.0,509.0,1017.0,0.9980353634577603
경상북도,2020,09,613.0,510.0,1123.0,1.2019607843137254
경상북도,2020,10,553.0,513.0,1066.0,1.077972709551657
경상북도,2020,11,469.0,476.0,945.0,0.9852941176470589
경상북도,2020,12,432.0,431.0,863.0,1.0023201856148491
경상북도,2021,01,560.0,566.0,1126.0,0.9893992932862191
경상북도,2021,02,512.0,499.0,1011.0,1.0260521042084167
경상북도,2021,03,575.0,551.0,1126.0,1.043557168784029
경상북도,2021,04,505.0,563.0,1068.0,0.8969804618117229
경상북도,2021,05,504.0,488.0,992.0,1.0327868852459017
경상북도,2021,06,511.0,480.0,991.0,1.0645833333333334
경상북도,2021,07,543.0,497.0,1040.0,1.0925553319919517
경상북도,2021,08,553.0,512.0,1065.0,1.080078125
경상북도,2021,09,484.0,517.0,1001.0,0.9361702127659575
경상북도,2021,10,465.0,424.0,889.0,1.096698113207547
경상북도,2021,11,500.0,461.0,961.0,1.0845986984815619
경상북도,2021,12,393.0,382.0,775.0,1.0287958115183247
경상북도,2022,01,577.0,541.0,1118.0,1.066543438077634
경상북도,2022,02,481.0,439.0,920.0,1.0956719817767653
경상북도,2022,03,534.0,527.0,1061.0,1.0132827324478177
경상북도,2022,04,483.0,472.0,955.0,1.0233050847457628
경상북도,2022,05,494.0,474.0,968.0,1.0421940928270041
경상북도,2022,06,422.0,410.0,832.0,1.0292682926829269
경상북도,2022,07,457.0,422.0,879.0,1.0829383886255923
경상북도,2022,08,486.0,489.0,975.0,0.9938650306748467
경상북도,2022,09,496.0,493.0,989.0,1.0060851926977687
경상북도,2022,10,481.0,478.0,959.0,1.006276150627615
경상북도,2022,11,462.0,423.0,885.0,1.0921985815602837
경상북도,2022,12,404.0,366.0,770.0,1.1038251366120218
경상북도,2023,01,520.0,515.0,1035.0,1.0097087378640777
경상북도,2023,02,512.0,423.0,935.0,1.210401891252955
경상북도,2023,03,515.0,399.0,914.0,1.2907268170426065
경상북도,2023,04,447.0,372.0,819.0,1.2016129032258065
경상북도,2023,05,426.0,448.0,874.0,0.9508928571428571
경상북도,2023,06,397.0,400.0,797.0,0.9925
경상북도,2023,07,423.0,411.0,834.0,1.0291970802919708
경상북도,2023,08,413.0,395.0,808.0,1.0455696202531646
경상북도,2023,09,419.0,380.0,799.0,1.1026315789473684
경상북도,2023,10,457.0,402.0,859.0,1.13681592039801
경상북도,2023,11,395.0,375.0,770.0,1.0533333333333332
경상북도,2023,12,366.0,376.0,742.0,0.973404255319149
경상북도,2024,01,521.0,475.0,996.0,1.0968421052631578
경상북도,2024,02,428.0,416.0,844.0,1.0288461538461537
경상북도,2024,03,428.0,407.0,835.0,1.0515970515970516
경상북도,2024,04,420.0,417.0,837.0,1.0071942446043165
경상북도,2024,05,412.0,427.0,839.0,0.9648711943793911
경상북도,2024,06,406.0,383.0,789.0,1.0600522193211488
경상북도,2024,07,457.0,422.0,879.0,1.0829383886255923
경상북도,2024,08,496.0,428.0,924.0,1.158878504672897
경상북도,2024,09,436.0,425.0,861.0,1.0258823529411765
경상북도,2024,10,471.0,402.0,873.0,1.171641791044776
경상북도,2024,11,469.0,408.0,877.0,1.1495098039215685
경상북도,2024,12,413.0,366.0,779.0,1.1284153005464481
광주광역시,1997,01,1106.0,1060.0,2166.0,1.0433962264150944
광주광역시,1997,02,985.0,925.0,1910.0,1.0648648648648649
광주광역시,1997,03,1030.0,983.0,2013.0,1.0478128179043744
광주광역시,1997,04,865.0,830.0,1695.0,1.0421686746987953
광주광역시,1997,05,906.0,893.0,1799.0,1.0145576707726764
광주광역시,1997,06,805.0,771.0,1576.0,1.0440985732814527
광주광역시,1997,07,883.0,858.0,1741.0,1.029137529137529
광주광역시,1997,08,904.0,766.0,1670.0,1.1801566579634464
광주광역시,1997,09,885.0,828.0,1713.0,1.068840579710145
광주광역시,1997,10,999.0,864.0,1863.0,1.15625
광주광역시,1997,11,899.0,840.0,1739.0,1.0702380952380952
광주광역시,1997,12,925.0,874.0,1799.0,1.0583524027459954
광주광역시,1998,01,1086.0,923.0,2009.0,1.1765980498374864
광주광역시,1998,02,965.0,928.0,1893.0,1.0398706896551724
광주광역시,1998,03,1019.0,946.0,1965.0,1.0771670190274842
광주광역시,1998,04,893.0,858.0,1751.0,1.0407925407925407
광주광역시,1998,05,882.0,839.0,1721.0,1.0512514898688916
광주광역시,1998,06,860.0,767.0,1627.0,1.121251629726206
광주광역시,1998,07,825.0,757.0,1582.0,1.0898282694848085
광주광역시,1998,08,827.0,756.0,1583.0,1.093915343915344
광주광역시,1998,09,850.0,846.0,1696.0,1.0047281323877069
광주광역시,1998,10,898.0,844.0,1742.0,1.0639810426540284
광주광역시,1998,11,829.0,788.0,1617.0,1.0520304568527918
광주광역시,1998,12,854.0,756.0,1610.0,1.1296296296296295
광주광역시,1999,01,1006.0,952.0,1958.0,1.0567226890756303
광주광역시,1999,02,846.0,814.0,1660.0,1.0393120393120394
광주광역시,1999,03,907.0,829.0,1736.0,1.0940892641737032
광주광역시,1999,04,795.0,689.0,1484.0,1.1538461538461537
광주광역시,1999,05,837.0,750.0,1587.0,1.116
광주광역시,1999,06,778.0,696.0,1474.0,1.117816091954023
광주광역시,1999,07,756.0,741.0,1497.0,1.0202429149797572
광주광역시,1999,08,849.0,730.0,1579.0,1.163013698630137
광주광역시,1999,09,841.0,781.0,1622.0,1.0768245838668373
광주광역시,1999,10,830.0,781.0,1611.0,1.0627400768245838
광주광역시,1999,11,799.0,752.0,1551.0,1.0625
광주광역시,1999,12,771.0,714.0,1485.0,1.0798319327731092
광주광역시,2000,01,1104.0,1055.0,2159.0,1.0464454976303317
광주광역시,2000,02,1030.0,886.0,1916.0,1.162528216704289
광주광역시,2000,03,979.0,914.0,1893.0,1.0711159737417943
광주광역시,2000,04,904.0,869.0,1773.0,1.040276179516686
광주광역시,2000,05,884.0,814.0,1698.0,1.085995085995086
광주광역시,2000,06,799.0,740.0,1539.0,1.0797297297297297
광주광역시,2000,07,851.0,759.0,1610.0,1.121212121212121
광주광역시,2000,08,901.0,756.0,1657.0,1.1917989417989419
광주광역시,2000,09,1010.0,824.0,1834.0,1.2257281553398058
광주광역시,2000,10,913.0,867.0,1780.0,1.0530565167243369
광주광역시,2000,11,852.0,807.0,1659.0,1.0557620817843867
광주광역시,2000,12,836.0,794.0,1630.0,1.0528967254408061
광주광역시,2001,01,1066.0,964.0,2030.0,1.1058091286307055
광주광역시,2001,02,817.0,761.0,1578.0,1.0735873850197108
광주광역시,2001,03,939.0,851.0,1790.0,1.1034077555816686
광주광역시,2001,04,766.0,676.0,1442.0,1.1331360946745561
광주광역시,2001,05,755.0,716.0,1471.0,1.0544692737430168
광주광역시,2001,06,699.0,688.0,1387.0,1.0159883720930232
광주광역시,2001,07,710.0,651.0,1361.0,1.0906298003072197
광주광역시,2001,08,707.0,669.0,1376.0,1.0568011958146488
광주광역시,2001,09,799.0,729.0,1528.0,1.0960219478737998
광주광역시,2001,10,788.0,714.0,1502.0,1.1036414565826331
광주광역시,2001,11,695.0,647.0,1342.0,1.0741885625965997
광주광역시,2001,12,735.0,656.0,1391.0,1.1204268292682926
광주광역시,2002,01,873.0,794.0,1667.0,1.0994962216624684
광주광역시,2002,02,751.0,675.0,1426.0,1.1125925925925926
광주광역시,2002,03,824.0,748.0,1572.0,1.1016042780748663
광주광역시,2002,04,753.0,642.0,1395.0,1.1728971962616823
광주광역시,2002,05,727.0,647.0,1374.0,1.1236476043276662
광주광역시,2002,06,614.0,570.0,1184.0,1.0771929824561404
광주광역시,2002,07,631.0,610.0,1241.0,1.0344262295081967
광주광역시,2002,08,670.0,617.0,1287.0,1.0858995137763372
광주광역시,2002,09,662.0,621.0,1283.0,1.066022544283414
광주광역시,2002,10,655.0,604.0,1259.0,1.0844370860927153
광주광역시,2002,11,627.0,583.0,1210.0,1.0754716981132075
광주광역시,2002,12,616.0,522.0,1138.0,1.1800766283524904
광주광역시,2003,01,837.0,742.0,1579.0,1.128032345013477
광주광역시,2003,02,752.0,672.0,1424.0,1.119047619047619
광주광역시,2003,03,753.0,671.0,1424.0,1.1222056631892698
광주광역시,2003,04,690.0,670.0,1360.0,1.0298507462686568
광주광역시,2003,05,753.0,583.0,1336.0,1.2915951972555746
광주광역시,2003,06,596.0,531.0,1127.0,1.1224105461393596
광주광역시,2003,07,643.0,585.0,1228.0,1.0991452991452992
광주광역시,2003,08,645.0,559.0,1204.0,1.1538461538461537
광주광역시,2003,09,754.0,666.0,1420.0,1.132132132132132
광주광역시,2003,10,683.0,677.0,1360.0,1.0088626292466765
광주광역시,2003,11,689.0,596.0,1285.0,1.1560402684563758
광주광역시,2003,12,623.0,584.0,1207.0,1.0667808219178083
광주광역시,2004,01,810.0,756.0,1566.0,1.0714285714285714
광주광역시,2004,02,723.0,600.0,1323.0,1.205
광주광역시,2004,03,723.0,704.0,1427.0,1.0269886363636365
광주광역시,2004,04,633.0,582.0,1215.0,1.0876288659793814
광주광역시,2004,05,606.0,567.0,1173.0,1.0687830687830688
광주광역시,2004,06,573.0,505.0,1078.0,1.1346534653465346
광주광역시,2004,07,610.0,520.0,1130.0,1.1730769230769231
광주광역시,2004,08,593.0,590.0,1183.0,1.005084745762712
광주광역시,2004,09,615.0,590.0,1205.0,1.0423728813559323
광주광역시,2004,10,609.0,589.0,1198.0,1.033955857385399
광주광역시,2004,11,590.0,580.0,1170.0,1.0172413793103448
광주광역시,2004,12,548.0,513.0,1061.0,1.0682261208576997
광주광역시,2005,01,702.0,653.0,1355.0,1.0750382848392037
광주광역시,2005,02,601.0,544.0,1145.0,1.1047794117647058
광주광역시,2005,03,660.0,612.0,1272.0,1.0784313725490196
광주광역시,2005,04,585.0,536.0,1121.0,1.0914179104477613
광주광역시,2005,05,562.0,503.0,1065.0,1.117296222664016
광주광역시,2005,06,518.0,457.0,975.0,1.1334792122538293
광주광역시,2005,07,590.0,510.0,1100.0,1.1568627450980393
광주광역시,2005,08,522.0,490.0,1012.0,1.0653061224489795
광주광역시,2005,09,596.0,541.0,1137.0,1.1016635859519408
광주광역시,2005,10,573.0,525.0,1098.0,1.0914285714285714
광주광역시,2005,11,583.0,543.0,1126.0,1.0736648250460405
광주광역시,2005,12,479.0,442.0,921.0,1.083710407239819
광주광역시,2006,01,711.0,649.0,1360.0,1.0955315870570108
광주광역시,2006,02,605.0,558.0,1163.0,1.0842293906810037
광주광역시,2006,03,656.0,608.0,1264.0,1.0789473684210527
광주광역시,2006,04,588.0,554.0,1142.0,1.0613718411552346
광주광역시,2006,05,606.0,572.0,1178.0,1.0594405594405594
광주광역시,2006,06,549.0,480.0,1029.0,1.14375
광주광역시,2006,07,539.0,492.0,1031.0,1.0955284552845528
광주광역시,2006,08,563.0,516.0,1079.0,1.0910852713178294
광주광역시,2006,09,651.0,539.0,1190.0,1.2077922077922079
광주광역시,2006,10,636.0,547.0,1183.0,1.1627056672760512
광주광역시,2006,11,540.0,515.0,1055.0,1.0485436893203883
광주광역시,2006,12,517.0,488.0,1005.0,1.0594262295081966
광주광역시,2007,01,707.0,669.0,1376.0,1.0568011958146488
광주광역시,2007,02,639.0,597.0,1236.0,1.07035175879397
광주광역시,2007,03,659.0,652.0,1311.0,1.0107361963190185
광주광역시,2007,04,625.0,613.0,1238.0,1.0195758564437194
광주광역시,2007,05,593.0,560.0,1153.0,1.0589285714285714
광주광역시,2007,06,615.0,527.0,1142.0,1.1669829222011385
광주광역시,2007,07,600.0,531.0,1131.0,1.1299435028248588
광주광역시,2007,08,678.0,600.0,1278.0,1.13
광주광역시,2007,09,709.0,611.0,1320.0,1.160392798690671
광주광역시,2007,10,666.0,681.0,1347.0,0.9779735682819384
광주광역시,2007,11,648.0,586.0,1234.0,1.10580204778157
광주광역시,2007,12,552.0,492.0,1044.0,1.1219512195121952
광주광역시,2008,01,739.0,711.0,1450.0,1.039381153305204
광주광역시,2008,02,640.0,572.0,1212.0,1.118881118881119
광주광역시,2008,03,631.0,609.0,1240.0,1.0361247947454844
광주광역시,2008,04,578.0,544.0,1122.0,1.0625
광주광역시,2008,05,545.0,542.0,1087.0,1.0055350553505535
광주광역시,2008,06,547.0,528.0,1075.0,1.0359848484848484
광주광역시,2008,07,601.0,570.0,1171.0,1.0543859649122806
광주광역시,2008,08,605.0,610.0,1215.0,0.9918032786885246
광주광역시,2008,09,560.0,556.0,1116.0,1.0071942446043165
광주광역시,2008,10,620.0,548.0,1168.0,1.1313868613138687
광주광역시,2008,11,519.0,544.0,1063.0,0.9540441176470589
광주광역시,2008,12,488.0,483.0,971.0,1.010351966873706
광주광역시,2009,01,734.0,662.0,1396.0,1.108761329305136
광주광역시,2009,02,554.0,534.0,1088.0,1.0374531835205993
광주광역시,2009,03,606.0,557.0,1163.0,1.0879712746858168
광주광역시,2009,04,553.0,558.0,1111.0,0.9910394265232975
광주광역시,2009,05,560.0,537.0,1097.0,1.042830540037244
광주광역시,2009,06,463.0,473.0,936.0,0.9788583509513742
광주광역시,2009,07,521.0,498.0,1019.0,1.0461847389558232
광주광역시,2009,08,544.0,519.0,1063.0,1.048169556840077
광주광역시,2009,09,590.0,553.0,1143.0,1.0669077757685352
광주광역시,2009,10,612.0,522.0,1134.0,1.1724137931034482
광주광역시,2009,11,528.0,519.0,1047.0,1.0173410404624277
광주광역시,2009,12,473.0,431.0,904.0,1.097447795823666
광주광역시,2010,01,736.0,560.0,1296.0,1.3142857142857143
광주광역시,2010,02,564.0,519.0,1083.0,1.0867052023121386
광주광역시,2010,03,633.0,603.0,1236.0,1.0497512437810945
광주광역시,2010,04,602.0,561.0,1163.0,1.0730837789661318
광주광역시,2010,05,559.0,566.0,1125.0,0.9876325088339223
광주광역시,2010,06,516.0,504.0,1020.0,1.0238095238095237
광주광역시,2010,07,596.0,522.0,1118.0,1.1417624521072798
광주광역시,2010,08,574.0,557.0,1131.0,1.030520646319569
광주광역시,2010,09,650.0,633.0,1283.0,1.0268562401263823
광주광역시,2010,10,683.0,610.0,1293.0,1.119672131147541
광주광역시,2010,11,619.0,588.0,1207.0,1.0527210884353742
광주광역시,2010,12,537.0,487.0,1024.0,1.1026694045174539
광주광역시,2011,01,686.0,745.0,1431.0,0.9208053691275168
광주광역시,2011,02,599.0,553.0,1152.0,1.0831826401446654
광주광역시,2011,03,674.0,639.0,1313.0,1.054773082942097
광주광역시,2011,04,660.0,555.0,1215.0,1.1891891891891893
광주광역시,2011,05,587.0,523.0,1110.0,1.1223709369024857
광주광역시,2011,06,563.0,537.0,1100.0,1.048417132216015
광주광역시,2011,07,618.0,543.0,1161.0,1.138121546961326
광주광역시,2011,08,581.0,557.0,1138.0,1.0430879712746859
광주광역시,2011,09,592.0,566.0,1158.0,1.0459363957597174
광주광역시,2011,10,602.0,529.0,1131.0,1.1379962192816635
광주광역시,2011,11,568.0,519.0,1087.0,1.094412331406551
광주광역시,2011,12,457.0,463.0,920.0,0.9870410367170627
광주광역시,2012,01,712.0,660.0,1372.0,1.0787878787878789
광주광역시,2012,02,680.0,645.0,1325.0,1.054263565891473
광주광역시,2012,03,667.0,619.0,1286.0,1.0775444264943457
광주광역시,2012,04,629.0,559.0,1188.0,1.1252236135957066
광주광역시,2012,05,553.0,567.0,1120.0,0.9753086419753086
광주광역시,2012,06,571.0,536.0,1107.0,1.0652985074626866
광주광역시,2012,07,622.0,572.0,1194.0,1.0874125874125875
광주광역시,2012,08,656.0,559.0,1215.0,1.1735241502683362
광주광역시,2012,09,656.0,608.0,1264.0,1.0789473684210527
광주광역시,2012,10,642.0,620.0,1262.0,1.0354838709677419
광주광역시,2012,11,561.0,532.0,1093.0,1.0545112781954886
광주광역시,2012,12,500.0,466.0,966.0,1.0729613733905579
광주광역시,2013,01,665.0,638.0,1303.0,1.042319749216301
광주광역시,2013,02,591.0,458.0,1049.0,1.2903930131004366
광주광역시,2013,03,599.0,552.0,1151.0,1.085144927536232
광주광역시,2013,04,544.0,562.0,1106.0,0.9679715302491103
광주광역시,2013,05,540.0,515.0,1055.0,1.0485436893203883
광주광역시,2013,06,526.0,474.0,1000.0,1.109704641350211
광주광역시,2013,07,503.0,498.0,1001.0,1.0100401606425702
광주광역시,2013,08,531.0,503.0,1034.0,1.0556660039761432
광주광역시,2013,09,560.0,528.0,1088.0,1.0606060606060606
광주광역시,2013,10,515.0,496.0,1011.0,1.0383064516129032
광주광역시,2013,11,494.0,490.0,984.0,1.0081632653061225
광주광역시,2013,12,461.0,486.0,947.0,0.948559670781893
광주광역시,2014,01,641.0,643.0,1284.0,0.9968895800933126
광주광역시,2014,02,557.0,493.0,1050.0,1.129817444219067
광주광역시,2014,03,566.0,548.0,1114.0,1.032846715328467
광주광역시,2014,04,577.0,534.0,1111.0,1.0805243445692885
광주광역시,2014,05,528.0,479.0,1007.0,1.1022964509394573
광주광역시,2014,06,514.0,470.0,984.0,1.0936170212765957
광주광역시,2014,07,521.0,520.0,1041.0,1.001923076923077
광주광역시,2014,08,548.0,536.0,1084.0,1.0223880597014925
광주광역시,2014,09,557.0,548.0,1105.0,1.0164233576642336
광주광역시,2014,10,555.0,530.0,1085.0,1.0471698113207548
광주광역시,2014,11,492.0,424.0,916.0,1.1603773584905661
광주광역시,2014,12,483.0,465.0,948.0,1.038709677419355
광주광역시,2015,01,653.0,577.0,1230.0,1.1317157712305026
광주광역시,2015,02,540.0,502.0,1042.0,1.0756972111553784
광주광역시,2015,03,577.0,559.0,1136.0,1.0322003577817531
광주광역시,2015,04,536.0,521.0,1057.0,1.0287907869481765
광주광역시,2015,05,541.0,487.0,1028.0,1.11088295687885
광주광역시,2015,06,493.0,466.0,959.0,1.05793991416309
광주광역시,2015,07,530.0,503.0,1033.0,1.0536779324055665
광주광역시,2015,08,518.0,486.0,1004.0,1.0658436213991769
광주광역시,2015,09,575.0,511.0,1086.0,1.1252446183953033
광주광역시,2015,10,516.0,528.0,1044.0,0.9772727272727273
광주광역시,2015,11,498.0,464.0,962.0,1.0732758620689655
광주광역시,2015,12,451.0,409.0,860.0,1.1026894865525672
광주광역시,2016,01,588.0,613.0,1201.0,0.9592169657422512
광주광역시,2016,02,504.0,485.0,989.0,1.0391752577319588
광주광역시,2016,03,555.0,508.0,1063.0,1.0925196850393701
광주광역시,2016,04,504.0,521.0,1025.0,0.9673704414587332
광주광역시,2016,05,492.0,483.0,975.0,1.0186335403726707
광주광역시,2016,06,454.0,438.0,892.0,1.0365296803652968
광주광역시,2016,07,481.0,471.0,952.0,1.0212314225053079
광주광역시,2016,08,466.0,467.0,933.0,0.9978586723768736
광주광역시,2016,09,503.0,448.0,951.0,1.1227678571428572
광주광역시,2016,10,464.0,472.0,936.0,0.9830508474576272
광주광역시,2016,11,439.0,425.0,864.0,1.0329411764705883
광주광역시,2016,12,418.0,381.0,799.0,1.0971128608923884
광주광역시,2017,01,550.0,473.0,1023.0,1.1627906976744187
광주광역시,2017,02,443.0,421.0,864.0,1.0522565320665083
광주광역시,2017,03,494.0,465.0,959.0,1.0623655913978494
광주광역시,2017,04,456.0,398.0,854.0,1.1457286432160805
광주광역시,2017,05,467.0,384.0,851.0,1.2161458333333333
광주광역시,2017,06,432.0,412.0,844.0,1.0485436893203883
광주광역시,2017,07,412.0,420.0,832.0,0.9809523809523809
광주광역시,2017,08,418.0,345.0,763.0,1.2115942028985507
광주광역시,2017,09,412.0,404.0,816.0,1.0198019801980198
광주광역시,2017,10,426.0,410.0,836.0,1.0390243902439025
광주광역시,2017,11,360.0,385.0,745.0,0.935064935064935
광주광역시,2017,12,396.0,337.0,733.0,1.175074183976261
광주광역시,2018,01,469.0,432.0,901.0,1.0856481481481481
광주광역시,2018,02,397.0,373.0,770.0,1.064343163538874
광주광역시,2018,03,453.0,416.0,869.0,1.0889423076923077
광주광역시,2018,04,422.0,386.0,808.0,1.0932642487046633
광주광역시,2018,05,426.0,375.0,801.0,1.136
광주광역시,2018,06,374.0,358.0,732.0,1.0446927374301676
광주광역시,2018,07,377.0,340.0,717.0,1.1088235294117648
광주광역시,2018,08,410.0,384.0,794.0,1.0677083333333333
광주광역시,2018,09,368.0,373.0,741.0,0.9865951742627346
광주광역시,2018,10,382.0,327.0,709.0,1.1681957186544343
광주광역시,2018,11,317.0,335.0,652.0,0.9462686567164179
광주광역시,2018,12,311.0,300.0,611.0,1.0366666666666666
광주광역시,2019,01,409.0,368.0,777.0,1.111413043478261
광주광역시,2019,02,343.0,361.0,704.0,0.9501385041551247
광주광역시,2019,03,377.0,338.0,715.0,1.1153846153846154
광주광역시,2019,04,377.0,346.0,723.0,1.0895953757225434
광주광역시,2019,05,334.0,373.0,707.0,0.8954423592493298
광주광역시,2019,06,346.0,340.0,686.0,1.0176470588235293
광주광역시,2019,07,352.0,372.0,724.0,0.946236559139785
광주광역시,2019,08,338.0,349.0,687.0,0.9684813753581661
광주광역시,2019,09,341.0,331.0,672.0,1.0302114803625377
광주광역시,2019,10,375.0,358.0,733.0,1.047486033519553
광주광역시,2019,11,325.0,343.0,668.0,0.9475218658892128
광주광역시,2019,12,291.0,277.0,568.0,1.0505415162454874
광주광역시,2020,01,344.0,350.0,694.0,0.9828571428571429
광주광역시,2020,02,307.0,303.0,610.0,1.0132013201320131
광주광역시,2020,03,319.0,343.0,662.0,0.9300291545189504
광주광역시,2020,04,309.0,304.0,613.0,1.0164473684210527
광주광역시,2020,05,315.0,288.0,603.0,1.09375
광주광역시,2020,06,264.0,319.0,583.0,0.8275862068965517
광주광역시,2020,07,313.0,294.0,607.0,1.064625850340136
광주광역시,2020,08,314.0,289.0,603.0,1.0865051903114187
광주광역시,2020,09,337.0,301.0,638.0,1.1196013289036544
광주광역시,2020,10,311.0,290.0,601.0,1.0724137931034483
광주광역시,2020,11,266.0,274.0,540.0,0.9708029197080292
광주광역시,2020,12,268.0,296.0,564.0,0.9054054054054054
광주광역시,2021,01,382.0,352.0,734.0,1.0852272727272727
광주광역시,2021,02,322.0,355.0,677.0,0.9070422535211268
광주광역시,2021,03,377.0,312.0,689.0,1.2083333333333333
광주광역시,2021,04,355.0,309.0,664.0,1.1488673139158576
광주광역시,2021,05,336.0,346.0,682.0,0.9710982658959537
광주광역시,2021,06,364.0,319.0,683.0,1.141065830721003
광주광역시,2021,07,331.0,379.0,710.0,0.8733509234828496
광주광역시,2021,08,350.0,321.0,671.0,1.0903426791277258
광주광역시,2021,09,358.0,349.0,707.0,1.0257879656160458
광주광역시,2021,10,295.0,309.0,604.0,0.9546925566343042
광주광역시,2021,11,343.0,318.0,661.0,1.078616352201258
광주광역시,2021,12,250.0,224.0,474.0,1.1160714285714286
광주광역시,2022,01,360.0,374.0,734.0,0.9625668449197861
광주광역시,2022,02,333.0,313.0,646.0,1.0638977635782747
광주광역시,2022,03,337.0,319.0,656.0,1.0564263322884013
광주광역시,2022,04,323.0,305.0,628.0,1.0590163934426229
광주광역시,2022,05,307.0,306.0,613.0,1.0032679738562091
광주광역시,2022,06,308.0,254.0,562.0,1.2125984251968505
광주광역시,2022,07,312.0,267.0,579.0,1.1685393258426966
광주광역시,2022,08,332.0,311.0,643.0,1.067524115755627
광주광역시,2022,09,357.0,324.0,681.0,1.1018518518518519
광주광역시,2022,10,327.0,305.0,632.0,1.0721311475409836
광주광역시,2022,11,299.0,265.0,564.0,1.1283018867924528
광주광역시,2022,12,256.0,252.0,508.0,1.0158730158730158
광주광역시,2023,01,320.0,307.0,627.0,1.0423452768729642
광주광역시,2023,02,297.0,291.0,588.0,1.0206185567010309
광주광역시,2023,03,316.0,257.0,573.0,1.2295719844357977
광주광역시,2023,04,242.0,247.0,489.0,0.979757085020243
광주광역시,2023,05,254.0,251.0,505.0,1.0119521912350598
광주광역시,2023,06,272.0,265.0,537.0,1.0264150943396226
광주광역시,2023,07,245.0,257.0,502.0,0.953307392996109
광주광역시,2023,08,230.0,234.0,464.0,0.9829059829059829
광주광역시,2023,09,256.0,233.0,489.0,1.0987124463519313
광주광역시,2023,10,253.0,241.0,494.0,1.049792531120332
광주광역시,2023,11,223.0,226.0,449.0,0.9867256637168141
광주광역시,2023,12,234.0,221.0,455.0,1.0588235294117647
광주광역시,2024,01,275.0,243.0,518.0,1.131687242798354
광주광역시,2024,02,290.0,273.0,563.0,1.0622710622710623
광주광역시,2024,03,247.0,266.0,513.0,0.9285714285714286
광주광역시,2024,04,230.0,230.0,460.0,1.0
광주광역시,2024,05,237.0,237.0,474.0,1.0
광주광역시,2024,06,237.0,226.0,463.0,1.0486725663716814
광주광역시,2024,07,290.0,274.0,564.0,1.0583941605839415
광주광역시,2024,08,255.0,267.0,522.0,0.9550561797752809
광주광역시,2024,09,247.0,235.0,482.0,1.0510638297872341
광주광역시,2024,10,263.0,274.0,537.0,0.9598540145985401
광주광역시,2024,11,241.0,250.0,491.0,0.964
광주광역시,2024,12,232.0,215.0,447.0,1.0790697674418606
대구광역시,1997,01,1764.0,1581.0,3345.0,1.1157495256166983
대구광역시,1997,02,1608.0,1386.0,2994.0,1.1601731601731602
대구광역시,1997,03,1815.0,1522.0,3337.0,1.1925098554533509
대구광역시,1997,04,1603.0,1422.0,3025.0,1.1272855133614628
대구광역시,1997,05,1501.0,1354.0,2855.0,1.1085672082717872
대구광역시,1997,06,1344.0,1261.0,2605.0,1.0658207771609833
대구광역시,1997,07,1374.0,1341.0,2715.0,1.0246085011185682
대구광역시,1997,08,1445.0,1360.0,2805.0,1.0625
대구광역시,1997,09,1549.0,1347.0,2896.0,1.1499628804751298
대구광역시,1997,10,1535.0,1420.0,2955.0,1.0809859154929577
대구광역시,1997,11,1481.0,1275.0,2756.0,1.1615686274509804
대구광역시,1997,12,1538.0,1393.0,2931.0,1.104091888011486
대구광역시,1998,01,1591.0,1379.0,2970.0,1.1537345902828136
대구광역시,1998,02,1563.0,1397.0,2960.0,1.1188260558339298
대구광역시,1998,03,1648.0,1442.0,3090.0,1.1428571428571428
대구광역시,1998,04,1507.0,1256.0,2763.0,1.1998407643312101
대구광역시,1998,05,1460.0,1184.0,2644.0,1.2331081081081081
대구광역시,1998,06,1357.0,1134.0,2491.0,1.1966490299823633
대구광역시,1998,07,1321.0,1157.0,2478.0,1.1417458945548833
대구광역시,1998,08,1369.0,1136.0,2505.0,1.205105633802817
대구광역시,1998,09,1406.0,1229.0,2635.0,1.144019528071603
대구광역시,1998,10,1389.0,1224.0,2613.0,1.1348039215686274
대구광역시,1998,11,1365.0,1166.0,2531.0,1.1706689536878216
대구광역시,1998,12,1347.0,1204.0,2551.0,1.1187707641196014
대구광역시,1999,01,1490.0,1345.0,2835.0,1.1078066914498141
대구광역시,1999,02,1427.0,1220.0,2647.0,1.169672131147541
대구광역시,1999,03,1519.0,1363.0,2882.0,1.1144534115920763
대구광역시,1999,04,1379.0,1212.0,2591.0,1.1377887788778878
대구광역시,1999,05,1337.0,1176.0,2513.0,1.1369047619047619
대구광역시,1999,06,1266.0,1121.0,2387.0,1.1293487957181088
대구광역시,1999,07,1278.0,1144.0,2422.0,1.117132867132867
대구광역시,1999,08,1322.0,1126.0,2448.0,1.1740674955595027
대구광역시,1999,09,1306.0,1258.0,2564.0,1.0381558028616853
대구광역시,1999,10,1391.0,1249.0,2640.0,1.1136909527622099
대구광역시,1999,11,1484.0,1212.0,2696.0,1.2244224422442245
대구광역시,1999,12,1421.0,1262.0,2683.0,1.1259904912836767
대구광역시,2000,01,1608.0,1449.0,3057.0,1.1097308488612836
대구광역시,2000,02,1444.0,1254.0,2698.0,1.1515151515151516
대구광역시,2000,03,1625.0,1432.0,3057.0,1.1347765363128492
대구광역시,2000,04,1454.0,1299.0,2753.0,1.1193225558121631
대구광역시,2000,05,1512.0,1273.0,2785.0,1.187745483110762
대구광역시,2000,06,1250.0,1071.0,2321.0,1.1671335200746966
대구광역시,2000,07,1310.0,1131.0,2441.0,1.158267020335986
대구광역시,2000,08,1379.0,1232.0,2611.0,1.1193181818181819
대구광역시,2000,09,1370.0,1214.0,2584.0,1.128500823723229
대구광역시,2000,10,1488.0,1326.0,2814.0,1.1221719457013575
대구광역시,2000,11,1384.0,1309.0,2693.0,1.0572956455309397
대구광역시,2000,12,1426.0,1237.0,2663.0,1.1527890056588521
대구광역시,2001,01,1492.0,1357.0,2849.0,1.0994841562269713
대구광역시,2001,02,1232.0,1153.0,2385.0,1.0685169124024285
대구광역시,2001,03,1481.0,1279.0,2760.0,1.1579358874120407
대구광역시,2001,04,1290.0,1123.0,2413.0,1.1487088156723064
대구광역시,2001,05,1226.0,1161.0,2387.0,1.0559862187769165
대구광역시,2001,06,1083.0,1011.0,2094.0,1.0712166172106825
대구광역시,2001,07,1145.0,1006.0,2151.0,1.1381709741550696
대구광역시,2001,08,1204.0,1044.0,2248.0,1.1532567049808429
대구광역시,2001,09,1221.0,1078.0,2299.0,1.1326530612244898
대구광역시,2001,10,1164.0,1095.0,2259.0,1.063013698630137
대구광역시,2001,11,1186.0,987.0,2173.0,1.2016210739614994
대구광역시,2001,12,1075.0,1018.0,2093.0,1.0559921414538311
대구광역시,2002,01,1269.0,1092.0,2361.0,1.1620879120879122
대구광역시,2002,02,1155.0,946.0,2101.0,1.2209302325581395
대구광역시,2002,03,1259.0,1078.0,2337.0,1.1679035250463823
대구광역시,2002,04,1115.0,1007.0,2122.0,1.1072492552135054
대구광역시,2002,05,1117.0,952.0,2069.0,1.1733193277310925
대구광역시,2002,06,907.0,872.0,1779.0,1.040137614678899
대구광역시,2002,07,1094.0,927.0,2021.0,1.180151024811219
대구광역시,2002,08,1050.0,900.0,1950.0,1.1666666666666667
대구광역시,2002,09,1014.0,900.0,1914.0,1.1266666666666667
대구광역시,2002,10,1010.0,936.0,1946.0,1.079059829059829
대구광역시,2002,11,995.0,887.0,1882.0,1.121758737316798
대구광역시,2002,12,987.0,791.0,1778.0,1.247787610619469
대구광역시,2003,01,1165.0,990.0,2155.0,1.1767676767676767
대구광역시,2003,02,1093.0,981.0,2074.0,1.1141692150866462
대구광역시,2003,03,1192.0,1102.0,2294.0,1.0816696914700545
대구광역시,2003,04,1123.0,1035.0,2158.0,1.085024154589372
대구광역시,2003,05,1083.0,968.0,2051.0,1.118801652892562
대구광역시,2003,06,961.0,817.0,1778.0,1.1762545899632804
대구광역시,2003,07,1014.0,837.0,1851.0,1.2114695340501793
대구광역시,2003,08,1027.0,898.0,1925.0,1.143652561247216
대구광역시,2003,09,1115.0,999.0,2114.0,1.1161161161161162
대구광역시,2003,10,1171.0,1038.0,2209.0,1.128131021194605
대구광역시,2003,11,1064.0,954.0,2018.0,1.1153039832285114
대구광역시,2003,12,962.0,924.0,1886.0,1.0411255411255411
대구광역시,2004,01,1146.0,1031.0,2177.0,1.1115421920465567
대구광역시,2004,02,1038.0,975.0,2013.0,1.0646153846153845
대구광역시,2004,03,1240.0,1071.0,2311.0,1.157796451914099
대구광역시,2004,04,1040.0,952.0,1992.0,1.0924369747899159
대구광역시,2004,05,1040.0,878.0,1918.0,1.184510250569476
대구광역시,2004,06,888.0,777.0,1665.0,1.1428571428571428
대구광역시,2004,07,948.0,880.0,1828.0,1.0772727272727274
대구광역시,2004,08,1035.0,917.0,1952.0,1.128680479825518
대구광역시,2004,09,991.0,889.0,1880.0,1.1147356580427445
대구광역시,2004,10,1026.0,1007.0,2033.0,1.0188679245283019
대구광역시,2004,11,945.0,887.0,1832.0,1.0653889515219843
대구광역시,2004,12,864.0,794.0,1658.0,1.0881612090680102
대구광역시,2005,01,994.0,863.0,1857.0,1.1517960602549246
대구광역시,2005,02,844.0,853.0,1697.0,0.9894490035169988
대구광역시,2005,03,1076.0,924.0,2000.0,1.1645021645021645
대구광역시,2005,04,956.0,857.0,1813.0,1.1155192532088682
대구광역시,2005,05,912.0,783.0,1695.0,1.1647509578544062
대구광역시,2005,06,806.0,771.0,1577.0,1.045395590142672
대구광역시,2005,07,886.0,774.0,1660.0,1.144702842377261
대구광역시,2005,08,925.0,801.0,1726.0,1.1548064918851435
대구광역시,2005,09,905.0,877.0,1782.0,1.031927023945268
대구광역시,2005,10,910.0,855.0,1765.0,1.064327485380117
대구광역시,2005,11,887.0,797.0,1684.0,1.1129234629861982
대구광역시,2005,12,827.0,721.0,1548.0,1.147018030513176
대구광역시,2006,01,955.0,877.0,1832.0,1.088939566704675
대구광역시,2006,02,814.0,836.0,1650.0,0.9736842105263158
대구광역시,2006,03,1045.0,902.0,1947.0,1.1585365853658536
대구광역시,2006,04,924.0,793.0,1717.0,1.1651954602774275
대구광역시,2006,05,903.0,794.0,1697.0,1.13727959697733
대구광역시,2006,06,832.0,744.0,1576.0,1.118279569892473
대구광역시,2006,07,807.0,740.0,1547.0,1.0905405405405406
대구광역시,2006,08,889.0,837.0,1726.0,1.0621266427718041
대구광역시,2006,09,923.0,846.0,1769.0,1.091016548463357
대구광역시,2006,10,925.0,831.0,1756.0,1.1131167268351383
대구광역시,2006,11,846.0,812.0,1658.0,1.041871921182266
대구광역시,2006,12,772.0,713.0,1485.0,1.082748948106592
대구광역시,2007,01,991.0,875.0,1866.0,1.1325714285714286
대구광역시,2007,02,951.0,829.0,1780.0,1.1471652593486128
대구광역시,2007,03,929.0,1012.0,1941.0,0.9179841897233202
대구광역시,2007,04,948.0,862.0,1810.0,1.099767981438515
대구광역시,2007,05,932.0,885.0,1817.0,1.0531073446327683
대구광역시,2007,06,887.0,813.0,1700.0,1.0910209102091022
대구광역시,2007,07,871.0,857.0,1728.0,1.0163360560093349
대구광역시,2007,08,1022.0,1025.0,2047.0,0.9970731707317073
대구광역시,2007,09,1061.0,970.0,2031.0,1.0938144329896908
대구광역시,2007,10,1051.0,944.0,1995.0,1.1133474576271187
대구광역시,2007,11,976.0,900.0,1876.0,1.0844444444444445
대구광역시,2007,12,852.0,852.0,1704.0,1.0
대구광역시,2008,01,1070.0,1005.0,2075.0,1.064676616915423
대구광역시,2008,02,902.0,863.0,1765.0,1.045191193511008
대구광역시,2008,03,928.0,876.0,1804.0,1.0593607305936072
대구광역시,2008,04,942.0,857.0,1799.0,1.0991831971995332
대구광역시,2008,05,871.0,786.0,1657.0,1.1081424936386768
대구광역시,2008,06,829.0,734.0,1563.0,1.1294277929155314
대구광역시,2008,07,887.0,795.0,1682.0,1.1157232704402515
대구광역시,2008,08,877.0,751.0,1628.0,1.1677762982689748
대구광역시,2008,09,899.0,819.0,1718.0,1.0976800976800978
대구광역시,2008,10,935.0,859.0,1794.0,1.0884749708963912
대구광역시,2008,11,806.0,754.0,1560.0,1.0689655172413792
대구광역시,2008,12,769.0,748.0,1517.0,1.0280748663101604
대구광역시,2009,01,982.0,900.0,1882.0,1.0911111111111111
대구광역시,2009,02,854.0,717.0,1571.0,1.191073919107392
대구광역시,2009,03,852.0,845.0,1697.0,1.008284023668639
대구광역시,2009,04,884.0,784.0,1668.0,1.1275510204081634
대구광역시,2009,05,785.0,752.0,1537.0,1.0438829787234043
대구광역시,2009,06,794.0,751.0,1545.0,1.0572569906790945
대구광역시,2009,07,874.0,723.0,1597.0,1.2088520055325034
대구광역시,2009,08,823.0,747.0,1570.0,1.1017402945113788
대구광역시,2009,09,881.0,812.0,1693.0,1.0849753694581281
대구광역시,2009,10,934.0,766.0,1700.0,1.2193211488250653
대구광역시,2009,11,770.0,752.0,1522.0,1.023936170212766
대구광역시,2009,12,726.0,691.0,1417.0,1.0506512301013025
대구광역시,2010,01,953.0,842.0,1795.0,1.131828978622328
대구광역시,2010,02,819.0,787.0,1606.0,1.0406607369758576
대구광역시,2010,03,941.0,878.0,1819.0,1.071753986332574
대구광역시,2010,04,841.0,791.0,1632.0,1.0632111251580278
대구광역시,2010,05,951.0,812.0,1763.0,1.1711822660098523
대구광역시,2010,06,800.0,757.0,1557.0,1.0568031704095113
대구광역시,2010,07,865.0,816.0,1681.0,1.0600490196078431
대구광역시,2010,08,853.0,821.0,1674.0,1.0389768574908649
대구광역시,2010,09,968.0,881.0,1849.0,1.0987514188422247
대구광역시,2010,10,1030.0,924.0,1954.0,1.1147186147186148
대구광역시,2010,11,935.0,844.0,1779.0,1.1078199052132702
대구광역시,2010,12,747.0,701.0,1448.0,1.065620542082739
대구광역시,2011,01,1059.0,999.0,2058.0,1.06006006006006
대구광역시,2011,02,848.0,856.0,1704.0,0.9906542056074766
대구광역시,2011,03,945.0,933.0,1878.0,1.0128617363344052
대구광역시,2011,04,960.0,879.0,1839.0,1.0921501706484642
대구광역시,2011,05,879.0,786.0,1665.0,1.118320610687023
대구광역시,2011,06,807.0,754.0,1561.0,1.070291777188329
대구광역시,2011,07,850.0,776.0,1626.0,1.0953608247422681
대구광역시,2011,08,907.0,826.0,1733.0,1.0980629539951574
대구광역시,2011,09,936.0,849.0,1785.0,1.1024734982332156
대구광역시,2011,10,887.0,834.0,1721.0,1.0635491606714629
대구광역시,2011,11,851.0,821.0,1672.0,1.0365408038976858
대구광역시,2011,12,750.0,766.0,1516.0,0.97911227154047
대구광역시,2012,01,986.0,936.0,1922.0,1.0534188034188035
대구광역시,2012,02,914.0,896.0,1810.0,1.0200892857142858
대구광역시,2012,03,974.0,899.0,1873.0,1.0834260289210234
대구광역시,2012,04,937.0,937.0,1874.0,1.0
대구광역시,2012,05,868.0,885.0,1753.0,0.9807909604519774
대구광역시,2012,06,913.0,841.0,1754.0,1.0856123662306778
대구광역시,2012,07,910.0,845.0,1755.0,1.0769230769230769
대구광역시,2012,08,969.0,902.0,1871.0,1.0742793791574279
대구광역시,2012,09,963.0,897.0,1860.0,1.0735785953177257
대구광역시,2012,10,956.0,900.0,1856.0,1.0622222222222222
대구광역시,2012,11,879.0,852.0,1731.0,1.0316901408450705
대구광역시,2012,12,718.0,695.0,1413.0,1.033093525179856
대구광역시,2013,01,1037.0,934.0,1971.0,1.1102783725910064
대구광역시,2013,02,850.0,814.0,1664.0,1.0442260442260443
대구광역시,2013,03,823.0,856.0,1679.0,0.9614485981308412
대구광역시,2013,04,830.0,864.0,1694.0,0.9606481481481481
대구광역시,2013,05,855.0,756.0,1611.0,1.130952380952381
대구광역시,2013,06,740.0,685.0,1425.0,1.0802919708029197
대구광역시,2013,07,862.0,790.0,1652.0,1.0911392405063292
대구광역시,2013,08,813.0,777.0,1590.0,1.0463320463320462
대구광역시,2013,09,800.0,793.0,1593.0,1.008827238335435
대구광역시,2013,10,830.0,847.0,1677.0,0.9799291617473436
대구광역시,2013,11,698.0,689.0,1387.0,1.0130624092888243
대구광역시,2013,12,686.0,711.0,1397.0,0.9648382559774965
대구광역시,2014,01,921.0,884.0,1805.0,1.0418552036199096
대구광역시,2014,02,846.0,799.0,1645.0,1.0588235294117647
대구광역시,2014,03,840.0,801.0,1641.0,1.048689138576779
대구광역시,2014,04,838.0,817.0,1655.0,1.025703794369645
대구광역시,2014,05,834.0,794.0,1628.0,1.0503778337531486
대구광역시,2014,06,825.0,746.0,1571.0,1.1058981233243967
대구광역시,2014,07,824.0,821.0,1645.0,1.0036540803897687
대구광역시,2014,08,811.0,709.0,1520.0,1.1438645980253879
대구광역시,2014,09,850.0,865.0,1715.0,0.9826589595375722
대구광역시,2014,10,850.0,788.0,1638.0,1.0786802030456852
대구광역시,2014,11,744.0,708.0,1452.0,1.0508474576271187
대구광역시,2014,12,710.0,736.0,1446.0,0.9646739130434783
대구광역시,2015,01,957.0,910.0,1867.0,1.0516483516483517
대구광역시,2015,02,813.0,734.0,1547.0,1.1076294277929155
대구광역시,2015,03,954.0,922.0,1876.0,1.03470715835141
대구광역시,2015,04,835.0,819.0,1654.0,1.0195360195360195
대구광역시,2015,05,850.0,789.0,1639.0,1.0773130544993663
대구광역시,2015,06,807.0,726.0,1533.0,1.1115702479338843
대구광역시,2015,07,859.0,798.0,1657.0,1.0764411027568923
대구광역시,2015,08,828.0,738.0,1566.0,1.1219512195121952
대구광역시,2015,09,851.0,764.0,1615.0,1.1138743455497382
대구광역시,2015,10,798.0,745.0,1543.0,1.0711409395973155
대구광역시,2015,11,801.0,715.0,1516.0,1.1202797202797203
대구광역시,2015,12,688.0,737.0,1425.0,0.9335142469470827
대구광역시,2016,01,894.0,905.0,1799.0,0.9878453038674033
대구광역시,2016,02,799.0,748.0,1547.0,1.0681818181818181
대구광역시,2016,03,853.0,820.0,1673.0,1.0402439024390244
대구광역시,2016,04,810.0,790.0,1600.0,1.0253164556962024
대구광역시,2016,05,794.0,777.0,1571.0,1.021879021879022
대구광역시,2016,06,761.0,732.0,1493.0,1.039617486338798
대구광역시,2016,07,732.0,707.0,1439.0,1.0353606789250354
대구광역시,2016,08,826.0,766.0,1592.0,1.0783289817232375
대구광역시,2016,09,809.0,791.0,1600.0,1.02275600505689
대구광역시,2016,10,737.0,652.0,1389.0,1.1303680981595092
대구광역시,2016,11,699.0,671.0,1370.0,1.0417287630402385
대구광역시,2016,12,597.0,628.0,1225.0,0.9506369426751592
대구광역시,2017,01,804.0,738.0,1542.0,1.089430894308943
대구광역시,2017,02,714.0,662.0,1376.0,1.0785498489425982
대구광역시,2017,03,781.0,725.0,1506.0,1.0772413793103448
대구광역시,2017,04,691.0,657.0,1348.0,1.051750380517504
대구광역시,2017,05,726.0,701.0,1427.0,1.035663338088445
대구광역시,2017,06,652.0,686.0,1338.0,0.9504373177842566
대구광역시,2017,07,660.0,592.0,1252.0,1.114864864864865
대구광역시,2017,08,685.0,627.0,1312.0,1.0925039872408293
대구광역시,2017,09,692.0,582.0,1274.0,1.1890034364261168
대구광역시,2017,10,664.0,587.0,1251.0,1.131175468483816
대구광역시,2017,11,607.0,603.0,1210.0,1.0066334991708126
대구광역시,2017,12,587.0,523.0,1110.0,1.1223709369024857
대구광역시,2018,01,655.0,757.0,1412.0,0.8652575957727873
대구광역시,2018,02,664.0,581.0,1245.0,1.1428571428571428
대구광역시,2018,03,669.0,663.0,1332.0,1.009049773755656
대구광역시,2018,04,652.0,602.0,1254.0,1.0830564784053156
대구광역시,2018,05,618.0,649.0,1267.0,0.9522342064714946
대구광역시,2018,06,589.0,599.0,1188.0,0.9833055091819699
대구광역시,2018,07,599.0,576.0,1175.0,1.0399305555555556
대구광역시,2018,08,614.0,582.0,1196.0,1.0549828178694158
대구광역시,2018,09,574.0,537.0,1111.0,1.0689013035381751
대구광역시,2018,10,587.0,564.0,1151.0,1.0407801418439717
대구광역시,2018,11,543.0,524.0,1067.0,1.036259541984733
대구광역시,2018,12,525.0,477.0,1002.0,1.10062893081761
대구광역시,2019,01,665.0,588.0,1253.0,1.130952380952381
대구광역시,2019,02,587.0,544.0,1131.0,1.0790441176470589
대구광역시,2019,03,638.0,586.0,1224.0,1.0887372013651877
대구광역시,2019,04,566.0,539.0,1105.0,1.0500927643784788
대구광역시,2019,05,547.0,553.0,1100.0,0.9891500904159132
대구광역시,2019,06,537.0,500.0,1037.0,1.074
대구광역시,2019,07,569.0,494.0,1063.0,1.1518218623481782
대구광역시,2019,08,568.0,490.0,1058.0,1.1591836734693877
대구광역시,2019,09,556.0,514.0,1070.0,1.0817120622568093
대구광역시,2019,10,600.0,550.0,1150.0,1.0909090909090908
대구광역시,2019,11,585.0,515.0,1100.0,1.1359223300970873
대구광역시,2019,12,488.0,454.0,942.0,1.0748898678414096
대구광역시,2020,01,569.0,529.0,1098.0,1.0756143667296787
대구광역시,2020,02,487.0,486.0,973.0,1.0020576131687242
대구광역시,2020,03,487.0,494.0,981.0,0.9858299595141701
대구광역시,2020,04,487.0,505.0,992.0,0.9643564356435643
대구광역시,2020,05,513.0,430.0,943.0,1.1930232558139535
대구광역시,2020,06,486.0,460.0,946.0,1.0565217391304347
대구광역시,2020,07,523.0,482.0,1005.0,1.0850622406639003
대구광역시,2020,08,478.0,427.0,905.0,1.1194379391100702
대구광역시,2020,09,498.0,459.0,957.0,1.0849673202614378
대구광역시,2020,10,460.0,441.0,901.0,1.0430839002267573
대구광역시,2020,11,382.0,389.0,771.0,0.9820051413881749
대구광역시,2020,12,364.0,357.0,721.0,1.0196078431372548
대구광역시,2021,01,513.0,488.0,1001.0,1.0512295081967213
대구광역시,2021,02,476.0,381.0,857.0,1.2493438320209973
대구광역시,2021,03,491.0,451.0,942.0,1.0886917960088691
대구광역시,2021,04,463.0,443.0,906.0,1.0451467268623025
대구광역시,2021,05,488.0,456.0,944.0,1.0701754385964912
대구광역시,2021,06,421.0,459.0,880.0,0.9172113289760349
대구광역시,2021,07,483.0,438.0,921.0,1.1027397260273972
대구광역시,2021,08,525.0,425.0,950.0,1.2352941176470589
대구광역시,2021,09,441.0,452.0,893.0,0.9756637168141593
대구광역시,2021,10,470.0,420.0,890.0,1.119047619047619
대구광역시,2021,11,411.0,381.0,792.0,1.078740157480315
대구광역시,2021,12,363.0,322.0,685.0,1.1273291925465838
대구광역시,2022,01,515.0,493.0,1008.0,1.0446247464503042
대구광역시,2022,02,407.0,390.0,797.0,1.0435897435897437
대구광역시,2022,03,486.0,498.0,984.0,0.9759036144578314
대구광역시,2022,04,435.0,437.0,872.0,0.9954233409610984
대구광역시,2022,05,473.0,403.0,876.0,1.173697270471464
대구광역시,2022,06,374.0,373.0,747.0,1.002680965147453
대구광역시,2022,07,410.0,410.0,820.0,1.0
대구광역시,2022,08,438.0,416.0,854.0,1.0528846153846154
대구광역시,2022,09,447.0,416.0,863.0,1.0745192307692308
대구광역시,2022,10,428.0,420.0,848.0,1.019047619047619
대구광역시,2022,11,406.0,396.0,802.0,1.0252525252525253
대구광역시,2022,12,334.0,329.0,663.0,1.0151975683890577
대구광역시,2023,01,459.0,456.0,915.0,1.006578947368421
대구광역시,2023,02,416.0,388.0,804.0,1.0721649484536082
대구광역시,2023,03,447.0,463.0,910.0,0.9654427645788337
대구광역시,2023,04,384.0,343.0,727.0,1.119533527696793
대구광역시,2023,05,327.0,371.0,698.0,0.8814016172506739
대구광역시,2023,06,437.0,396.0,833.0,1.1035353535353536
대구광역시,2023,07,420.0,372.0,792.0,1.1290322580645162
대구광역시,2023,08,421.0,385.0,806.0,1.0935064935064935
대구광역시,2023,09,390.0,386.0,776.0,1.0103626943005182
대구광역시,2023,10,389.0,391.0,780.0,0.9948849104859335
대구광역시,2023,11,359.0,329.0,688.0,1.0911854103343466
대구광역시,2023,12,370.0,311.0,681.0,1.189710610932476
대구광역시,2024,01,460.0,450.0,910.0,1.0222222222222221
대구광역시,2024,02,432.0,364.0,796.0,1.1868131868131868
대구광역시,2024,03,427.0,409.0,836.0,1.0440097799511003
대구광역시,2024,04,415.0,388.0,803.0,1.0695876288659794
대구광역시,2024,05,387.0,403.0,790.0,0.9602977667493796
대구광역시,2024,06,391.0,379.0,770.0,1.0316622691292876
대구광역시,2024,07,451.0,389.0,840.0,1.1593830334190232
대구광역시,2024,08,440.0,408.0,848.0,1.0784313725490196
대구광역시,2024,09,461.0,438.0,899.0,1.052511415525114
대구광역시,2024,10,444.0,474.0,918.0,0.9367088607594937
대구광역시,2024,11,444.0,423.0,867.0,1.049645390070922
대구광역시,2024,12,416.0,410.0,826.0,1.0146341463414634
대전광역시,1997,01,1055.0,948.0,2003.0,1.1128691983122363
대전광역시,1997,02,927.0,942.0,1869.0,0.9840764331210191
대전광역시,1997,03,947.0,947.0,1894.0,1.0
대전광역시,1997,04,852.0,814.0,1666.0,1.0466830466830468
대전광역시,1997,05,893.0,872.0,1765.0,1.0240825688073394
대전광역시,1997,06,804.0,721.0,1525.0,1.115117891816921
대전광역시,1997,07,878.0,781.0,1659.0,1.1241997439180538
대전광역시,1997,08,816.0,783.0,1599.0,1.0421455938697317
대전광역시,1997,09,811.0,838.0,1649.0,0.9677804295942721
대전광역시,1997,10,876.0,812.0,1688.0,1.0788177339901477
대전광역시,1997,11,868.0,782.0,1650.0,1.1099744245524297
대전광역시,1997,12,822.0,691.0,1513.0,1.1895803183791607
대전광역시,1998,01,924.0,820.0,1744.0,1.1268292682926828
대전광역시,1998,02,837.0,734.0,1571.0,1.1403269754768393
대전광역시,1998,03,966.0,871.0,1837.0,1.1090700344431688
대전광역시,1998,04,875.0,791.0,1666.0,1.1061946902654867
대전광역시,1998,05,786.0,789.0,1575.0,0.9961977186311787
대전광역시,1998,06,816.0,704.0,1520.0,1.1590909090909092
대전광역시,1998,07,826.0,737.0,1563.0,1.1207598371777476
대전광역시,1998,08,769.0,732.0,1501.0,1.0505464480874316
대전광역시,1998,09,851.0,761.0,1612.0,1.1182654402102497
대전광역시,1998,10,850.0,792.0,1642.0,1.0732323232323233
대전광역시,1998,11,797.0,698.0,1495.0,1.1418338108882522
대전광역시,1998,12,818.0,750.0,1568.0,1.0906666666666667
대전광역시,1999,01,999.0,891.0,1890.0,1.121212121212121
대전광역시,1999,02,804.0,772.0,1576.0,1.0414507772020725
대전광역시,1999,03,840.0,815.0,1655.0,1.030674846625767
대전광역시,1999,04,833.0,738.0,1571.0,1.1287262872628727
대전광역시,1999,05,781.0,775.0,1556.0,1.007741935483871
대전광역시,1999,06,795.0,712.0,1507.0,1.1165730337078652
대전광역시,1999,07,819.0,676.0,1495.0,1.2115384615384615
대전광역시,1999,08,764.0,667.0,1431.0,1.1454272863568216
대전광역시,1999,09,797.0,743.0,1540.0,1.072678331090175
대전광역시,1999,10,769.0,793.0,1562.0,0.969735182849937
대전광역시,1999,11,763.0,710.0,1473.0,1.0746478873239436
대전광역시,1999,12,792.0,681.0,1473.0,1.1629955947136563
대전광역시,2000,01,973.0,886.0,1859.0,1.0981941309255079
대전광역시,2000,02,924.0,828.0,1752.0,1.1159420289855073
대전광역시,2000,03,977.0,858.0,1835.0,1.1386946386946386
대전광역시,2000,04,854.0,836.0,1690.0,1.0215311004784688
대전광역시,2000,05,862.0,737.0,1599.0,1.169606512890095
대전광역시,2000,06,708.0,701.0,1409.0,1.0099857346647647
대전광역시,2000,07,765.0,686.0,1451.0,1.1151603498542273
대전광역시,2000,08,774.0,777.0,1551.0,0.9961389961389961
대전광역시,2000,09,830.0,789.0,1619.0,1.0519645120405576
대전광역시,2000,10,847.0,818.0,1665.0,1.0354523227383863
대전광역시,2000,11,827.0,746.0,1573.0,1.1085790884718498
대전광역시,2000,12,781.0,786.0,1567.0,0.9936386768447837
대전광역시,2001,01,938.0,858.0,1796.0,1.0932400932400932
대전광역시,2001,02,793.0,744.0,1537.0,1.0658602150537635
대전광역시,2001,03,882.0,845.0,1727.0,1.0437869822485206
대전광역시,2001,04,758.0,751.0,1509.0,1.0093209054593875
대전광역시,2001,05,755.0,675.0,1430.0,1.1185185185185185
대전광역시,2001,06,653.0,562.0,1215.0,1.1619217081850535
대전광역시,2001,07,697.0,641.0,1338.0,1.0873634945397816
대전광역시,2001,08,700.0,653.0,1353.0,1.0719754977029097
대전광역시,2001,09,731.0,687.0,1418.0,1.0640465793304221
대전광역시,2001,10,696.0,645.0,1341.0,1.0790697674418606
대전광역시,2001,11,721.0,628.0,1349.0,1.1480891719745223
대전광역시,2001,12,660.0,617.0,1277.0,1.0696920583468394
대전광역시,2002,01,843.0,695.0,1538.0,1.2129496402877697
대전광역시,2002,02,692.0,659.0,1351.0,1.0500758725341426
대전광역시,2002,03,790.0,686.0,1476.0,1.151603498542274
대전광역시,2002,04,792.0,574.0,1366.0,1.3797909407665505
대전광역시,2002,05,689.0,610.0,1299.0,1.1295081967213114
대전광역시,2002,06,651.0,535.0,1186.0,1.216822429906542
대전광역시,2002,07,657.0,612.0,1269.0,1.0735294117647058
대전광역시,2002,08,657.0,612.0,1269.0,1.0735294117647058
대전광역시,2002,09,625.0,625.0,1250.0,1.0
대전광역시,2002,10,675.0,609.0,1284.0,1.1083743842364533
대전광역시,2002,11,604.0,590.0,1194.0,1.023728813559322
대전광역시,2002,12,613.0,536.0,1149.0,1.1436567164179106
대전광역시,2003,01,783.0,675.0,1458.0,1.16
대전광역시,2003,02,719.0,607.0,1326.0,1.1845140032948929
대전광역시,2003,03,759.0,753.0,1512.0,1.0079681274900398
대전광역시,2003,04,683.0,675.0,1358.0,1.0118518518518518
대전광역시,2003,05,616.0,636.0,1252.0,0.9685534591194969
대전광역시,2003,06,651.0,559.0,1210.0,1.1645796064400715
대전광역시,2003,07,628.0,551.0,1179.0,1.1397459165154264
대전광역시,2003,08,623.0,561.0,1184.0,1.1105169340463459
대전광역시,2003,09,676.0,640.0,1316.0,1.05625
대전광역시,2003,10,680.0,677.0,1357.0,1.0044313146233383
대전광역시,2003,11,688.0,647.0,1335.0,1.063369397217929
대전광역시,2003,12,637.0,588.0,1225.0,1.0833333333333333
대전광역시,2004,01,803.0,686.0,1489.0,1.1705539358600583
대전광역시,2004,02,666.0,646.0,1312.0,1.0309597523219813
대전광역시,2004,03,740.0,673.0,1413.0,1.099554234769688
대전광역시,2004,04,654.0,579.0,1233.0,1.1295336787564767
대전광역시,2004,05,641.0,560.0,1201.0,1.144642857142857
대전광역시,2004,06,566.0,603.0,1169.0,0.9386401326699834
대전광역시,2004,07,609.0,553.0,1162.0,1.1012658227848102
대전광역시,2004,08,644.0,597.0,1241.0,1.0787269681742044
대전광역시,2004,09,655.0,553.0,1208.0,1.1844484629294756
대전광역시,2004,10,687.0,663.0,1350.0,1.0361990950226245
대전광역시,2004,11,656.0,538.0,1194.0,1.2193308550185873
대전광역시,2004,12,521.0,531.0,1052.0,0.9811676082862524
대전광역시,2005,01,779.0,689.0,1468.0,1.1306240928882438
대전광역시,2005,02,553.0,546.0,1099.0,1.0128205128205128
대전광역시,2005,03,702.0,632.0,1334.0,1.110759493670886
대전광역시,2005,04,548.0,556.0,1104.0,0.9856115107913669
대전광역시,2005,05,610.0,554.0,1164.0,1.1010830324909748
대전광역시,2005,06,592.0,504.0,1096.0,1.1746031746031746
대전광역시,2005,07,585.0,525.0,1110.0,1.1142857142857143
대전광역시,2005,08,598.0,534.0,1132.0,1.1198501872659177
대전광역시,2005,09,591.0,554.0,1145.0,1.0667870036101084
대전광역시,2005,10,617.0,546.0,1163.0,1.13003663003663
대전광역시,2005,11,559.0,544.0,1103.0,1.0275735294117647
대전광역시,2005,12,492.0,540.0,1032.0,0.9111111111111111
대전광역시,2006,01,717.0,632.0,1349.0,1.134493670886076
대전광역시,2006,02,600.0,555.0,1155.0,1.0810810810810811
대전광역시,2006,03,741.0,650.0,1391.0,1.14
대전광역시,2006,04,602.0,595.0,1197.0,1.011764705882353
대전광역시,2006,05,624.0,554.0,1178.0,1.1263537906137184
대전광역시,2006,06,611.0,548.0,1159.0,1.114963503649635
대전광역시,2006,07,592.0,529.0,1121.0,1.1190926275992439
대전광역시,2006,08,612.0,579.0,1191.0,1.0569948186528497
대전광역시,2006,09,653.0,579.0,1232.0,1.1278065630397236
대전광역시,2006,10,631.0,583.0,1214.0,1.0823327615780447
대전광역시,2006,11,648.0,545.0,1193.0,1.1889908256880735
대전광역시,2006,12,560.0,549.0,1109.0,1.0200364298724955
대전광역시,2007,01,715.0,680.0,1395.0,1.0514705882352942
대전광역시,2007,02,640.0,609.0,1249.0,1.0509031198686372
대전광역시,2007,03,697.0,715.0,1412.0,0.9748251748251748
대전광역시,2007,04,671.0,658.0,1329.0,1.0197568389057752
대전광역시,2007,05,648.0,586.0,1234.0,1.10580204778157
대전광역시,2007,06,614.0,588.0,1202.0,1.0442176870748299
대전광역시,2007,07,637.0,607.0,1244.0,1.0494233937397035
대전광역시,2007,08,702.0,707.0,1409.0,0.9929278642149929
대전광역시,2007,09,717.0,651.0,1368.0,1.1013824884792627
대전광역시,2007,10,771.0,722.0,1493.0,1.0678670360110802
대전광역시,2007,11,677.0,672.0,1349.0,1.0074404761904763
대전광역시,2007,12,564.0,532.0,1096.0,1.0601503759398496
대전광역시,2008,01,803.0,759.0,1562.0,1.0579710144927537
대전광역시,2008,02,633.0,593.0,1226.0,1.0674536256323777
대전광역시,2008,03,628.0,627.0,1255.0,1.0015948963317385
대전광역시,2008,04,626.0,627.0,1253.0,0.9984051036682615
대전광역시,2008,05,626.0,607.0,1233.0,1.031301482701812
대전광역시,2008,06,581.0,556.0,1137.0,1.0449640287769784
대전광역시,2008,07,609.0,552.0,1161.0,1.1032608695652173
대전광역시,2008,08,673.0,595.0,1268.0,1.13109243697479
대전광역시,2008,09,668.0,650.0,1318.0,1.0276923076923077
대전광역시,2008,10,668.0,580.0,1248.0,1.1517241379310346
대전광역시,2008,11,629.0,551.0,1180.0,1.1415607985480944
대전광역시,2008,12,529.0,486.0,1015.0,1.0884773662551441
대전광역시,2009,01,761.0,680.0,1441.0,1.1191176470588236
대전광역시,2009,02,597.0,549.0,1146.0,1.0874316939890711
대전광역시,2009,03,689.0,571.0,1260.0,1.2066549912434326
대전광역시,2009,04,574.0,549.0,1123.0,1.0455373406193078
대전광역시,2009,05,547.0,535.0,1082.0,1.0224299065420561
대전광역시,2009,06,514.0,525.0,1039.0,0.979047619047619
대전광역시,2009,07,585.0,564.0,1149.0,1.0372340425531914
대전광역시,2009,08,581.0,584.0,1165.0,0.9948630136986302
대전광역시,2009,09,666.0,599.0,1265.0,1.1118530884808013
대전광역시,2009,10,605.0,558.0,1163.0,1.0842293906810037
대전광역시,2009,11,558.0,515.0,1073.0,1.083495145631068
대전광역시,2009,12,520.0,489.0,1009.0,1.0633946830265848
대전광역시,2010,01,675.0,637.0,1312.0,1.0596546310832025
대전광역시,2010,02,594.0,584.0,1178.0,1.0171232876712328
대전광역시,2010,03,604.0,610.0,1214.0,0.9901639344262295
대전광역시,2010,04,615.0,587.0,1202.0,1.0477001703577513
대전광역시,2010,05,574.0,525.0,1099.0,1.0933333333333333
대전광역시,2010,06,557.0,525.0,1082.0,1.0609523809523809
대전광역시,2010,07,593.0,539.0,1132.0,1.1001855287569573
대전광역시,2010,08,627.0,566.0,1193.0,1.107773851590106
대전광역시,2010,09,683.0,617.0,1300.0,1.106969205834684
대전광역시,2010,10,652.0,629.0,1281.0,1.0365659777424483
대전광역시,2010,11,679.0,612.0,1291.0,1.1094771241830066
대전광역시,2010,12,534.0,496.0,1030.0,1.0766129032258065
대전광역시,2011,01,747.0,709.0,1456.0,1.0535966149506346
대전광역시,2011,02,652.0,568.0,1220.0,1.147887323943662
대전광역시,2011,03,701.0,686.0,1387.0,1.021865889212828
대전광역시,2011,04,643.0,619.0,1262.0,1.0387722132471728
대전광역시,2011,05,635.0,639.0,1274.0,0.9937402190923318
대전광역시,2011,06,602.0,576.0,1178.0,1.0451388888888888
대전광역시,2011,07,623.0,569.0,1192.0,1.0949033391915641
대전광역시,2011,08,656.0,577.0,1233.0,1.1369150779896013
대전광역시,2011,09,597.0,570.0,1167.0,1.0473684210526315
대전광역시,2011,10,653.0,625.0,1278.0,1.0448
대전광역시,2011,11,602.0,518.0,1120.0,1.162162162162162
대전광역시,2011,12,546.0,495.0,1041.0,1.103030303030303
대전광역시,2012,01,735.0,679.0,1414.0,1.0824742268041236
대전광역시,2012,02,670.0,585.0,1255.0,1.1452991452991452
대전광역시,2012,03,712.0,641.0,1353.0,1.110764430577223
대전광역시,2012,04,661.0,648.0,1309.0,1.0200617283950617
대전광역시,2012,05,660.0,592.0,1252.0,1.114864864864865
대전광역시,2012,06,647.0,565.0,1212.0,1.1451327433628318
대전광역시,2012,07,598.0,640.0,1238.0,0.934375
대전광역시,2012,08,668.0,582.0,1250.0,1.147766323024055
대전광역시,2012,09,670.0,650.0,1320.0,1.0307692307692307
대전광역시,2012,10,658.0,625.0,1283.0,1.0528
대전광역시,2012,11,647.0,618.0,1265.0,1.0469255663430421
대전광역시,2012,12,517.0,611.0,1128.0,0.8461538461538461
대전광역시,2013,01,727.0,697.0,1424.0,1.043041606886657
대전광역시,2013,02,618.0,588.0,1206.0,1.0510204081632653
대전광역시,2013,03,592.0,609.0,1201.0,0.9720853858784894
대전광역시,2013,04,605.0,604.0,1209.0,1.0016556291390728
대전광역시,2013,05,601.0,530.0,1131.0,1.1339622641509435
대전광역시,2013,06,559.0,539.0,1098.0,1.0371057513914657
대전광역시,2013,07,629.0,557.0,1186.0,1.1292639138240574
대전광역시,2013,08,613.0,590.0,1203.0,1.0389830508474576
대전광역시,2013,09,617.0,592.0,1209.0,1.0422297297297298
대전광역시,2013,10,589.0,603.0,1192.0,0.9767827529021559
대전광역시,2013,11,510.0,557.0,1067.0,0.9156193895870736
대전광역시,2013,12,499.0,474.0,973.0,1.0527426160337552
대전광역시,2014,01,688.0,634.0,1322.0,1.085173501577287
대전광역시,2014,02,638.0,603.0,1241.0,1.0580431177446104
대전광역시,2014,03,610.0,588.0,1198.0,1.0374149659863945
대전광역시,2014,04,631.0,588.0,1219.0,1.0731292517006803
대전광역시,2014,05,619.0,542.0,1161.0,1.1420664206642066
대전광역시,2014,06,542.0,535.0,1077.0,1.0130841121495326
대전광역시,2014,07,595.0,566.0,1161.0,1.0512367491166077
대전광역시,2014,08,610.0,538.0,1148.0,1.1338289962825279
대전광역시,2014,09,637.0,548.0,1185.0,1.1624087591240877
대전광역시,2014,10,596.0,547.0,1143.0,1.089579524680073
대전광역시,2014,11,556.0,516.0,1072.0,1.0775193798449612
대전광역시,2014,12,535.0,500.0,1035.0,1.07
대전광역시,2015,01,711.0,633.0,1344.0,1.1232227488151658
대전광역시,2015,02,609.0,534.0,1143.0,1.1404494382022472
대전광역시,2015,03,674.0,631.0,1305.0,1.0681458003169573
대전광역시,2015,04,590.0,595.0,1185.0,0.9915966386554622
대전광역시,2015,05,595.0,571.0,1166.0,1.042031523642732
대전광역시,2015,06,567.0,561.0,1128.0,1.0106951871657754
대전광역시,2015,07,616.0,541.0,1157.0,1.1386321626617375
대전광역시,2015,08,564.0,528.0,1092.0,1.0681818181818181
대전광역시,2015,09,597.0,523.0,1120.0,1.1414913957934991
대전광역시,2015,10,563.0,592.0,1155.0,0.9510135135135135
대전광역시,2015,11,548.0,491.0,1039.0,1.1160896130346232
대전광역시,2015,12,509.0,431.0,940.0,1.1809744779582367
대전광역시,2016,01,590.0,537.0,1127.0,1.0986964618249535
대전광역시,2016,02,532.0,522.0,1054.0,1.0191570881226053
대전광역시,2016,03,617.0,582.0,1199.0,1.0601374570446735
대전광역시,2016,04,585.0,492.0,1077.0,1.1890243902439024
대전광역시,2016,05,559.0,463.0,1022.0,1.207343412526998
대전광역시,2016,06,527.0,525.0,1052.0,1.0038095238095237
대전광역시,2016,07,561.0,478.0,1039.0,1.1736401673640167
대전광역시,2016,08,524.0,508.0,1032.0,1.031496062992126
대전광역시,2016,09,550.0,555.0,1105.0,0.990990990990991
대전광역시,2016,10,521.0,464.0,985.0,1.1228448275862069
대전광역시,2016,11,430.0,465.0,895.0,0.9247311827956989
대전광역시,2016,12,421.0,428.0,849.0,0.9836448598130841
대전광역시,2017,01,510.0,498.0,1008.0,1.0240963855421688
대전광역시,2017,02,519.0,504.0,1023.0,1.0297619047619047
대전광역시,2017,03,529.0,501.0,1030.0,1.0558882235528941
대전광역시,2017,04,432.0,485.0,917.0,0.8907216494845361
대전광역시,2017,05,447.0,457.0,904.0,0.9781181619256017
대전광역시,2017,06,464.0,403.0,867.0,1.15136476426799
대전광역시,2017,07,482.0,446.0,928.0,1.0807174887892377
대전광역시,2017,08,527.0,425.0,952.0,1.24
대전광역시,2017,09,475.0,403.0,878.0,1.1786600496277915
대전광역시,2017,10,441.0,376.0,817.0,1.172872340425532
대전광역시,2017,11,383.0,391.0,774.0,0.979539641943734
대전광역시,2017,12,379.0,374.0,753.0,1.0133689839572193
대전광역시,2018,01,491.0,446.0,937.0,1.100896860986547
대전광역시,2018,02,406.0,391.0,797.0,1.0383631713554988
대전광역시,2018,03,410.0,408.0,818.0,1.0049019607843137
대전광역시,2018,04,393.0,396.0,789.0,0.9924242424242424
대전광역시,2018,05,449.0,411.0,860.0,1.0924574209245743
대전광역시,2018,06,385.0,409.0,794.0,0.941320293398533
대전광역시,2018,07,387.0,370.0,757.0,1.045945945945946
대전광역시,2018,08,376.0,383.0,759.0,0.9817232375979112
대전광역시,2018,09,364.0,348.0,712.0,1.0459770114942528
대전광역시,2018,10,362.0,341.0,703.0,1.06158357771261
대전광역시,2018,11,397.0,355.0,752.0,1.1183098591549296
대전광역시,2018,12,339.0,320.0,659.0,1.059375
대전광역시,2019,01,424.0,407.0,831.0,1.0417690417690417
대전광역시,2019,02,379.0,332.0,711.0,1.141566265060241
대전광역시,2019,03,407.0,403.0,810.0,1.0099255583126552
대전광역시,2019,04,380.0,354.0,734.0,1.073446327683616
대전광역시,2019,05,375.0,347.0,722.0,1.080691642651297
대전광역시,2019,06,340.0,336.0,676.0,1.0119047619047619
대전광역시,2019,07,328.0,350.0,678.0,0.9371428571428572
대전광역시,2019,08,327.0,339.0,666.0,0.9646017699115044
대전광역시,2019,09,344.0,322.0,666.0,1.0683229813664596
대전광역시,2019,10,337.0,346.0,683.0,0.9739884393063584
대전광역시,2019,11,314.0,320.0,634.0,0.98125
대전광역시,2019,12,312.0,287.0,599.0,1.0871080139372822
대전광역시,2020,01,393.0,341.0,734.0,1.152492668621701
대전광역시,2020,02,348.0,326.0,674.0,1.0674846625766872
대전광역시,2020,03,347.0,304.0,651.0,1.1414473684210527
대전광역시,2020,04,312.0,297.0,609.0,1.0505050505050506
대전광역시,2020,05,328.0,309.0,637.0,1.0614886731391586
대전광역시,2020,06,331.0,273.0,604.0,1.2124542124542124
대전광역시,2020,07,287.0,275.0,562.0,1.0436363636363637
대전광역시,2020,08,325.0,307.0,632.0,1.0586319218241043
대전광역시,2020,09,329.0,314.0,643.0,1.0477707006369428
대전광역시,2020,10,317.0,288.0,605.0,1.1006944444444444
대전광역시,2020,11,311.0,280.0,591.0,1.1107142857142858
대전광역시,2020,12,285.0,254.0,539.0,1.1220472440944882
대전광역시,2021,01,332.0,338.0,670.0,0.9822485207100592
대전광역시,2021,02,304.0,283.0,587.0,1.0742049469964665
대전광역시,2021,03,376.0,345.0,721.0,1.0898550724637681
대전광역시,2021,04,345.0,312.0,657.0,1.1057692307692308
대전광역시,2021,05,317.0,312.0,629.0,1.016025641025641
대전광역시,2021,06,348.0,290.0,638.0,1.2
대전광역시,2021,07,316.0,316.0,632.0,1.0
대전광역시,2021,08,310.0,283.0,593.0,1.0954063604240283
대전광역시,2021,09,335.0,291.0,626.0,1.1512027491408934
대전광역시,2021,10,316.0,276.0,592.0,1.144927536231884
대전광역시,2021,11,300.0,260.0,560.0,1.1538461538461537
대전광역시,2021,12,252.0,257.0,509.0,0.980544747081712
대전광역시,2022,01,359.0,362.0,721.0,0.9917127071823204
대전광역시,2022,02,350.0,307.0,657.0,1.1400651465798046
대전광역시,2022,03,323.0,313.0,636.0,1.0319488817891374
대전광역시,2022,04,319.0,308.0,627.0,1.0357142857142858
대전광역시,2022,05,306.0,304.0,610.0,1.006578947368421
대전광역시,2022,06,290.0,274.0,564.0,1.0583941605839415
대전광역시,2022,07,317.0,296.0,613.0,1.070945945945946
대전광역시,2022,08,389.0,379.0,768.0,1.0263852242744063
대전광역시,2022,09,383.0,322.0,705.0,1.18944099378882
대전광역시,2022,10,349.0,307.0,656.0,1.1368078175895766
대전광역시,2022,11,313.0,292.0,605.0,1.071917808219178
대전광역시,2022,12,272.0,243.0,515.0,1.1193415637860082
대전광역시,2023,01,349.0,334.0,683.0,1.0449101796407185
대전광역시,2023,02,325.0,324.0,649.0,1.0030864197530864
대전광역시,2023,03,338.0,321.0,659.0,1.0529595015576323
대전광역시,2023,04,299.0,305.0,604.0,0.980327868852459
대전광역시,2023,05,332.0,298.0,630.0,1.1140939597315436
대전광역시,2023,06,292.0,282.0,574.0,1.0354609929078014
대전광역시,2023,07,311.0,298.0,609.0,1.0436241610738255
대전광역시,2023,08,334.0,277.0,611.0,1.2057761732851986
대전광역시,2023,09,285.0,240.0,525.0,1.1875
대전광역시,2023,10,298.0,279.0,577.0,1.0681003584229392
대전광역시,2023,11,278.0,290.0,568.0,0.9586206896551724
대전광역시,2023,12,279.0,226.0,505.0,1.2345132743362832
대전광역시,2024,01,362.0,338.0,700.0,1.0710059171597632
대전광역시,2024,02,290.0,270.0,560.0,1.0740740740740742
대전광역시,2024,03,305.0,296.0,601.0,1.0304054054054055
대전광역시,2024,04,307.0,271.0,578.0,1.132841328413284
대전광역시,2024,05,302.0,300.0,602.0,1.0066666666666666
대전광역시,2024,06,283.0,260.0,543.0,1.0884615384615384
대전광역시,2024,07,315.0,306.0,621.0,1.0294117647058822
대전광역시,2024,08,326.0,315.0,641.0,1.034920634920635
대전광역시,2024,09,329.0,284.0,613.0,1.158450704225352
대전광역시,2024,10,325.0,340.0,665.0,0.9558823529411765
대전광역시,2024,11,296.0,286.0,582.0,1.034965034965035
대전광역시,2024,12,299.0,261.0,560.0,1.1455938697318007
부산광역시,1997,01,2260.0,1941.0,4201.0,1.1643482740855229
부산광역시,1997,02,2104.0,1806.0,3910.0,1.1650055370985604
부산광역시,1997,03,2234.0,2070.0,4304.0,1.0792270531400967
부산광역시,1997,04,2026.0,1846.0,3872.0,1.0975081256771397
부산광역시,1997,05,2012.0,1814.0,3826.0,1.1091510474090407
부산광역시,1997,06,1840.0,1689.0,3529.0,1.089402013025459
부산광역시,1997,07,1911.0,1758.0,3669.0,1.0870307167235496
부산광역시,1997,08,1926.0,1723.0,3649.0,1.117817759721416
부산광역시,1997,09,1972.0,1878.0,3850.0,1.0500532481363152
부산광역시,1997,10,2042.0,1838.0,3880.0,1.1109902067464636
부산광역시,1997,11,1987.0,1747.0,3734.0,1.137378362907842
부산광역시,1997,12,2006.0,1854.0,3860.0,1.0819848975188782
부산광역시,1998,01,2086.0,1874.0,3960.0,1.1131270010672358
부산광역시,1998,02,1996.0,1797.0,3793.0,1.110740122426266
부산광역시,1998,03,2079.0,1961.0,4040.0,1.060173380928098
부산광역시,1998,04,1999.0,1778.0,3777.0,1.12429696287964
부산광역시,1998,05,1915.0,1641.0,3556.0,1.1669713589274833
부산광역시,1998,06,1786.0,1515.0,3301.0,1.1788778877887789
부산광역시,1998,07,1783.0,1607.0,3390.0,1.1095208462974486
부산광역시,1998,08,1818.0,1541.0,3359.0,1.1797534068786502
부산광역시,1998,09,1966.0,1695.0,3661.0,1.159882005899705
부산광역시,1998,10,1862.0,1741.0,3603.0,1.0695002871912693
부산광역시,1998,11,1744.0,1536.0,3280.0,1.1354166666666667
부산광역시,1998,12,1838.0,1642.0,3480.0,1.1193666260657735
부산광역시,1999,01,1919.0,1692.0,3611.0,1.134160756501182
부산광역시,1999,02,1729.0,1661.0,3390.0,1.040939193257074
부산광역시,1999,03,1983.0,1813.0,3796.0,1.0937672366243796
부산광역시,1999,04,1830.0,1652.0,3482.0,1.1077481840193704
부산광역시,1999,05,1794.0,1607.0,3401.0,1.1163658991910392
부산광역시,1999,06,1661.0,1424.0,3085.0,1.166432584269663
부산광역시,1999,07,1713.0,1484.0,3197.0,1.1543126684636118
부산광역시,1999,08,1687.0,1509.0,3196.0,1.1179589131875414
부산광역시,1999,09,1862.0,1607.0,3469.0,1.1586807716241443
부산광역시,1999,10,1885.0,1740.0,3625.0,1.0833333333333333
부산광역시,1999,11,1774.0,1675.0,3449.0,1.0591044776119403
부산광역시,1999,12,1840.0,1696.0,3536.0,1.0849056603773586
부산광역시,2000,01,1968.0,1784.0,3752.0,1.1031390134529149
부산광역시,2000,02,1920.0,1712.0,3632.0,1.1214953271028036
부산광역시,2000,03,2066.0,1869.0,3935.0,1.1054039593365437
부산광역시,2000,04,1856.0,1608.0,3464.0,1.154228855721393
부산광역시,2000,05,1889.0,1622.0,3511.0,1.1646115906288532
부산광역시,2000,06,1510.0,1439.0,2949.0,1.0493398193189716
부산광역시,2000,07,1673.0,1440.0,3113.0,1.1618055555555555
부산광역시,2000,08,1745.0,1554.0,3299.0,1.122908622908623
부산광역시,2000,09,1799.0,1639.0,3438.0,1.097620500305064
부산광역시,2000,10,1859.0,1702.0,3561.0,1.0922444183313749
부산광역시,2000,11,1775.0,1609.0,3384.0,1.1031696706028589
부산광역시,2000,12,1773.0,1411.0,3184.0,1.2565556343019135
부산광역시,2001,01,1769.0,1637.0,3406.0,1.0806353084911424
부산광역시,2001,02,1654.0,1509.0,3163.0,1.0960901259111995
부산광역시,2001,03,1910.0,1706.0,3616.0,1.11957796014068
부산광역시,2001,04,1682.0,1449.0,3131.0,1.1608005521048999
부산광역시,2001,05,1592.0,1445.0,3037.0,1.1017301038062284
부산광역시,2001,06,1416.0,1244.0,2660.0,1.1382636655948553
부산광역시,2001,07,1420.0,1278.0,2698.0,1.1111111111111112
부산광역시,2001,08,1488.0,1360.0,2848.0,1.0941176470588236
부산광역시,2001,09,1571.0,1365.0,2936.0,1.1509157509157508
부산광역시,2001,10,1534.0,1425.0,2959.0,1.0764912280701755
부산광역시,2001,11,1419.0,1324.0,2743.0,1.0717522658610272
부산광역시,2001,12,1353.0,1298.0,2651.0,1.0423728813559323
부산광역시,2002,01,1519.0,1376.0,2895.0,1.103924418604651
부산광역시,2002,02,1324.0,1349.0,2673.0,0.9814677538917717
부산광역시,2002,03,1544.0,1384.0,2928.0,1.115606936416185
부산광역시,2002,04,1437.0,1346.0,2783.0,1.0676077265973254
부산광역시,2002,05,1361.0,1246.0,2607.0,1.0922953451043338
부산광역시,2002,06,1278.0,1068.0,2346.0,1.196629213483146
부산광역시,2002,07,1259.0,1218.0,2477.0,1.0336617405582922
부산광역시,2002,08,1274.0,1186.0,2460.0,1.0741989881956155
부산광역시,2002,09,1307.0,1214.0,2521.0,1.0766062602965403
부산광역시,2002,10,1257.0,1187.0,2444.0,1.058972198820556
부산광역시,2002,11,1182.0,1091.0,2273.0,1.083409715857012
부산광역시,2002,12,1233.0,1127.0,2360.0,1.0940550133096716
부산광역시,2003,01,1412.0,1273.0,2685.0,1.1091908876669285
부산광역시,2003,02,1272.0,1245.0,2517.0,1.0216867469879518
부산광역시,2003,03,1462.0,1318.0,2780.0,1.1092564491654022
부산광역시,2003,04,1447.0,1274.0,2721.0,1.1357927786499216
부산광역시,2003,05,1309.0,1174.0,2483.0,1.114991482112436
부산광역시,2003,06,1182.0,1046.0,2228.0,1.130019120458891
부산광역시,2003,07,1143.0,1102.0,2245.0,1.0372050816696914
부산광역시,2003,08,1160.0,1100.0,2260.0,1.0545454545454545
부산광역시,2003,09,1366.0,1177.0,2543.0,1.1605777400169923
부산광역시,2003,10,1431.0,1284.0,2715.0,1.1144859813084111
부산광역시,2003,11,1303.0,1225.0,2528.0,1.0636734693877552
부산광역시,2003,12,1263.0,1149.0,2412.0,1.0992167101827677
부산광역시,2004,01,1298.0,1257.0,2555.0,1.0326173428798726
부산광역시,2004,02,1228.0,1154.0,2382.0,1.0641247833622183
부산광역시,2004,03,1459.0,1324.0,2783.0,1.101963746223565
부산광역시,2004,04,1249.0,1165.0,2414.0,1.0721030042918456
부산광역시,2004,05,1218.0,1130.0,2348.0,1.0778761061946902
부산광역시,2004,06,1089.0,1057.0,2146.0,1.0302743614001892
부산광역시,2004,07,1150.0,1093.0,2243.0,1.052150045745654
부산광역시,2004,08,1179.0,1061.0,2240.0,1.111215834118756
부산광역시,2004,09,1236.0,1154.0,2390.0,1.0710571923743502
부산광역시,2004,10,1210.0,1135.0,2345.0,1.066079295154185
부산광역시,2004,11,1100.0,1127.0,2227.0,0.9760425909494232
부산광역시,2004,12,1119.0,1039.0,2158.0,1.0769971126082771
부산광역시,2005,01,1193.0,1156.0,2349.0,1.032006920415225
부산광역시,2005,02,1098.0,1020.0,2118.0,1.076470588235294
부산광역시,2005,03,1284.0,1163.0,2447.0,1.1040412725709372
부산광역시,2005,04,1072.0,1005.0,2077.0,1.0666666666666667
부산광역시,2005,05,1106.0,1038.0,2144.0,1.0655105973025047
부산광역시,2005,06,1052.0,1000.0,2052.0,1.052
부산광역시,2005,07,961.0,937.0,1898.0,1.0256136606189967
부산광역시,2005,08,1129.0,1029.0,2158.0,1.097181729834791
부산광역시,2005,09,1095.0,1129.0,2224.0,0.9698848538529672
부산광역시,2005,10,1156.0,998.0,2154.0,1.1583166332665331
부산광역시,2005,11,1071.0,1000.0,2071.0,1.071
부산광역시,2005,12,1072.0,917.0,1989.0,1.1690294438386042
부산광역시,2006,01,1200.0,1091.0,2291.0,1.0999083409715857
부산광역시,2006,02,1091.0,1092.0,2183.0,0.9990842490842491
부산광역시,2006,03,1179.0,1160.0,2339.0,1.0163793103448275
부산광역시,2006,04,1195.0,1005.0,2200.0,1.1890547263681592
부산광역시,2006,05,1087.0,1108.0,2195.0,0.9810469314079422
부산광역시,2006,06,1036.0,988.0,2024.0,1.048582995951417
부산광역시,2006,07,1040.0,915.0,1955.0,1.1366120218579234
부산광역시,2006,08,1136.0,1019.0,2155.0,1.114818449460255
부산광역시,2006,09,1162.0,1022.0,2184.0,1.1369863013698631
부산광역시,2006,10,1171.0,1128.0,2299.0,1.0381205673758864
부산광역시,2006,11,1065.0,1053.0,2118.0,1.0113960113960114
부산광역시,2006,12,961.0,977.0,1938.0,0.9836233367451381
부산광역시,2007,01,1256.0,1160.0,2416.0,1.0827586206896551
부산광역시,2007,02,1123.0,1063.0,2186.0,1.0564440263405457
부산광역시,2007,03,1242.0,1234.0,2476.0,1.006482982171799
부산광역시,2007,04,1200.0,1060.0,2260.0,1.1320754716981132
부산광역시,2007,05,1201.0,1101.0,2302.0,1.0908265213442325
부산광역시,2007,06,1077.0,1024.0,2101.0,1.0517578125
부산광역시,2007,07,1198.0,1044.0,2242.0,1.1475095785440612
부산광역시,2007,08,1272.0,1279.0,2551.0,0.9945269741985927
부산광역시,2007,09,1320.0,1285.0,2605.0,1.027237354085603
부산광역시,2007,10,1363.0,1326.0,2689.0,1.0279034690799396
부산광역시,2007,11,1292.0,1184.0,2476.0,1.0912162162162162
부산광역시,2007,12,1099.0,1023.0,2122.0,1.0742913000977516
부산광역시,2008,01,1327.0,1288.0,2615.0,1.03027950310559
부산광역시,2008,02,1089.0,1085.0,2174.0,1.0036866359447005
부산광역시,2008,03,1210.0,1177.0,2387.0,1.02803738317757
부산광역시,2008,04,1161.0,1063.0,2224.0,1.0921919096895578
부산광역시,2008,05,1092.0,1038.0,2130.0,1.0520231213872833
부산광역시,2008,06,1013.0,921.0,1934.0,1.0998914223669924
부산광역시,2008,07,1096.0,1104.0,2200.0,0.9927536231884058
부산광역시,2008,08,1135.0,1090.0,2225.0,1.0412844036697249
부산광역시,2008,09,1136.0,1132.0,2268.0,1.0035335689045937
부산광역시,2008,10,1174.0,1133.0,2307.0,1.0361871138570167
부산광역시,2008,11,1128.0,1057.0,2185.0,1.06717123935667
부산광역시,2008,12,1045.0,976.0,2021.0,1.0706967213114753
부산광역시,2009,01,1272.0,1139.0,2411.0,1.1167690956979808
부산광역시,2009,02,1043.0,1056.0,2099.0,0.9876893939393939
부산광역시,2009,03,1167.0,1055.0,2222.0,1.1061611374407583
부산광역시,2009,04,1116.0,966.0,2082.0,1.15527950310559
부산광역시,2009,05,1029.0,1047.0,2076.0,0.9828080229226361
부산광역시,2009,06,990.0,944.0,1934.0,1.048728813559322
부산광역시,2009,07,1034.0,1017.0,2051.0,1.016715830875123
부산광역시,2009,08,1077.0,1042.0,2119.0,1.0335892514395393
부산광역시,2009,09,1151.0,1036.0,2187.0,1.111003861003861
부산광역시,2009,10,1134.0,1004.0,2138.0,1.1294820717131475
부산광역시,2009,11,999.0,963.0,1962.0,1.0373831775700935
부산광역시,2009,12,940.0,889.0,1829.0,1.0573678290213724
부산광역시,2010,01,1292.0,1189.0,2481.0,1.086627417998318
부산광역시,2010,02,1065.0,988.0,2053.0,1.0779352226720649
부산광역시,2010,03,1244.0,1091.0,2335.0,1.1402383134738772
부산광역시,2010,04,1215.0,1102.0,2317.0,1.102540834845735
부산광역시,2010,05,1060.0,990.0,2050.0,1.0707070707070707
부산광역시,2010,06,1083.0,1053.0,2136.0,1.0284900284900285
부산광역시,2010,07,1121.0,1040.0,2161.0,1.0778846153846153
부산광역시,2010,08,1160.0,1079.0,2239.0,1.0750695088044486
부산광역시,2010,09,1299.0,1208.0,2507.0,1.0753311258278146
부산광역시,2010,10,1320.0,1250.0,2570.0,1.056
부산광역시,2010,11,1233.0,1255.0,2488.0,0.9824701195219123
부산광역시,2010,12,1064.0,1014.0,2078.0,1.04930966469428
부산광역시,2011,01,1411.0,1346.0,2757.0,1.048291233283804
부산광역시,2011,02,1103.0,1078.0,2181.0,1.023191094619666
부산광역시,2011,03,1304.0,1244.0,2548.0,1.0482315112540193
부산광역시,2011,04,1215.0,1166.0,2381.0,1.0420240137221268
부산광역시,2011,05,1204.0,1136.0,2340.0,1.0598591549295775
부산광역시,2011,06,1113.0,1134.0,2247.0,0.9814814814814815
부산광역시,2011,07,1107.0,1101.0,2208.0,1.005449591280654
부산광역시,2011,08,1231.0,1130.0,2361.0,1.0893805309734512
부산광역시,2011,09,1173.0,1154.0,2327.0,1.016464471403813
부산광역시,2011,10,1142.0,1094.0,2236.0,1.0438756855575868
부산광역시,2011,11,1088.0,1098.0,2186.0,0.9908925318761385
부산광역시,2011,12,1001.0,986.0,1987.0,1.015212981744422
부산광역시,2012,01,1351.0,1206.0,2557.0,1.1202321724709785
부산광역시,2012,02,1286.0,1162.0,2448.0,1.1067125645438898
부산광역시,2012,03,1344.0,1259.0,2603.0,1.0675138999205718
부산광역시,2012,04,1210.0,1160.0,2370.0,1.043103448275862
부산광역시,2012,05,1174.0,1126.0,2300.0,1.0426287744227354
부산광역시,2012,06,1148.0,1039.0,2187.0,1.1049085659287776
부산광역시,2012,07,1186.0,1182.0,2368.0,1.003384094754653
부산광역시,2012,08,1288.0,1201.0,2489.0,1.0724396336386344
부산광역시,2012,09,1318.0,1173.0,2491.0,1.123614663256607
부산광역시,2012,10,1289.0,1254.0,2543.0,1.0279106858054226
부산광역시,2012,11,1157.0,1176.0,2333.0,0.983843537414966
부산광역시,2012,12,1008.0,976.0,1984.0,1.0327868852459017
부산광역시,2013,01,1298.0,1230.0,2528.0,1.0552845528455284
부산광역시,2013,02,1123.0,986.0,2109.0,1.1389452332657202
부산광역시,2013,03,1152.0,1125.0,2277.0,1.024
부산광역시,2013,04,1151.0,1034.0,2185.0,1.1131528046421664
부산광역시,2013,05,1068.0,1016.0,2084.0,1.0511811023622046
부산광역시,2013,06,1055.0,920.0,1975.0,1.1467391304347827
부산광역시,2013,07,1060.0,1032.0,2092.0,1.0271317829457365
부산광역시,2013,08,1078.0,1073.0,2151.0,1.0046598322460392
부산광역시,2013,09,1211.0,1088.0,2299.0,1.1130514705882353
부산광역시,2013,10,1149.0,1077.0,2226.0,1.0668523676880224
부산광역시,2013,11,1039.0,981.0,2020.0,1.0591233435270133
부산광역시,2013,12,953.0,932.0,1885.0,1.0225321888412018
부산광역시,2014,01,1257.0,1215.0,2472.0,1.0345679012345679
부산광역시,2014,02,1115.0,1018.0,2133.0,1.0952848722986248
부산광역시,2014,03,1187.0,999.0,2186.0,1.1881881881881882
부산광역시,2014,04,1201.0,1064.0,2265.0,1.1287593984962405
부산광역시,2014,05,1137.0,1057.0,2194.0,1.075685903500473
부산광역시,2014,06,1092.0,978.0,2070.0,1.116564417177914
부산광역시,2014,07,1096.0,1095.0,2191.0,1.0009132420091325
부산광역시,2014,08,1152.0,1121.0,2273.0,1.0276538804638715
부산광역시,2014,09,1141.0,1125.0,2266.0,1.0142222222222221
부산광역시,2014,10,1126.0,1085.0,2211.0,1.0377880184331798
부산광역시,2014,11,1013.0,965.0,1978.0,1.0497409326424871
부산광역시,2014,12,1032.0,919.0,1951.0,1.1229597388465724
부산광역시,2015,01,1286.0,1280.0,2566.0,1.0046875
부산광역시,2015,02,1082.0,1015.0,2097.0,1.0660098522167487
부산광역시,2015,03,1208.0,1209.0,2417.0,0.9991728701406121
부산광역시,2015,04,1214.0,1101.0,2315.0,1.1026339691189828
부산광역시,2015,05,1148.0,1020.0,2168.0,1.1254901960784314
부산광역시,2015,06,1085.0,1070.0,2155.0,1.014018691588785
부산광역시,2015,07,1161.0,1067.0,2228.0,1.0880974695407686
부산광역시,2015,08,1114.0,1008.0,2122.0,1.1051587301587302
부산광역시,2015,09,1204.0,1095.0,2299.0,1.0995433789954339
부산광역시,2015,10,1169.0,1099.0,2268.0,1.0636942675159236
부산광역시,2015,11,1120.0,974.0,2094.0,1.1498973305954825
부산광역시,2015,12,961.0,955.0,1916.0,1.006282722513089
부산광역시,2016,01,1269.0,1183.0,2452.0,1.0726965342349957
부산광역시,2016,02,1137.0,1061.0,2198.0,1.0716305372290291
부산광역시,2016,03,1207.0,1161.0,2368.0,1.0396210163652024
부산광역시,2016,04,1105.0,1072.0,2177.0,1.0307835820895523
부산광역시,2016,05,1067.0,976.0,2043.0,1.0932377049180328
부산광역시,2016,06,1026.0,946.0,1972.0,1.0845665961945032
부산광역시,2016,07,1006.0,970.0,1976.0,1.0371134020618558
부산광역시,2016,08,1080.0,1024.0,2104.0,1.0546875
부산광역시,2016,09,1049.0,1046.0,2095.0,1.002868068833652
부산광역시,2016,10,956.0,957.0,1913.0,0.9989550679205852
부산광역시,2016,11,991.0,956.0,1947.0,1.036610878661088
부산광역시,2016,12,847.0,814.0,1661.0,1.0405405405405406
부산광역시,2017,01,1037.0,1043.0,2080.0,0.9942473633748802
부산광역시,2017,02,940.0,902.0,1842.0,1.042128603104213
부산광역시,2017,03,1033.0,959.0,1992.0,1.0771637122002085
부산광역시,2017,04,936.0,882.0,1818.0,1.0612244897959184
부산광역시,2017,05,961.0,872.0,1833.0,1.1020642201834863
부산광역시,2017,06,959.0,827.0,1786.0,1.1596130592503022
부산광역시,2017,07,862.0,827.0,1689.0,1.0423216444981862
부산광역시,2017,08,893.0,886.0,1779.0,1.007900677200903
부산광역시,2017,09,923.0,864.0,1787.0,1.068287037037037
부산광역시,2017,10,900.0,861.0,1761.0,1.0452961672473868
부산광역시,2017,11,847.0,756.0,1603.0,1.1203703703703705
부산광역시,2017,12,778.0,732.0,1510.0,1.0628415300546448
부산광역시,2018,01,975.0,888.0,1863.0,1.097972972972973
부산광역시,2018,02,881.0,796.0,1677.0,1.10678391959799
부산광역시,2018,03,941.0,853.0,1794.0,1.1031652989449003
부산광역시,2018,04,876.0,792.0,1668.0,1.106060606060606
부산광역시,2018,05,877.0,770.0,1647.0,1.138961038961039
부산광역시,2018,06,835.0,824.0,1659.0,1.0133495145631068
부산광역시,2018,07,726.0,796.0,1522.0,0.9120603015075377
부산광역시,2018,08,813.0,784.0,1597.0,1.0369897959183674
부산광역시,2018,09,763.0,713.0,1476.0,1.0701262272089762
부산광역시,2018,10,792.0,733.0,1525.0,1.0804911323328785
부산광역시,2018,11,732.0,707.0,1439.0,1.0353606789250354
부산광역시,2018,12,629.0,656.0,1285.0,0.9588414634146342
부산광역시,2019,01,838.0,812.0,1650.0,1.0320197044334976
부산광역시,2019,02,745.0,724.0,1469.0,1.0290055248618784
부산광역시,2019,03,798.0,755.0,1553.0,1.056953642384106
부산광역시,2019,04,750.0,724.0,1474.0,1.0359116022099448
부산광역시,2019,05,754.0,702.0,1456.0,1.0740740740740742
부산광역시,2019,06,643.0,717.0,1360.0,0.8967921896792189
부산광역시,2019,07,740.0,629.0,1369.0,1.1764705882352942
부산광역시,2019,08,703.0,689.0,1392.0,1.0203193033381712
부산광역시,2019,09,693.0,642.0,1335.0,1.0794392523364487
부산광역시,2019,10,717.0,713.0,1430.0,1.0056100981767182
부산광역시,2019,11,683.0,638.0,1321.0,1.0705329153605017
부산광역시,2019,12,671.0,569.0,1240.0,1.179261862917399
부산광역시,2020,01,799.0,768.0,1567.0,1.0403645833333333
부산광역시,2020,02,642.0,582.0,1224.0,1.1030927835051547
부산광역시,2020,03,689.0,651.0,1340.0,1.0583717357910907
부산광역시,2020,04,624.0,635.0,1259.0,0.9826771653543307
부산광역시,2020,05,669.0,631.0,1300.0,1.0602218700475436
부산광역시,2020,06,648.0,594.0,1242.0,1.0909090909090908
부산광역시,2020,07,678.0,593.0,1271.0,1.1433389544688026
부산광역시,2020,08,641.0,584.0,1225.0,1.0976027397260273
부산광역시,2020,09,730.0,649.0,1379.0,1.1248073959938367
부산광역시,2020,10,571.0,614.0,1185.0,0.9299674267100977
부산광역시,2020,11,550.0,491.0,1041.0,1.120162932790224
부산광역시,2020,12,529.0,496.0,1025.0,1.0665322580645162
부산광역시,2021,01,706.0,645.0,1351.0,1.0945736434108526
부산광역시,2021,02,608.0,507.0,1115.0,1.1992110453648914
부산광역시,2021,03,658.0,685.0,1343.0,0.9605839416058394
부산광역시,2021,04,652.0,641.0,1293.0,1.0171606864274572
부산광역시,2021,05,612.0,591.0,1203.0,1.0355329949238579
부산광역시,2021,06,667.0,598.0,1265.0,1.1153846153846154
부산광역시,2021,07,641.0,581.0,1222.0,1.1032702237521514
부산광역시,2021,08,671.0,631.0,1302.0,1.063391442155309
부산광역시,2021,09,611.0,627.0,1238.0,0.9744816586921851
부산광역시,2021,10,603.0,580.0,1183.0,1.039655172413793
부산광역시,2021,11,549.0,494.0,1043.0,1.111336032388664
부산광역시,2021,12,458.0,430.0,888.0,1.0651162790697675
부산광역시,2022,01,718.0,730.0,1448.0,0.9835616438356164
부산광역시,2022,02,618.0,556.0,1174.0,1.1115107913669064
부산광역시,2022,03,625.0,635.0,1260.0,0.984251968503937
부산광역시,2022,04,628.0,618.0,1246.0,1.0161812297734627
부산광역시,2022,05,590.0,582.0,1172.0,1.013745704467354
부산광역시,2022,06,613.0,518.0,1131.0,1.1833976833976834
부산광역시,2022,07,588.0,557.0,1145.0,1.0556552962298025
부산광역시,2022,08,635.0,614.0,1249.0,1.0342019543973942
부산광역시,2022,09,634.0,575.0,1209.0,1.102608695652174
부산광역시,2022,10,602.0,564.0,1166.0,1.0673758865248226
부산광역시,2022,11,479.0,498.0,977.0,0.9618473895582329
부산광역시,2022,12,528.0,429.0,957.0,1.2307692307692308
부산광역시,2023,01,668.0,634.0,1302.0,1.053627760252366
부산광역시,2023,02,597.0,536.0,1133.0,1.1138059701492538
부산광역시,2023,03,599.0,580.0,1179.0,1.032758620689655
부산광역시,2023,04,539.0,523.0,1062.0,1.0305927342256214
부산광역시,2023,05,552.0,548.0,1100.0,1.0072992700729928
부산광역시,2023,06,546.0,486.0,1032.0,1.123456790123457
부산광역시,2023,07,510.0,519.0,1029.0,0.9826589595375722
부산광역시,2023,08,583.0,511.0,1094.0,1.1409001956947162
부산광역시,2023,09,557.0,482.0,1039.0,1.1556016597510372
부산광역시,2023,10,554.0,537.0,1091.0,1.031657355679702
부산광역시,2023,11,448.0,492.0,940.0,0.9105691056910569
부산광역시,2023,12,437.0,428.0,865.0,1.0210280373831775
부산광역시,2024,01,586.0,551.0,1137.0,1.0635208711433757
부산광역시,2024,02,546.0,491.0,1037.0,1.1120162932790223
부산광역시,2024,03,549.0,544.0,1093.0,1.0091911764705883
부산광역시,2024,04,513.0,556.0,1069.0,0.9226618705035972
부산광역시,2024,05,602.0,513.0,1115.0,1.1734892787524367
부산광역시,2024,06,471.0,501.0,972.0,0.9401197604790419
부산광역시,2024,07,565.0,556.0,1121.0,1.0161870503597121
부산광역시,2024,08,547.0,521.0,1068.0,1.0499040307101728
부산광역시,2024,09,621.0,571.0,1192.0,1.0875656742556918
부산광역시,2024,10,591.0,582.0,1173.0,1.0154639175257731
부산광역시,2024,11,551.0,570.0,1121.0,0.9666666666666667
부산광역시,2024,12,503.0,462.0,965.0,1.0887445887445888
서울특별시,1997,01,6886.0,6319.0,13205.0,1.089729387561323
서울특별시,1997,02,6224.0,6015.0,12239.0,1.0347464671654198
서울특별시,1997,03,6947.0,6411.0,13358.0,1.0836063016690063
서울특별시,1997,04,6152.0,5994.0,12146.0,1.0263596930263597
서울특별시,1997,05,6036.0,5601.0,11637.0,1.077664702731655
서울특별시,1997,06,5568.0,5126.0,10694.0,1.0862270776433867
서울특별시,1997,07,5873.0,5366.0,11239.0,1.0944837868058144
서울특별시,1997,08,5718.0,5524.0,11242.0,1.0351194786386677
서울특별시,1997,09,6085.0,5672.0,11757.0,1.0728138222849084
서울특별시,1997,10,6275.0,6038.0,12313.0,1.039251407750911
서울특별시,1997,11,5872.0,5508.0,11380.0,1.066085693536674
서울특별시,1997,12,5884.0,5630.0,11514.0,1.0451154529307283
서울특별시,1998,01,6594.0,6165.0,12759.0,1.0695863746958638
서울특별시,1998,02,6183.0,5722.0,11905.0,1.0805662355819643
서울특별시,1998,03,6489.0,5958.0,12447.0,1.0891238670694865
서울특별시,1998,04,5926.0,5594.0,11520.0,1.0593493028244547
서울특별시,1998,05,5906.0,5206.0,11112.0,1.1344602381867077
서울특별시,1998,06,5391.0,5005.0,10396.0,1.0771228771228771
서울특별시,1998,07,5386.0,5203.0,10589.0,1.035172016144532
서울특별시,1998,08,5304.0,4977.0,10281.0,1.0657022302591923
서울특별시,1998,09,5778.0,5445.0,11223.0,1.0611570247933884
서울특별시,1998,10,5791.0,5280.0,11071.0,1.096780303030303
서울특별시,1998,11,5459.0,4989.0,10448.0,1.0942072559631189
서울특별시,1998,12,5615.0,5238.0,10853.0,1.0719740358915617
서울특별시,1999,01,6330.0,5811.0,12141.0,1.0893133711925658
서울특별시,1999,02,5789.0,5420.0,11209.0,1.068081180811808
서울특별시,1999,03,6314.0,5764.0,12078.0,1.0954198473282444
서울특별시,1999,04,5933.0,5239.0,11172.0,1.132468028249666
서울특별시,1999,05,5433.0,5012.0,10445.0,1.0839984038308061
서울특별시,1999,06,5010.0,4632.0,9642.0,1.0816062176165804
서울특별시,1999,07,5183.0,4814.0,9997.0,1.0766514333194848
서울특별시,1999,08,5180.0,4789.0,9969.0,1.0816454374608477
서울특별시,1999,09,5422.0,5056.0,10478.0,1.0723892405063291
서울특별시,1999,10,5451.0,5133.0,10584.0,1.0619520748100526
서울특별시,1999,11,5221.0,5066.0,10287.0,1.0305961310698777
서울특별시,1999,12,5186.0,4932.0,10118.0,1.0515004055150041
서울특별시,2000,01,6738.0,6128.0,12866.0,1.0995430809399478
서울특별시,2000,02,6227.0,5570.0,11797.0,1.1179533213644524
서울특별시,2000,03,6452.0,6001.0,12453.0,1.075154140976504
서울특별시,2000,04,5662.0,5120.0,10782.0,1.105859375
서울특별시,2000,05,5619.0,5198.0,10817.0,1.08099268949596
서울특별시,2000,06,5086.0,4657.0,9743.0,1.0921193901653425
서울특별시,2000,07,5163.0,4827.0,9990.0,1.069608452454941
서울특별시,2000,08,5523.0,5016.0,10539.0,1.1010765550239234
서울특별시,2000,09,5719.0,5301.0,11020.0,1.0788530465949822
서울특별시,2000,10,5976.0,5683.0,11659.0,1.051557276086574
서울특별시,2000,11,5830.0,5197.0,11027.0,1.1218010390609967
서울특별시,2000,12,5411.0,5050.0,10461.0,1.0714851485148515
서울특별시,2001,01,6199.0,5762.0,11961.0,1.075841721624436
서울특별시,2001,02,5258.0,4901.0,10159.0,1.0728422770863089
서울특별시,2001,03,5681.0,5290.0,10971.0,1.0739130434782609
서울특별시,2001,04,5245.0,4705.0,9950.0,1.1147715196599361
서울특별시,2001,05,4975.0,4674.0,9649.0,1.0643988018827557
서울특별시,2001,06,4389.0,3982.0,8371.0,1.1022099447513811
서울특별시,2001,07,4482.0,4115.0,8597.0,1.0891859052247874
서울특별시,2001,08,4739.0,4425.0,9164.0,1.0709604519774012
서울특별시,2001,09,4794.0,4523.0,9317.0,1.0599159849657307
서울특별시,2001,10,4734.0,4481.0,9215.0,1.0564606114706538
서울특별시,2001,11,4549.0,4293.0,8842.0,1.059631959003028
서울특별시,2001,12,4431.0,4137.0,8568.0,1.0710659898477157
서울특별시,2002,01,5336.0,4771.0,10107.0,1.118423810521903
서울특별시,2002,02,4688.0,4366.0,9054.0,1.0737517178195144
서울특별시,2002,03,4999.0,4808.0,9807.0,1.0397254575707155
서울특별시,2002,04,4581.0,4294.0,8875.0,1.066837447601304
서울특별시,2002,05,4466.0,4219.0,8685.0,1.0585446788338468
서울특별시,2002,06,4102.0,3635.0,7737.0,1.1284731774415406
서울특별시,2002,07,4425.0,3911.0,8336.0,1.1314241881871645
서울특별시,2002,08,4265.0,3896.0,8161.0,1.094712525667351
서울특별시,2002,09,4206.0,3798.0,8004.0,1.1074249605055293
서울특별시,2002,10,4168.0,3896.0,8064.0,1.0698151950718686
서울특별시,2002,11,3971.0,3847.0,7818.0,1.0322329087600728
서울특별시,2002,12,3898.0,3462.0,7360.0,1.1259387637203928
서울특별시,2003,01,4764.0,4540.0,9304.0,1.0493392070484582
서울특별시,2003,02,4405.0,4288.0,8693.0,1.0272854477611941
서울특별시,2003,03,4679.0,4502.0,9181.0,1.0393158596179475
서울특별시,2003,04,4466.0,4115.0,8581.0,1.0852976913730255
서울특별시,2003,05,4437.0,4104.0,8541.0,1.081140350877193
서울특별시,2003,06,3920.0,3698.0,7618.0,1.0600324499729583
서울특별시,2003,07,4104.0,3665.0,7769.0,1.1197817189631651
서울특별시,2003,08,3967.0,3710.0,7677.0,1.0692722371967656
서울특별시,2003,09,4294.0,4066.0,8360.0,1.0560747663551402
서울특별시,2003,10,4615.0,4386.0,9001.0,1.0522115823073415
서울특별시,2003,11,4367.0,4046.0,8413.0,1.0793376173999012
서울특별시,2003,12,4173.0,3916.0,8089.0,1.0656281920326864
서울특별시,2004,01,4881.0,4737.0,9618.0,1.0303989867004433
서울특별시,2004,02,4473.0,4056.0,8529.0,1.102810650887574
서울특별시,2004,03,4803.0,4475.0,9278.0,1.0732960893854748
서울특별시,2004,04,4432.0,4132.0,8564.0,1.0726040658276863
서울특별시,2004,05,4134.0,3952.0,8086.0,1.0460526315789473
서울특별시,2004,06,3912.0,3696.0,7608.0,1.0584415584415585
서울특별시,2004,07,4103.0,3862.0,7965.0,1.0624029000517867
서울특별시,2004,08,4101.0,3869.0,7970.0,1.0599638149392607
서울특별시,2004,09,4234.0,4004.0,8238.0,1.0574425574425574
서울특별시,2004,10,4533.0,4153.0,8686.0,1.0915001203948953
서울특별시,2004,11,4051.0,3883.0,7934.0,1.043265516353335
서울특별시,2004,12,3796.0,3556.0,7352.0,1.0674915635545557
서울특별시,2005,01,4496.0,4205.0,8701.0,1.0692033293697978
서울특별시,2005,02,3752.0,3710.0,7462.0,1.0113207547169811
서울특별시,2005,03,4347.0,4166.0,8513.0,1.043446951512242
서울특별시,2005,04,3910.0,3616.0,7526.0,1.0813053097345133
서울특별시,2005,05,3888.0,3543.0,7431.0,1.0973751058425063
서울특별시,2005,06,3412.0,3351.0,6763.0,1.0182035213369143
서울특별시,2005,07,3747.0,3355.0,7102.0,1.1168405365126677
서울특별시,2005,08,3858.0,3524.0,7382.0,1.09477866061294
서울특별시,2005,09,3926.0,3774.0,7700.0,1.0402755696873345
서울특별시,2005,10,3994.0,3707.0,7701.0,1.0774210952252494
서울특별시,2005,11,3828.0,3567.0,7395.0,1.0731707317073171
서울특별시,2005,12,3521.0,3271.0,6792.0,1.0764292265362274
서울특별시,2006,01,4281.0,4068.0,8349.0,1.0523598820058997
서울특별시,2006,02,4040.0,3752.0,7792.0,1.0767590618336886
서울특별시,2006,03,4550.0,4130.0,8680.0,1.1016949152542372
서울특별시,2006,04,4092.0,3805.0,7897.0,1.0754270696452037
서울특별시,2006,05,4004.0,3775.0,7779.0,1.0606622516556292
서울특별시,2006,06,3808.0,3546.0,7354.0,1.0738860688099268
서울특별시,2006,07,3744.0,3405.0,7149.0,1.0995594713656387
서울특별시,2006,08,3979.0,3780.0,7759.0,1.0526455026455026
서울특별시,2006,09,4082.0,3831.0,7913.0,1.065518141477421
서울특별시,2006,10,4126.0,3924.0,8050.0,1.0514780835881754
서울특별시,2006,11,4035.0,3719.0,7754.0,1.0849690777090615
서울특별시,2006,12,3779.0,3667.0,7446.0,1.0305426779383693
서울특별시,2007,01,4659.0,4410.0,9069.0,1.0564625850340137
서울특별시,2007,02,4145.0,3907.0,8052.0,1.0609163040696186
서울특별시,2007,03,4543.0,4336.0,8879.0,1.047739852398524
서울특별시,2007,04,4287.0,4063.0,8350.0,1.055131676101403
서울특별시,2007,05,4112.0,3937.0,8049.0,1.0444500889001778
서울특별시,2007,06,3906.0,3699.0,7605.0,1.0559610705596107
서울특별시,2007,07,4250.0,3869.0,8119.0,1.098475058154562
서울특별시,2007,08,4542.0,4271.0,8813.0,1.0634511823928823
서울특별시,2007,09,4700.0,4453.0,9153.0,1.0554682236694364
서울특별시,2007,10,4746.0,4519.0,9265.0,1.0502323522903296
서울특별시,2007,11,4376.0,4089.0,8465.0,1.070188310100269
서울특별시,2007,12,3873.0,3557.0,7430.0,1.0888389091931403
서울특별시,2008,01,4999.0,4631.0,9630.0,1.0794644785143597
서울특별시,2008,02,4242.0,3855.0,8097.0,1.1003891050583658
서울특별시,2008,03,4376.0,4035.0,8411.0,1.0845105328376703
서울특별시,2008,04,4090.0,3771.0,7861.0,1.0845929461681252
서울특별시,2008,05,3876.0,3752.0,7628.0,1.033049040511727
서울특별시,2008,06,3663.0,3524.0,7187.0,1.0394438138479
서울특별시,2008,07,3961.0,3729.0,7690.0,1.0622150710646285
서울특별시,2008,08,3855.0,3767.0,7622.0,1.023360764534112
서울특별시,2008,09,4138.0,3939.0,8077.0,1.0505204366590506
서울특별시,2008,10,4175.0,4000.0,8175.0,1.04375
서울특별시,2008,11,3819.0,3529.0,7348.0,1.0821762538962878
서울특별시,2008,12,3632.0,3378.0,7010.0,1.0751924215512136
서울특별시,2009,01,4590.0,4362.0,8952.0,1.0522696011004127
서울특별시,2009,02,3697.0,3543.0,7240.0,1.043465989274626
서울특별시,2009,03,4000.0,3912.0,7912.0,1.0224948875255624
서울특별시,2009,04,3972.0,3693.0,7665.0,1.075548334687246
서울특별시,2009,05,3713.0,3401.0,7114.0,1.0917377241987651
서울특별시,2009,06,3551.0,3332.0,6883.0,1.0657262905162064
서울특별시,2009,07,3699.0,3488.0,7187.0,1.060493119266055
서울특별시,2009,08,3779.0,3559.0,7338.0,1.061815116605788
서울특별시,2009,09,3812.0,3755.0,7567.0,1.0151797603195738
서울특별시,2009,10,3908.0,3778.0,7686.0,1.034409740603494
서울특별시,2009,11,3710.0,3467.0,7177.0,1.0700894144793769
서울특별시,2009,12,3532.0,3341.0,6873.0,1.0571685124214307
서울특별시,2010,01,4556.0,4155.0,8711.0,1.0965102286401924
서울특별시,2010,02,3765.0,3533.0,7298.0,1.0656665723181433
서울특별시,2010,03,4371.0,3976.0,8347.0,1.0993460764587526
서울특별시,2010,04,4002.0,3645.0,7647.0,1.0979423868312757
서울특별시,2010,05,3757.0,3668.0,7425.0,1.0242639040348964
서울특별시,2010,06,3707.0,3500.0,7207.0,1.0591428571428572
서울특별시,2010,07,3700.0,3532.0,7232.0,1.0475651189127972
서울특별시,2010,08,3859.0,3664.0,7523.0,1.0532205240174672
서울특별시,2010,09,4275.0,3950.0,8225.0,1.0822784810126582
서울특별시,2010,10,4407.0,4205.0,8612.0,1.048038049940547
서울특별시,2010,11,4242.0,3954.0,8196.0,1.0728376327769347
서울특별시,2010,12,3480.0,3363.0,6843.0,1.0347903657448707
서울특별시,2011,01,4915.0,4596.0,9511.0,1.06940818102698
서울특별시,2011,02,3619.0,3531.0,7150.0,1.0249221183800623
서울특별시,2011,03,4208.0,4028.0,8236.0,1.044687189672294
서울특별시,2011,04,4052.0,3789.0,7841.0,1.069411454209554
서울특별시,2011,05,3819.0,3718.0,7537.0,1.0271651425497579
서울특별시,2011,06,3625.0,3433.0,7058.0,1.0559277599766967
서울특별시,2011,07,3793.0,3604.0,7397.0,1.052441731409545
서울특별시,2011,08,3917.0,3694.0,7611.0,1.060368164591229
서울특별시,2011,09,3876.0,3708.0,7584.0,1.0453074433656957
서울특별시,2011,10,3784.0,3809.0,7593.0,0.9934365975321606
서울특별시,2011,11,3804.0,3555.0,7359.0,1.070042194092827
서울특별시,2011,12,3441.0,3208.0,6649.0,1.0726309226932669
서울특별시,2012,01,4580.0,4178.0,8758.0,1.096218286261369
서울특별시,2012,02,4140.0,3697.0,7837.0,1.1198268866648633
서울특별시,2012,03,4375.0,3989.0,8364.0,1.0967661067936827
서울특별시,2012,04,3939.0,3761.0,7700.0,1.0473278383408668
서울특별시,2012,05,3928.0,3701.0,7629.0,1.0613347743853012
서울특별시,2012,06,3834.0,3659.0,7493.0,1.0478272752118065
서울특별시,2012,07,3994.0,3846.0,7840.0,1.0384815392615705
서울특별시,2012,08,4143.0,3946.0,8089.0,1.0499239736441968
서울특별시,2012,09,4113.0,3825.0,7938.0,1.0752941176470587
서울특별시,2012,10,4083.0,3934.0,8017.0,1.037874936451449
서울특별시,2012,11,3865.0,3653.0,7518.0,1.0580344921981932
서울특별시,2012,12,3359.0,3372.0,6731.0,0.9961447212336892
서울특별시,2013,01,4375.0,4155.0,8530.0,1.05294825511432
서울특별시,2013,02,3584.0,3461.0,7045.0,1.0355388616006935
서울특별시,2013,03,3782.0,3534.0,7316.0,1.0701754385964912
서울특별시,2013,04,3711.0,3451.0,7162.0,1.0753404810199942
서울특별시,2013,05,3553.0,3290.0,6843.0,1.0799392097264437
서울특별시,2013,06,3375.0,3111.0,6486.0,1.0848601735776278
서울특별시,2013,07,3441.0,3392.0,6833.0,1.0144457547169812
서울특별시,2013,08,3619.0,3412.0,7031.0,1.0606682297772567
서울특별시,2013,09,3627.0,3429.0,7056.0,1.057742782152231
서울특별시,2013,10,3618.0,3327.0,6945.0,1.0874661857529306
서울특별시,2013,11,3412.0,3306.0,6718.0,1.0320629159104657
서울특별시,2013,12,3084.0,3017.0,6101.0,1.0222074908849852
서울특별시,2014,01,4177.0,3861.0,8038.0,1.0818440818440818
서울특별시,2014,02,3515.0,3417.0,6932.0,1.028680128767925
서울특별시,2014,03,3766.0,3487.0,7253.0,1.0800114711786637
서울특별시,2014,04,3733.0,3421.0,7154.0,1.091201403098509
서울특별시,2014,05,3485.0,3393.0,6878.0,1.027114647804303
서울특별시,2014,06,3334.0,3072.0,6406.0,1.0852864583333333
서울특별시,2014,07,3549.0,3426.0,6975.0,1.0359019264448337
서울특별시,2014,08,3684.0,3508.0,7192.0,1.0501710376282782
서울특별시,2014,09,3756.0,3637.0,7393.0,1.0327192741270277
서울특별시,2014,10,3530.0,3457.0,6987.0,1.0211165750650852
서울특별시,2014,11,3195.0,3049.0,6244.0,1.0478845523122335
서울특별시,2014,12,3175.0,3084.0,6259.0,1.0295071335927366
서울특별시,2015,01,4075.0,3958.0,8033.0,1.0295603840323395
서울특별시,2015,02,3420.0,3254.0,6674.0,1.0510141364474492
서울특별시,2015,03,3929.0,3674.0,7603.0,1.0694066412629286
서울특별시,2015,04,3760.0,3475.0,7235.0,1.0820143884892086
서울특별시,2015,05,3591.0,3402.0,6993.0,1.0555555555555556
서울특별시,2015,06,3456.0,3367.0,6823.0,1.0264330264330264
서울특별시,2015,07,3510.0,3375.0,6885.0,1.04
서울특별시,2015,08,3467.0,3339.0,6806.0,1.038334830787661
서울특별시,2015,09,3487.0,3333.0,6820.0,1.046204620462046
서울특별시,2015,10,3456.0,3343.0,6799.0,1.0338019742746036
서울특별시,2015,11,3221.0,3160.0,6381.0,1.0193037974683545
서울특별시,2015,12,2998.0,2955.0,5953.0,1.0145516074450085
서울특별시,2016,01,3825.0,3601.0,7426.0,1.0622049430713691
서울특별시,2016,02,3280.0,3157.0,6437.0,1.0389610389610389
서울특별시,2016,03,3695.0,3481.0,7176.0,1.0614765871875897
서울특별시,2016,04,3372.0,3175.0,6547.0,1.0620472440944881
서울특별시,2016,05,3225.0,3197.0,6422.0,1.0087582108226463
서울특별시,2016,06,3173.0,3060.0,6233.0,1.0369281045751635
서울특별시,2016,07,3326.0,3088.0,6414.0,1.0770725388601037
서울특별시,2016,08,3146.0,3006.0,6152.0,1.0465735196274117
서울특별시,2016,09,3247.0,3045.0,6292.0,1.0663382594417077
서울특별시,2016,10,3035.0,2856.0,5891.0,1.0626750700280112
서울특별시,2016,11,2811.0,2684.0,5495.0,1.0473174366616989
서울특별시,2016,12,2609.0,2442.0,5051.0,1.0683865683865683
서울특별시,2017,01,3311.0,3065.0,6376.0,1.0802610114192497
서울특별시,2017,02,2910.0,2736.0,5646.0,1.0635964912280702
서울특별시,2017,03,3117.0,3016.0,6133.0,1.0334880636604775
서울특별시,2017,04,2813.0,2729.0,5542.0,1.0307805056797361
서울특별시,2017,05,2753.0,2681.0,5434.0,1.0268556508765385
서울특별시,2017,06,2745.0,2616.0,5361.0,1.0493119266055047
서울특별시,2017,07,2748.0,2597.0,5345.0,1.05814401232191
서울특별시,2017,08,2767.0,2673.0,5440.0,1.0351664796109241
서울특별시,2017,09,2833.0,2657.0,5490.0,1.0662401204365826
서울특별시,2017,10,2515.0,2500.0,5015.0,1.006
서울특별시,2017,11,2580.0,2363.0,4943.0,1.0918324164198054
서울특별시,2017,12,2393.0,2271.0,4664.0,1.05372082782915
서울특별시,2018,01,2919.0,2756.0,5675.0,1.059143686502177
서울특별시,2018,02,2413.0,2379.0,4792.0,1.014291719209752
서울특별시,2018,03,2717.0,2561.0,5278.0,1.0609137055837563
서울특별시,2018,04,2565.0,2392.0,4957.0,1.0723244147157192
서울특별시,2018,05,2625.0,2317.0,4942.0,1.1329305135951662
서울특별시,2018,06,2410.0,2193.0,4603.0,1.0989512083903328
서울특별시,2018,07,2482.0,2363.0,4845.0,1.0503597122302157
서울특별시,2018,08,2586.0,2339.0,4925.0,1.1056006840530141
서울특별시,2018,09,2440.0,2247.0,4687.0,1.0858923008455719
서울특별시,2018,10,2466.0,2223.0,4689.0,1.1093117408906883
서울특별시,2018,11,2369.0,2202.0,4571.0,1.0758401453224342
서울특별시,2018,12,2145.0,1965.0,4110.0,1.0916030534351144
서울특별시,2019,01,2700.0,2548.0,5248.0,1.0596546310832025
서울특별시,2019,02,2383.0,2195.0,4578.0,1.0856492027334852
서울특별시,2019,03,2519.0,2292.0,4811.0,1.0990401396160558
서울특별시,2019,04,2394.0,2292.0,4686.0,1.044502617801047
서울특별시,2019,05,2356.0,2168.0,4524.0,1.0867158671586716
서울특별시,2019,06,2226.0,2075.0,4301.0,1.0727710843373495
서울특별시,2019,07,2379.0,2172.0,4551.0,1.0953038674033149
서울특별시,2019,08,2211.0,2119.0,4330.0,1.0434167059933932
서울특별시,2019,09,2225.0,2066.0,4291.0,1.0769603097773475
서울특별시,2019,10,2337.0,2176.0,4513.0,1.0739889705882353
서울특별시,2019,11,2128.0,2042.0,4170.0,1.0421155729676788
서울특별시,2019,12,1953.0,1717.0,3670.0,1.1374490390215493
서울특별시,2020,01,2394.0,2307.0,4701.0,1.0377113133940181
서울특별시,2020,02,2002.0,1925.0,3927.0,1.04
서울특별시,2020,03,2172.0,1954.0,4126.0,1.1115660184237461
서울특별시,2020,04,2096.0,1999.0,4095.0,1.0485242621310655
서울특별시,2020,05,2044.0,1940.0,3984.0,1.0536082474226804
서울특별시,2020,06,1956.0,1930.0,3886.0,1.0134715025906735
서울특별시,2020,07,2011.0,1943.0,3954.0,1.0349974266598043
서울특별시,2020,08,2015.0,1882.0,3897.0,1.0706695005313496
서울특별시,2020,09,2084.0,2024.0,4108.0,1.0296442687747036
서울특별시,2020,10,2021.0,1849.0,3870.0,1.0930232558139534
서울특별시,2020,11,1789.0,1680.0,3469.0,1.0648809523809524
서울특별시,2020,12,1760.0,1668.0,3428.0,1.0551558752997603
서울특별시,2021,01,2260.0,2135.0,4395.0,1.0585480093676816
서울특별시,2021,02,1838.0,1828.0,3666.0,1.0054704595185995
서울특별시,2021,03,2127.0,2079.0,4206.0,1.023088023088023
서울특별시,2021,04,2043.0,1952.0,3995.0,1.0466188524590163
서울특별시,2021,05,2087.0,1909.0,3996.0,1.0932425353588267
서울특별시,2021,06,2033.0,1762.0,3795.0,1.1538024971623155
서울특별시,2021,07,1945.0,1842.0,3787.0,1.0559174809989142
서울특별시,2021,08,1950.0,1908.0,3858.0,1.0220125786163523
서울특별시,2021,09,1939.0,1814.0,3753.0,1.0689084895259096
서울특별시,2021,10,1839.0,1694.0,3533.0,1.0855962219598583
서울특별시,2021,11,1818.0,1695.0,3513.0,1.072566371681416
서울특별시,2021,12,1557.0,1477.0,3034.0,1.05416384563304
서울특별시,2022,01,2196.0,2101.0,4297.0,1.0452165635411708
서울특별시,2022,02,1814.0,1661.0,3475.0,1.0921131848284167
서울특별시,2022,03,2073.0,1954.0,4027.0,1.0609007164790174
서울특별시,2022,04,1848.0,1773.0,3621.0,1.0423011844331642
서울특별시,2022,05,1738.0,1674.0,3412.0,1.038231780167264
서울특별시,2022,06,1636.0,1540.0,3176.0,1.0623376623376624
서울특별시,2022,07,1827.0,1703.0,3530.0,1.0728126834997065
서울특별시,2022,08,1891.0,1779.0,3670.0,1.062956717256886
서울특별시,2022,09,1820.0,1831.0,3651.0,0.99399235390497
서울특별시,2022,10,1794.0,1818.0,3612.0,0.9867986798679867
서울특별시,2022,11,1678.0,1552.0,3230.0,1.0811855670103092
서울특별시,2022,12,1472.0,1429.0,2901.0,1.0300909727081875
서울특별시,2023,01,2054.0,2025.0,4079.0,1.0143209876543209
서울특별시,2023,02,1665.0,1652.0,3317.0,1.007869249394673
서울특별시,2023,03,1844.0,1787.0,3631.0,1.0318970341354226
서울특별시,2023,04,1593.0,1485.0,3078.0,1.0727272727272728
서울특별시,2023,05,1731.0,1571.0,3302.0,1.1018459579885422
서울특별시,2023,06,1596.0,1537.0,3133.0,1.0383864671437866
서울특별시,2023,07,1715.0,1565.0,3280.0,1.095846645367412
서울특별시,2023,08,1712.0,1542.0,3254.0,1.1102464332036317
서울특별시,2023,09,1685.0,1556.0,3241.0,1.082904884318766
서울특별시,2023,10,1703.0,1641.0,3344.0,1.0377818403412553
서울특별시,2023,11,1568.0,1476.0,3044.0,1.062330623306233
서울특별시,2023,12,1391.0,1362.0,2753.0,1.0212922173274597
서울특별시,2024,01,1930.0,1781.0,3711.0,1.0836608646827626
서울특별시,2024,02,1703.0,1679.0,3382.0,1.0142942227516378
서울특별시,2024,03,1764.0,1719.0,3483.0,1.0261780104712042
서울특별시,2024,04,1763.0,1615.0,3378.0,1.091640866873065
서울특별시,2024,05,1742.0,1721.0,3463.0,1.0122022080185937
서울특별시,2024,06,1624.0,1640.0,3264.0,0.9902439024390244
서울특별시,2024,07,1800.0,1700.0,3500.0,1.0588235294117647
서울특별시,2024,08,1757.0,1710.0,3467.0,1.027485380116959
서울특별시,2024,09,1851.0,1829.0,3680.0,1.0120284308365226
서울특별시,2024,10,1930.0,1808.0,3738.0,1.0674778761061947
서울특별시,2024,11,1745.0,1691.0,3436.0,1.031933767001774
서울특별시,2024,12,1601.0,1502.0,3103.0,1.065912117177097
세종특별자치시,2012,01,38.0,35.0,73.0,1.0857142857142856
세종특별자치시,2012,02,43.0,31.0,74.0,1.3870967741935485
세종특별자치시,2012,03,49.0,43.0,92.0,1.1395348837209303
세종특별자치시,2012,04,38.0,46.0,84.0,0.8260869565217391
세종특별자치시,2012,05,42.0,30.0,72.0,1.4
세종특별자치시,2012,06,30.0,48.0,78.0,0.625
세종특별자치시,2012,07,52.0,53.0,105.0,0.9811320754716981
세종특별자치시,2012,08,50.0,42.0,92.0,1.1904761904761905
세종특별자치시,2012,09,43.0,46.0,89.0,0.9347826086956522
세종특별자치시,2012,10,54.0,47.0,101.0,1.148936170212766
세종특별자치시,2012,11,41.0,45.0,86.0,0.9111111111111111
세종특별자치시,2012,12,63.0,45.0,108.0,1.4
세종특별자치시,2013,01,64.0,50.0,114.0,1.28
세종특별자치시,2013,02,47.0,57.0,104.0,0.8245614035087719
세종특별자치시,2013,03,50.0,38.0,88.0,1.3157894736842106
세종특별자치시,2013,04,43.0,35.0,78.0,1.2285714285714286
세종특별자치시,2013,05,41.0,45.0,86.0,0.9111111111111111
세종특별자치시,2013,06,38.0,48.0,86.0,0.7916666666666666
세종특별자치시,2013,07,42.0,60.0,102.0,0.7
세종특별자치시,2013,08,45.0,49.0,94.0,0.9183673469387755
세종특별자치시,2013,09,58.0,57.0,115.0,1.0175438596491229
세종특별자치시,2013,10,39.0,49.0,88.0,0.7959183673469388
세종특별자치시,2013,11,43.0,46.0,89.0,0.9347826086956522
세종특별자치시,2013,12,35.0,32.0,67.0,1.09375
세종특별자치시,2014,01,51.0,56.0,107.0,0.9107142857142857
세종특별자치시,2014,02,46.0,49.0,95.0,0.9387755102040817
세종특별자치시,2014,03,60.0,49.0,109.0,1.2244897959183674
세종특별자치시,2014,04,53.0,58.0,111.0,0.9137931034482759
세종특별자치시,2014,05,41.0,57.0,98.0,0.7192982456140351
세종특별자치시,2014,06,41.0,53.0,94.0,0.7735849056603774
세종특별자치시,2014,07,61.0,54.0,115.0,1.1296296296296295
세종특별자치시,2014,08,70.0,61.0,131.0,1.1475409836065573
세종특별자치시,2014,09,72.0,53.0,125.0,1.3584905660377358
세종특별자치시,2014,10,73.0,65.0,138.0,1.123076923076923
세종특별자치시,2014,11,69.0,53.0,122.0,1.3018867924528301
세종특별자치시,2014,12,54.0,45.0,99.0,1.2
세종특별자치시,2015,01,112.0,98.0,210.0,1.1428571428571428
세종특별자치시,2015,02,89.0,91.0,180.0,0.978021978021978
세종특별자치시,2015,03,116.0,86.0,202.0,1.3488372093023255
세종특별자치시,2015,04,126.0,89.0,215.0,1.4157303370786516
세종특별자치시,2015,05,108.0,105.0,213.0,1.0285714285714285
세종특별자치시,2015,06,117.0,123.0,240.0,0.9512195121951219
세종특별자치시,2015,07,117.0,108.0,225.0,1.0833333333333333
세종특별자치시,2015,08,115.0,117.0,232.0,0.9829059829059829
세종특별자치시,2015,09,142.0,107.0,249.0,1.3271028037383177
세종특별자치시,2015,10,122.0,118.0,240.0,1.0338983050847457
세종특별자치시,2015,11,129.0,115.0,244.0,1.1217391304347826
세종특별자치시,2015,12,125.0,133.0,258.0,0.9398496240601504
세종특별자치시,2016,01,153.0,133.0,286.0,1.150375939849624
세종특별자치시,2016,02,148.0,130.0,278.0,1.1384615384615384
세종특별자치시,2016,03,167.0,136.0,303.0,1.2279411764705883
세종특별자치시,2016,04,134.0,143.0,277.0,0.9370629370629371
세종특별자치시,2016,05,123.0,136.0,259.0,0.9044117647058824
세종특별자치시,2016,06,161.0,132.0,293.0,1.2196969696969697
세종특별자치시,2016,07,134.0,126.0,260.0,1.0634920634920635
세종특별자치시,2016,08,142.0,128.0,270.0,1.109375
세종특별자치시,2016,09,136.0,152.0,288.0,0.8947368421052632
세종특별자치시,2016,10,130.0,135.0,265.0,0.9629629629629629
세종특별자치시,2016,11,133.0,140.0,273.0,0.95
세종특별자치시,2016,12,130.0,115.0,245.0,1.1304347826086956
세종특별자치시,2017,01,161.0,174.0,335.0,0.9252873563218391
세종특별자치시,2017,02,119.0,140.0,259.0,0.85
세종특별자치시,2017,03,154.0,149.0,303.0,1.0335570469798658
세종특별자치시,2017,04,138.0,136.0,274.0,1.0147058823529411
세종특별자치시,2017,05,153.0,149.0,302.0,1.0268456375838926
세종특별자치시,2017,06,154.0,118.0,272.0,1.305084745762712
세종특별자치시,2017,07,143.0,130.0,273.0,1.1
세종특별자치시,2017,08,148.0,171.0,319.0,0.8654970760233918
세종특별자치시,2017,09,168.0,155.0,323.0,1.0838709677419356
세종특별자치시,2017,10,146.0,151.0,297.0,0.9668874172185431
세종특별자치시,2017,11,129.0,136.0,265.0,0.9485294117647058
세종특별자치시,2017,12,131.0,151.0,282.0,0.8675496688741722
세종특별자치시,2018,01,167.0,180.0,347.0,0.9277777777777778
세종특별자치시,2018,02,157.0,148.0,305.0,1.0608108108108107
세종특별자치시,2018,03,170.0,149.0,319.0,1.1409395973154361
세종특별자치시,2018,04,153.0,153.0,306.0,1.0
세종특별자치시,2018,05,155.0,146.0,301.0,1.0616438356164384
세종특별자치시,2018,06,136.0,141.0,277.0,0.9645390070921985
세종특별자치시,2018,07,174.0,170.0,344.0,1.0235294117647058
세종특별자치시,2018,08,158.0,122.0,280.0,1.2950819672131149
세종특별자치시,2018,09,157.0,136.0,293.0,1.1544117647058822
세종특별자치시,2018,10,158.0,151.0,309.0,1.0463576158940397
세종특별자치시,2018,11,188.0,149.0,337.0,1.261744966442953
세종특별자치시,2018,12,148.0,137.0,285.0,1.0802919708029197
세종특별자치시,2019,01,180.0,212.0,392.0,0.8490566037735849
세종특별자치시,2019,02,159.0,177.0,336.0,0.8983050847457628
세종특별자치시,2019,03,179.0,176.0,355.0,1.0170454545454546
세종특별자치시,2019,04,154.0,169.0,323.0,0.9112426035502958
세종특별자치시,2019,05,178.0,170.0,348.0,1.0470588235294118
세종특별자치시,2019,06,155.0,127.0,282.0,1.220472440944882
세종특별자치시,2019,07,159.0,152.0,311.0,1.0460526315789473
세종특별자치시,2019,08,137.0,147.0,284.0,0.9319727891156463
세종특별자치시,2019,09,142.0,140.0,282.0,1.0142857142857142
세종특별자치시,2019,10,168.0,154.0,322.0,1.0909090909090908
세종특별자치시,2019,11,153.0,157.0,310.0,0.9745222929936306
세종특별자치시,2019,12,160.0,114.0,274.0,1.4035087719298245
세종특별자치시,2020,01,197.0,175.0,372.0,1.1257142857142857
세종특별자치시,2020,02,144.0,163.0,307.0,0.8834355828220859
세종특별자치시,2020,03,170.0,159.0,329.0,1.069182389937107
세종특별자치시,2020,04,176.0,140.0,316.0,1.2571428571428571
세종특별자치시,2020,05,125.0,125.0,250.0,1.0
세종특별자치시,2020,06,132.0,141.0,273.0,0.9361702127659575
세종특별자치시,2020,07,158.0,150.0,308.0,1.0533333333333332
세종특별자치시,2020,08,123.0,154.0,277.0,0.7987012987012987
세종특별자치시,2020,09,137.0,116.0,253.0,1.1810344827586208
세종특별자치시,2020,10,136.0,147.0,283.0,0.9251700680272109
세종특별자치시,2020,11,124.0,133.0,257.0,0.9323308270676691
세종특별자치시,2020,12,128.0,115.0,243.0,1.1130434782608696
세종특별자치시,2021,01,172.0,170.0,342.0,1.011764705882353
세종특별자치시,2021,02,170.0,123.0,293.0,1.3821138211382114
세종특별자치시,2021,03,165.0,198.0,363.0,0.8333333333333334
세종특별자치시,2021,04,138.0,169.0,307.0,0.8165680473372781
세종특별자치시,2021,05,157.0,112.0,269.0,1.4017857142857142
세종특별자치시,2021,06,136.0,144.0,280.0,0.9444444444444444
세종특별자치시,2021,07,151.0,162.0,313.0,0.9320987654320988
세종특별자치시,2021,08,143.0,147.0,290.0,0.9727891156462585
세종특별자치시,2021,09,154.0,151.0,305.0,1.0198675496688743
세종특별자치시,2021,10,161.0,158.0,319.0,1.018987341772152
세종특별자치시,2021,11,129.0,134.0,263.0,0.9626865671641791
세종특별자치시,2021,12,114.0,112.0,226.0,1.0178571428571428
세종특별자치시,2022,01,159.0,165.0,324.0,0.9636363636363636
세종특별자치시,2022,02,163.0,140.0,303.0,1.1642857142857144
세종특별자치시,2022,03,158.0,151.0,309.0,1.0463576158940397
세종특별자치시,2022,04,137.0,137.0,274.0,1.0
세종특별자치시,2022,05,127.0,128.0,255.0,0.9921875
세종특별자치시,2022,06,125.0,123.0,248.0,1.016260162601626
세종특별자치시,2022,07,121.0,120.0,241.0,1.0083333333333333
세종특별자치시,2022,08,125.0,111.0,236.0,1.1261261261261262
세종특별자치시,2022,09,134.0,135.0,269.0,0.9925925925925926
세종특별자치시,2022,10,138.0,138.0,276.0,1.0
세종특별자치시,2022,11,126.0,122.0,248.0,1.0327868852459017
세종특별자치시,2022,12,119.0,107.0,226.0,1.1121495327102804
세종특별자치시,2023,01,158.0,154.0,312.0,1.025974025974026
세종특별자치시,2023,02,142.0,139.0,281.0,1.0215827338129497
세종특별자치시,2023,03,132.0,123.0,255.0,1.0731707317073171
세종특별자치시,2023,04,118.0,116.0,234.0,1.0172413793103448
세종특별자치시,2023,05,125.0,92.0,217.0,1.358695652173913
세종특별자치시,2023,06,103.0,114.0,217.0,0.9035087719298246
세종특별자치시,2023,07,114.0,110.0,224.0,1.0363636363636364
세종특별자치시,2023,08,89.0,107.0,196.0,0.8317757009345794
세종특별자치시,2023,09,104.0,97.0,201.0,1.0721649484536082
세종특별자치시,2023,10,106.0,116.0,222.0,0.9137931034482759
세종특별자치시,2023,11,89.0,109.0,198.0,0.8165137614678899
세종특별자치시,2023,12,107.0,97.0,204.0,1.1030927835051547
세종특별자치시,2024,01,124.0,131.0,255.0,0.9465648854961832
세종특별자치시,2024,02,134.0,106.0,240.0,1.2641509433962264
세종특별자치시,2024,03,129.0,142.0,271.0,0.9084507042253521
세종특별자치시,2024,04,110.0,100.0,210.0,1.1
세종특별자치시,2024,05,125.0,94.0,219.0,1.3297872340425532
세종특별자치시,2024,06,102.0,123.0,225.0,0.8292682926829268
세종특별자치시,2024,07,137.0,121.0,258.0,1.1322314049586777
세종특별자치시,2024,08,94.0,129.0,223.0,0.7286821705426356
세종특별자치시,2024,09,138.0,130.0,268.0,1.0615384615384615
세종특별자치시,2024,10,148.0,141.0,289.0,1.049645390070922
세종특별자치시,2024,11,119.0,122.0,241.0,0.9754098360655737
세종특별자치시,2024,12,101.0,95.0,196.0,1.063157894736842
울산광역시,1997,01,935.0,819.0,1754.0,1.1416361416361416
울산광역시,1997,02,838.0,731.0,1569.0,1.146374829001368
울산광역시,1997,03,946.0,825.0,1771.0,1.1466666666666667
울산광역시,1997,04,844.0,725.0,1569.0,1.1641379310344828
울산광역시,1997,05,753.0,726.0,1479.0,1.037190082644628
울산광역시,1997,06,713.0,637.0,1350.0,1.119309262166405
울산광역시,1997,07,744.0,697.0,1441.0,1.067431850789096
울산광역시,1997,08,726.0,636.0,1362.0,1.1415094339622642
울산광역시,1997,09,833.0,703.0,1536.0,1.1849217638691323
울산광역시,1997,10,815.0,692.0,1507.0,1.1777456647398843
울산광역시,1997,11,728.0,680.0,1408.0,1.0705882352941176
울산광역시,1997,12,810.0,717.0,1527.0,1.1297071129707112
울산광역시,1998,01,837.0,731.0,1568.0,1.1450068399452804
울산광역시,1998,02,753.0,714.0,1467.0,1.0546218487394958
울산광역시,1998,03,911.0,800.0,1711.0,1.13875
울산광역시,1998,04,839.0,718.0,1557.0,1.1685236768802227
울산광역시,1998,05,746.0,645.0,1391.0,1.1565891472868217
울산광역시,1998,06,677.0,588.0,1265.0,1.151360544217687
울산광역시,1998,07,678.0,552.0,1230.0,1.2282608695652173
울산광역시,1998,08,660.0,549.0,1209.0,1.2021857923497268
울산광역시,1998,09,723.0,687.0,1410.0,1.0524017467248907
울산광역시,1998,10,740.0,587.0,1327.0,1.2606473594548553
울산광역시,1998,11,718.0,590.0,1308.0,1.2169491525423728
울산광역시,1998,12,667.0,587.0,1254.0,1.1362862010221466
울산광역시,1999,01,764.0,675.0,1439.0,1.1318518518518519
울산광역시,1999,02,711.0,638.0,1349.0,1.1144200626959249
울산광역시,1999,03,781.0,706.0,1487.0,1.1062322946175638
울산광역시,1999,04,769.0,632.0,1401.0,1.2167721518987342
울산광역시,1999,05,758.0,590.0,1348.0,1.2847457627118644
울산광역시,1999,06,601.0,496.0,1097.0,1.2116935483870968
울산광역시,1999,07,631.0,545.0,1176.0,1.1577981651376146
울산광역시,1999,08,620.0,583.0,1203.0,1.0634648370497428
울산광역시,1999,09,691.0,535.0,1226.0,1.291588785046729
울산광역시,1999,10,692.0,677.0,1369.0,1.0221565731166913
울산광역시,1999,11,659.0,617.0,1276.0,1.06807131280389
울산광역시,1999,12,720.0,649.0,1369.0,1.1093990755007703
울산광역시,2000,01,754.0,725.0,1479.0,1.04
울산광역시,2000,02,732.0,656.0,1388.0,1.1158536585365855
울산광역시,2000,03,829.0,695.0,1524.0,1.1928057553956835
울산광역시,2000,04,749.0,611.0,1360.0,1.225859247135843
울산광역시,2000,05,705.0,606.0,1311.0,1.1633663366336633
울산광역시,2000,06,624.0,517.0,1141.0,1.206963249516441
울산광역시,2000,07,666.0,571.0,1237.0,1.1663747810858143
울산광역시,2000,08,643.0,582.0,1225.0,1.104810996563574
울산광역시,2000,09,674.0,622.0,1296.0,1.0836012861736335
울산광역시,2000,10,718.0,660.0,1378.0,1.087878787878788
울산광역시,2000,11,641.0,618.0,1259.0,1.0372168284789645
울산광역시,2000,12,642.0,576.0,1218.0,1.1145833333333333
울산광역시,2001,01,724.0,613.0,1337.0,1.1810766721044046
울산광역시,2001,02,641.0,575.0,1216.0,1.1147826086956523
울산광역시,2001,03,764.0,602.0,1366.0,1.2691029900332227
울산광역시,2001,04,622.0,545.0,1167.0,1.1412844036697247
울산광역시,2001,05,619.0,539.0,1158.0,1.1484230055658626
울산광역시,2001,06,572.0,452.0,1024.0,1.2654867256637168
울산광역시,2001,07,531.0,465.0,996.0,1.1419354838709677
울산광역시,2001,08,566.0,448.0,1014.0,1.2633928571428572
울산광역시,2001,09,589.0,543.0,1132.0,1.0847145488029466
울산광역시,2001,10,568.0,504.0,1072.0,1.126984126984127
울산광역시,2001,11,541.0,496.0,1037.0,1.090725806451613
울산광역시,2001,12,556.0,525.0,1081.0,1.059047619047619
울산광역시,2002,01,631.0,502.0,1133.0,1.2569721115537849
울산광역시,2002,02,563.0,480.0,1043.0,1.1729166666666666
울산광역시,2002,03,569.0,561.0,1130.0,1.014260249554367
울산광역시,2002,04,513.0,476.0,989.0,1.0777310924369747
울산광역시,2002,05,532.0,432.0,964.0,1.2314814814814814
울산광역시,2002,06,481.0,412.0,893.0,1.1674757281553398
울산광역시,2002,07,508.0,433.0,941.0,1.1732101616628174
울산광역시,2002,08,478.0,431.0,909.0,1.1090487238979119
울산광역시,2002,09,486.0,433.0,919.0,1.1224018475750577
울산광역시,2002,10,505.0,452.0,957.0,1.1172566371681416
울산광역시,2002,11,484.0,435.0,919.0,1.1126436781609195
울산광역시,2002,12,444.0,425.0,869.0,1.0447058823529412
울산광역시,2003,01,528.0,455.0,983.0,1.1604395604395605
울산광역시,2003,02,510.0,447.0,957.0,1.1409395973154361
울산광역시,2003,03,552.0,509.0,1061.0,1.0844793713163066
울산광역시,2003,04,599.0,471.0,1070.0,1.2717622080679405
울산광역시,2003,05,547.0,478.0,1025.0,1.1443514644351465
울산광역시,2003,06,482.0,373.0,855.0,1.292225201072386
울산광역시,2003,07,483.0,430.0,913.0,1.1232558139534883
울산광역시,2003,08,514.0,418.0,932.0,1.229665071770335
울산광역시,2003,09,539.0,483.0,1022.0,1.1159420289855073
울산광역시,2003,10,510.0,479.0,989.0,1.0647181628392484
울산광역시,2003,11,535.0,439.0,974.0,1.2186788154897494
울산광역시,2003,12,483.0,456.0,939.0,1.0592105263157894
울산광역시,2004,01,553.0,482.0,1035.0,1.1473029045643153
울산광역시,2004,02,495.0,483.0,978.0,1.0248447204968945
울산광역시,2004,03,539.0,527.0,1066.0,1.0227703984819734
울산광역시,2004,04,516.0,424.0,940.0,1.2169811320754718
울산광역시,2004,05,475.0,404.0,879.0,1.1757425742574257
울산광역시,2004,06,472.0,415.0,887.0,1.1373493975903615
울산광역시,2004,07,484.0,370.0,854.0,1.308108108108108
울산광역시,2004,08,496.0,409.0,905.0,1.2127139364303179
울산광역시,2004,09,481.0,463.0,944.0,1.038876889848812
울산광역시,2004,10,526.0,431.0,957.0,1.2204176334106729
울산광역시,2004,11,469.0,424.0,893.0,1.1061320754716981
울산광역시,2004,12,427.0,386.0,813.0,1.1062176165803108
울산광역시,2005,01,527.0,426.0,953.0,1.2370892018779343
울산광역시,2005,02,434.0,383.0,817.0,1.133159268929504
울산광역시,2005,03,526.0,439.0,965.0,1.1981776765375853
울산광역시,2005,04,462.0,413.0,875.0,1.11864406779661
울산광역시,2005,05,464.0,384.0,848.0,1.2083333333333333
울산광역시,2005,06,419.0,395.0,814.0,1.0607594936708862
울산광역시,2005,07,431.0,377.0,808.0,1.143236074270557
울산광역시,2005,08,472.0,400.0,872.0,1.18
울산광역시,2005,09,500.0,460.0,960.0,1.0869565217391304
울산광역시,2005,10,447.0,462.0,909.0,0.9675324675324676
울산광역시,2005,11,397.0,392.0,789.0,1.0127551020408163
울산광역시,2005,12,484.0,375.0,859.0,1.2906666666666666
울산광역시,2006,01,489.0,446.0,935.0,1.0964125560538116
울산광역시,2006,02,456.0,428.0,884.0,1.0654205607476634
울산광역시,2006,03,500.0,456.0,956.0,1.0964912280701755
울산광역시,2006,04,446.0,430.0,876.0,1.0372093023255815
울산광역시,2006,05,480.0,431.0,911.0,1.1136890951276102
울산광역시,2006,06,479.0,384.0,863.0,1.2473958333333333
울산광역시,2006,07,454.0,371.0,825.0,1.2237196765498652
울산광역시,2006,08,473.0,448.0,921.0,1.0558035714285714
울산광역시,2006,09,488.0,457.0,945.0,1.0678336980306347
울산광역시,2006,10,472.0,430.0,902.0,1.0976744186046512
울산광역시,2006,11,461.0,409.0,870.0,1.1271393643031784
울산광역시,2006,12,471.0,381.0,852.0,1.236220472440945
울산광역시,2007,01,517.0,496.0,1013.0,1.0423387096774193
울산광역시,2007,02,488.0,467.0,955.0,1.044967880085653
울산광역시,2007,03,556.0,475.0,1031.0,1.1705263157894736
울산광역시,2007,04,490.0,453.0,943.0,1.0816777041942605
울산광역시,2007,05,532.0,485.0,1017.0,1.0969072164948455
울산광역시,2007,06,455.0,435.0,890.0,1.0459770114942528
울산광역시,2007,07,525.0,426.0,951.0,1.232394366197183
울산광역시,2007,08,541.0,492.0,1033.0,1.0995934959349594
울산광역시,2007,09,558.0,516.0,1074.0,1.0813953488372092
울산광역시,2007,10,564.0,537.0,1101.0,1.0502793296089385
울산광역시,2007,11,506.0,540.0,1046.0,0.937037037037037
울산광역시,2007,12,446.0,455.0,901.0,0.9802197802197802
울산광역시,2008,01,574.0,501.0,1075.0,1.1457085828343314
울산광역시,2008,02,459.0,470.0,929.0,0.9765957446808511
울산광역시,2008,03,531.0,468.0,999.0,1.1346153846153846
울산광역시,2008,04,517.0,445.0,962.0,1.1617977528089887
울산광역시,2008,05,481.0,423.0,904.0,1.1371158392434988
울산광역시,2008,06,449.0,439.0,888.0,1.0227790432801822
울산광역시,2008,07,483.0,457.0,940.0,1.0568927789934355
울산광역시,2008,08,484.0,434.0,918.0,1.1152073732718895
울산광역시,2008,09,564.0,441.0,1005.0,1.2789115646258504
울산광역시,2008,10,514.0,492.0,1006.0,1.0447154471544715
울산광역시,2008,11,455.0,435.0,890.0,1.0459770114942528
울산광역시,2008,12,426.0,423.0,849.0,1.0070921985815602
울산광역시,2009,01,544.0,508.0,1052.0,1.0708661417322836
울산광역시,2009,02,491.0,455.0,946.0,1.079120879120879
울산광역시,2009,03,509.0,465.0,974.0,1.0946236559139786
울산광역시,2009,04,470.0,431.0,901.0,1.0904872389791183
울산광역시,2009,05,476.0,455.0,931.0,1.0461538461538462
울산광역시,2009,06,466.0,403.0,869.0,1.1563275434243176
울산광역시,2009,07,467.0,399.0,866.0,1.1704260651629073
울산광역시,2009,08,465.0,431.0,896.0,1.0788863109048723
울산광역시,2009,09,502.0,448.0,950.0,1.1205357142857142
울산광역시,2009,10,452.0,456.0,908.0,0.9912280701754386
울산광역시,2009,11,473.0,427.0,900.0,1.1077283372365339
울산광역시,2009,12,425.0,415.0,840.0,1.0240963855421688
울산광역시,2010,01,536.0,485.0,1021.0,1.1051546391752578
울산광역시,2010,02,494.0,400.0,894.0,1.235
울산광역시,2010,03,516.0,458.0,974.0,1.1266375545851528
울산광역시,2010,04,510.0,444.0,954.0,1.1486486486486487
울산광역시,2010,05,416.0,404.0,820.0,1.0297029702970297
울산광역시,2010,06,451.0,414.0,865.0,1.0893719806763285
울산광역시,2010,07,491.0,415.0,906.0,1.183132530120482
울산광역시,2010,08,471.0,470.0,941.0,1.0021276595744681
울산광역시,2010,09,551.0,518.0,1069.0,1.0637065637065637
울산광역시,2010,10,570.0,516.0,1086.0,1.1046511627906976
울산광역시,2010,11,488.0,510.0,998.0,0.9568627450980393
울산광역시,2010,12,454.0,450.0,904.0,1.008888888888889
울산광역시,2011,01,583.0,558.0,1141.0,1.0448028673835126
울산광역시,2011,02,495.0,437.0,932.0,1.1327231121281465
울산광역시,2011,03,550.0,545.0,1095.0,1.0091743119266054
울산광역시,2011,04,533.0,477.0,1010.0,1.1174004192872118
울산광역시,2011,05,502.0,452.0,954.0,1.1106194690265487
울산광역시,2011,06,466.0,439.0,905.0,1.061503416856492
울산광역시,2011,07,481.0,459.0,940.0,1.0479302832244008
울산광역시,2011,08,469.0,471.0,940.0,0.9957537154989384
울산광역시,2011,09,495.0,464.0,959.0,1.0668103448275863
울산광역시,2011,10,478.0,442.0,920.0,1.081447963800905
울산광역시,2011,11,488.0,434.0,922.0,1.1244239631336406
울산광역시,2011,12,408.0,416.0,824.0,0.9807692307692307
울산광역시,2012,01,550.0,512.0,1062.0,1.07421875
울산광역시,2012,02,536.0,470.0,1006.0,1.1404255319148937
울산광역시,2012,03,581.0,535.0,1116.0,1.0859813084112149
울산광역시,2012,04,535.0,511.0,1046.0,1.0469667318982387
울산광역시,2012,05,502.0,447.0,949.0,1.1230425055928412
울산광역시,2012,06,491.0,430.0,921.0,1.1418604651162791
울산광역시,2012,07,489.0,483.0,972.0,1.0124223602484472
울산광역시,2012,08,526.0,527.0,1053.0,0.9981024667931688
울산광역시,2012,09,530.0,549.0,1079.0,0.9653916211293261
울산광역시,2012,10,556.0,525.0,1081.0,1.059047619047619
울산광역시,2012,11,521.0,502.0,1023.0,1.0378486055776892
울산광역시,2012,12,428.0,424.0,852.0,1.009433962264151
울산광역시,2013,01,596.0,535.0,1131.0,1.114018691588785
울산광역시,2013,02,466.0,464.0,930.0,1.0043103448275863
울산광역시,2013,03,466.0,514.0,980.0,0.9066147859922179
울산광역시,2013,04,478.0,493.0,971.0,0.9695740365111561
울산광역시,2013,05,502.0,432.0,934.0,1.162037037037037
울산광역시,2013,06,411.0,398.0,809.0,1.0326633165829147
울산광역시,2013,07,486.0,458.0,944.0,1.0611353711790392
울산광역시,2013,08,489.0,445.0,934.0,1.098876404494382
울산광역시,2013,09,509.0,488.0,997.0,1.0430327868852458
울산광역시,2013,10,469.0,477.0,946.0,0.9832285115303984
울산광역시,2013,11,434.0,462.0,896.0,0.9393939393939394
울산광역시,2013,12,436.0,422.0,858.0,1.033175355450237
울산광역시,2014,01,572.0,506.0,1078.0,1.1304347826086956
울산광역시,2014,02,492.0,500.0,992.0,0.984
울산광역시,2014,03,507.0,489.0,996.0,1.0368098159509203
울산광역시,2014,04,525.0,500.0,1025.0,1.05
울산광역시,2014,05,482.0,501.0,983.0,0.9620758483033932
울산광역시,2014,06,467.0,402.0,869.0,1.1616915422885572
울산광역시,2014,07,476.0,461.0,937.0,1.032537960954447
울산광역시,2014,08,475.0,470.0,945.0,1.0106382978723405
울산광역시,2014,09,514.0,472.0,986.0,1.0889830508474576
울산광역시,2014,10,503.0,489.0,992.0,1.0286298568507157
울산광역시,2014,11,447.0,428.0,875.0,1.044392523364486
울산광역시,2014,12,467.0,411.0,878.0,1.1362530413625305
울산광역시,2015,01,574.0,528.0,1102.0,1.0871212121212122
울산광역시,2015,02,501.0,446.0,947.0,1.1233183856502242
울산광역시,2015,03,538.0,517.0,1055.0,1.0406189555125724
울산광역시,2015,04,560.0,487.0,1047.0,1.1498973305954825
울산광역시,2015,05,503.0,459.0,962.0,1.0958605664488017
울산광역시,2015,06,479.0,469.0,948.0,1.0213219616204692
울산광역시,2015,07,558.0,516.0,1074.0,1.0813953488372092
울산광역시,2015,08,439.0,449.0,888.0,0.977728285077951
울산광역시,2015,09,502.0,442.0,944.0,1.1357466063348416
울산광역시,2015,10,479.0,488.0,967.0,0.9815573770491803
울산광역시,2015,11,445.0,442.0,887.0,1.006787330316742
울산광역시,2015,12,467.0,444.0,911.0,1.0518018018018018
울산광역시,2016,01,535.0,454.0,989.0,1.1784140969162995
울산광역시,2016,02,464.0,467.0,931.0,0.9935760171306209
울산광역시,2016,03,531.0,472.0,1003.0,1.125
울산광역시,2016,04,506.0,468.0,974.0,1.0811965811965811
울산광역시,2016,05,486.0,467.0,953.0,1.0406852248394005
울산광역시,2016,06,438.0,396.0,834.0,1.106060606060606
울산광역시,2016,07,432.0,447.0,879.0,0.9664429530201343
울산광역시,2016,08,480.0,418.0,898.0,1.1483253588516746
울산광역시,2016,09,494.0,480.0,974.0,1.0291666666666666
울산광역시,2016,10,454.0,464.0,918.0,0.978448275862069
울산광역시,2016,11,428.0,392.0,820.0,1.0918367346938775
울산광역시,2016,12,395.0,342.0,737.0,1.154970760233918
울산광역시,2017,01,465.0,470.0,935.0,0.9893617021276596
울산광역시,2017,02,378.0,368.0,746.0,1.0271739130434783
울산광역시,2017,03,458.0,428.0,886.0,1.0700934579439252
울산광역시,2017,04,438.0,409.0,847.0,1.0709046454767726
울산광역시,2017,05,389.0,377.0,766.0,1.0318302387267904
울산광역시,2017,06,381.0,337.0,718.0,1.1305637982195846
울산광역시,2017,07,395.0,362.0,757.0,1.091160220994475
울산광역시,2017,08,453.0,368.0,821.0,1.2309782608695652
울산광역시,2017,09,416.0,365.0,781.0,1.1397260273972603
울산광역시,2017,10,406.0,381.0,787.0,1.0656167979002624
울산광역시,2017,11,391.0,342.0,733.0,1.1432748538011697
울산광역시,2017,12,309.0,295.0,604.0,1.047457627118644
울산광역시,2018,01,405.0,399.0,804.0,1.0150375939849625
울산광역시,2018,02,336.0,327.0,663.0,1.0275229357798166
울산광역시,2018,03,407.0,391.0,798.0,1.040920716112532
울산광역시,2018,04,403.0,322.0,725.0,1.2515527950310559
울산광역시,2018,05,340.0,344.0,684.0,0.9883720930232558
울산광역시,2018,06,310.0,343.0,653.0,0.9037900874635568
울산광역시,2018,07,340.0,332.0,672.0,1.0240963855421688
울산광역시,2018,08,352.0,342.0,694.0,1.0292397660818713
울산광역시,2018,09,367.0,290.0,657.0,1.2655172413793103
울산광역시,2018,10,338.0,326.0,664.0,1.0368098159509203
울산광역시,2018,11,317.0,304.0,621.0,1.042763157894737
울산광역시,2018,12,264.0,250.0,514.0,1.056
울산광역시,2019,01,405.0,356.0,761.0,1.1376404494382022
울산광역시,2019,02,309.0,326.0,635.0,0.9478527607361963
울산광역시,2019,03,320.0,339.0,659.0,0.943952802359882
울산광역시,2019,04,359.0,318.0,677.0,1.128930817610063
울산광역시,2019,05,338.0,296.0,634.0,1.1418918918918919
울산광역시,2019,06,296.0,286.0,582.0,1.034965034965035
울산광역시,2019,07,303.0,310.0,613.0,0.9774193548387097
울산광역시,2019,08,300.0,292.0,592.0,1.0273972602739727
울산광역시,2019,09,325.0,277.0,602.0,1.1732851985559567
울산광역시,2019,10,334.0,327.0,661.0,1.0214067278287462
울산광역시,2019,11,302.0,289.0,591.0,1.0449826989619377
울산광역시,2019,12,249.0,283.0,532.0,0.8798586572438163
울산광역시,2020,01,336.0,367.0,703.0,0.9155313351498637
울산광역시,2020,02,245.0,266.0,511.0,0.9210526315789473
울산광역시,2020,03,324.0,268.0,592.0,1.208955223880597
울산광역시,2020,04,305.0,288.0,593.0,1.0590277777777777
울산광역시,2020,05,276.0,273.0,549.0,1.010989010989011
울산광역시,2020,06,239.0,258.0,497.0,0.9263565891472868
울산광역시,2020,07,279.0,320.0,599.0,0.871875
울산광역시,2020,08,267.0,281.0,548.0,0.9501779359430605
울산광역시,2020,09,273.0,286.0,559.0,0.9545454545454546
울산광역시,2020,10,269.0,261.0,530.0,1.0306513409961686
울산광역시,2020,11,245.0,222.0,467.0,1.1036036036036037
울산광역시,2020,12,236.0,233.0,469.0,1.0128755364806867
울산광역시,2021,01,309.0,261.0,570.0,1.1839080459770115
울산광역시,2021,02,271.0,233.0,504.0,1.1630901287553648
울산광역시,2021,03,285.0,266.0,551.0,1.0714285714285714
울산광역시,2021,04,266.0,274.0,540.0,0.9708029197080292
울산광역시,2021,05,249.0,278.0,527.0,0.89568345323741
울산광역시,2021,06,272.0,246.0,518.0,1.1056910569105691
울산광역시,2021,07,273.0,244.0,517.0,1.1188524590163935
울산광역시,2021,08,279.0,248.0,527.0,1.125
울산광역시,2021,09,270.0,243.0,513.0,1.1111111111111112
울산광역시,2021,10,269.0,236.0,505.0,1.1398305084745763
울산광역시,2021,11,224.0,227.0,451.0,0.986784140969163
울산광역시,2021,12,209.0,195.0,404.0,1.0717948717948718
울산광역시,2022,01,245.0,280.0,525.0,0.875
울산광역시,2022,02,240.0,226.0,466.0,1.0619469026548674
울산광역시,2022,03,270.0,251.0,521.0,1.0756972111553784
울산광역시,2022,04,234.0,235.0,469.0,0.9957446808510638
울산광역시,2022,05,203.0,214.0,417.0,0.9485981308411215
울산광역시,2022,06,209.0,231.0,440.0,0.9047619047619048
울산광역시,2022,07,228.0,209.0,437.0,1.0909090909090908
울산광역시,2022,08,237.0,211.0,448.0,1.1232227488151658
울산광역시,2022,09,263.0,227.0,490.0,1.158590308370044
울산광역시,2022,10,239.0,206.0,445.0,1.1601941747572815
울산광역시,2022,11,207.0,200.0,407.0,1.035
울산광역시,2022,12,172.0,162.0,334.0,1.0617283950617284
울산광역시,2023,01,273.0,248.0,521.0,1.1008064516129032
울산광역시,2023,02,227.0,209.0,436.0,1.0861244019138756
울산광역시,2023,03,254.0,236.0,490.0,1.076271186440678
울산광역시,2023,04,209.0,212.0,421.0,0.9858490566037735
울산광역시,2023,05,210.0,219.0,429.0,0.958904109589041
울산광역시,2023,06,185.0,181.0,366.0,1.022099447513812
울산광역시,2023,07,205.0,196.0,401.0,1.0459183673469388
울산광역시,2023,08,220.0,200.0,420.0,1.1
울산광역시,2023,09,204.0,227.0,431.0,0.8986784140969163
울산광역시,2023,10,214.0,195.0,409.0,1.0974358974358975
울산광역시,2023,11,175.0,201.0,376.0,0.8706467661691543
울산광역시,2023,12,181.0,201.0,382.0,0.900497512437811
울산광역시,2024,01,254.0,216.0,470.0,1.1759259259259258
울산광역시,2024,02,230.0,206.0,436.0,1.116504854368932
울산광역시,2024,03,240.0,199.0,439.0,1.2060301507537687
울산광역시,2024,04,214.0,207.0,421.0,1.0338164251207729
울산광역시,2024,05,214.0,222.0,436.0,0.963963963963964
울산광역시,2024,06,193.0,216.0,409.0,0.8935185185185185
울산광역시,2024,07,212.0,232.0,444.0,0.9137931034482759
울산광역시,2024,08,206.0,236.0,442.0,0.8728813559322034
울산광역시,2024,09,217.0,195.0,412.0,1.1128205128205129
울산광역시,2024,10,249.0,242.0,491.0,1.0289256198347108
울산광역시,2024,11,271.0,200.0,471.0,1.355
울산광역시,2024,12,223.0,188.0,411.0,1.1861702127659575
인천광역시,1997,01,1878.0,1768.0,3646.0,1.0622171945701357
인천광역시,1997,02,1646.0,1547.0,3193.0,1.063994828700711
인천광역시,1997,03,1789.0,1677.0,3466.0,1.0667859272510436
인천광역시,1997,04,1639.0,1550.0,3189.0,1.0574193548387096
인천광역시,1997,05,1619.0,1455.0,3074.0,1.1127147766323024
인천광역시,1997,06,1493.0,1403.0,2896.0,1.0641482537419815
인천광역시,1997,07,1589.0,1412.0,3001.0,1.1253541076487252
인천광역시,1997,08,1575.0,1455.0,3030.0,1.0824742268041236
인천광역시,1997,09,1639.0,1467.0,3106.0,1.1172460804362645
인천광역시,1997,10,1647.0,1587.0,3234.0,1.0378071833648392
인천광역시,1997,11,1625.0,1523.0,3148.0,1.066973079448457
인천광역시,1997,12,1553.0,1567.0,3120.0,0.9910657306955967
인천광역시,1998,01,1747.0,1623.0,3370.0,1.0764017252002465
인천광역시,1998,02,1671.0,1492.0,3163.0,1.1199731903485255
인천광역시,1998,03,1756.0,1653.0,3409.0,1.0623109497882637
인천광역시,1998,04,1499.0,1426.0,2925.0,1.0511921458625526
인천광역시,1998,05,1444.0,1431.0,2875.0,1.0090845562543675
인천광역시,1998,06,1409.0,1251.0,2660.0,1.126298960831335
인천광역시,1998,07,1505.0,1280.0,2785.0,1.17578125
인천광역시,1998,08,1474.0,1359.0,2833.0,1.0846210448859455
인천광역시,1998,09,1588.0,1435.0,3023.0,1.1066202090592334
인천광역시,1998,10,1493.0,1451.0,2944.0,1.0289455547898
인천광역시,1998,11,1460.0,1264.0,2724.0,1.1550632911392404
인천광역시,1998,12,1456.0,1374.0,2830.0,1.059679767103348
인천광역시,1999,01,1643.0,1584.0,3227.0,1.0372474747474747
인천광역시,1999,02,1467.0,1365.0,2832.0,1.0747252747252747
인천광역시,1999,03,1714.0,1533.0,3247.0,1.1180691454664058
인천광역시,1999,04,1546.0,1342.0,2888.0,1.1520119225037257
인천광역시,1999,05,1524.0,1343.0,2867.0,1.1347728965003723
인천광역시,1999,06,1332.0,1276.0,2608.0,1.0438871473354232
인천광역시,1999,07,1462.0,1343.0,2805.0,1.0886075949367089
인천광역시,1999,08,1398.0,1286.0,2684.0,1.0870917573872472
인천광역시,1999,09,1558.0,1295.0,2853.0,1.2030888030888032
인천광역시,1999,10,1505.0,1366.0,2871.0,1.1017569546120058
인천광역시,1999,11,1410.0,1327.0,2737.0,1.062547098718915
인천광역시,1999,12,1400.0,1304.0,2704.0,1.0736196319018405
인천광역시,2000,01,1730.0,1590.0,3320.0,1.0880503144654088
인천광역시,2000,02,1565.0,1504.0,3069.0,1.040558510638298
인천광역시,2000,03,1727.0,1540.0,3267.0,1.1214285714285714
인천광역시,2000,04,1405.0,1278.0,2683.0,1.0993740219092332
인천광역시,2000,05,1443.0,1339.0,2782.0,1.0776699029126213
인천광역시,2000,06,1375.0,1228.0,2603.0,1.1197068403908794
인천광역시,2000,07,1391.0,1278.0,2669.0,1.0884194053208138
인천광역시,2000,08,1418.0,1324.0,2742.0,1.0709969788519638
인천광역시,2000,09,1514.0,1411.0,2925.0,1.0729978738483346
인천광역시,2000,10,1510.0,1370.0,2880.0,1.102189781021898
인천광역시,2000,11,1376.0,1352.0,2728.0,1.017751479289941
인천광역시,2000,12,1464.0,1301.0,2765.0,1.1252882398155266
인천광역시,2001,01,1544.0,1528.0,3072.0,1.0104712041884816
인천광역시,2001,02,1444.0,1283.0,2727.0,1.1254871395167576
인천광역시,2001,03,1489.0,1407.0,2896.0,1.0582800284292821
인천광역시,2001,04,1385.0,1224.0,2609.0,1.1315359477124183
인천광역시,2001,05,1315.0,1196.0,2511.0,1.0994983277591974
인천광역시,2001,06,1196.0,1148.0,2344.0,1.0418118466898956
인천광역시,2001,07,1231.0,1108.0,2339.0,1.1110108303249098
인천광역시,2001,08,1223.0,1132.0,2355.0,1.0803886925795052
인천광역시,2001,09,1298.0,1172.0,2470.0,1.1075085324232081
인천광역시,2001,10,1275.0,1179.0,2454.0,1.0814249363867685
인천광역시,2001,11,1256.0,1127.0,2383.0,1.1144631765749777
인천광역시,2001,12,1208.0,1126.0,2334.0,1.0728241563055063
인천광역시,2002,01,1484.0,1282.0,2766.0,1.1575663026521061
인천광역시,2002,02,1231.0,1194.0,2425.0,1.0309882747068677
인천광역시,2002,03,1389.0,1244.0,2633.0,1.1165594855305465
인천광역시,2002,04,1133.0,1046.0,2179.0,1.0831739961759081
인천광역시,2002,05,1186.0,1082.0,2268.0,1.0961182994454715
인천광역시,2002,06,1046.0,1004.0,2050.0,1.0418326693227091
인천광역시,2002,07,1107.0,1008.0,2115.0,1.0982142857142858
인천광역시,2002,08,1067.0,1053.0,2120.0,1.01329534662868
인천광역시,2002,09,1101.0,1025.0,2126.0,1.0741463414634147
인천광역시,2002,10,1087.0,1053.0,2140.0,1.0322886989553657
인천광역시,2002,11,1005.0,987.0,1992.0,1.0182370820668694
인천광역시,2002,12,1007.0,954.0,1961.0,1.0555555555555556
인천광역시,2003,01,1279.0,1205.0,2484.0,1.0614107883817427
인천광역시,2003,02,1182.0,1127.0,2309.0,1.0488021295474712
인천광역시,2003,03,1275.0,1201.0,2476.0,1.061615320566195
인천광역시,2003,04,1233.0,1196.0,2429.0,1.0309364548494984
인천광역시,2003,05,1238.0,1150.0,2388.0,1.0765217391304347
인천광역시,2003,06,1008.0,910.0,1918.0,1.1076923076923078
인천광역시,2003,07,1068.0,957.0,2025.0,1.115987460815047
인천광역시,2003,08,1083.0,1016.0,2099.0,1.0659448818897639
인천광역시,2003,09,1148.0,1086.0,2234.0,1.0570902394106814
인천광역시,2003,10,1213.0,1109.0,2322.0,1.0937781785392244
인천광역시,2003,11,1103.0,1060.0,2163.0,1.040566037735849
인천광역시,2003,12,984.0,1001.0,1985.0,0.983016983016983
인천광역시,2004,01,1265.0,1137.0,2402.0,1.1125769569041337
인천광역시,2004,02,1138.0,1054.0,2192.0,1.079696394686907
인천광역시,2004,03,1249.0,1186.0,2435.0,1.0531197301854975
인천광역시,2004,04,1051.0,1002.0,2053.0,1.0489021956087825
인천광역시,2004,05,1078.0,1005.0,2083.0,1.072636815920398
인천광역시,2004,06,977.0,958.0,1935.0,1.0198329853862214
인천광역시,2004,07,1074.0,974.0,2048.0,1.1026694045174539
인천광역시,2004,08,1083.0,920.0,2003.0,1.1771739130434782
인천광역시,2004,09,1041.0,983.0,2024.0,1.059003051881994
인천광역시,2004,10,1077.0,1066.0,2143.0,1.0103189493433395
인천광역시,2004,11,985.0,950.0,1935.0,1.0368421052631578
인천광역시,2004,12,945.0,894.0,1839.0,1.0570469798657718
인천광역시,2005,01,1157.0,1011.0,2168.0,1.1444114737883284
인천광역시,2005,02,918.0,874.0,1792.0,1.0503432494279177
인천광역시,2005,03,1084.0,1016.0,2100.0,1.0669291338582678
인천광역시,2005,04,939.0,900.0,1839.0,1.0433333333333332
인천광역시,2005,05,950.0,869.0,1819.0,1.093210586881473
인천광역시,2005,06,970.0,843.0,1813.0,1.150652431791222
인천광역시,2005,07,932.0,871.0,1803.0,1.0700344431687716
인천광역시,2005,08,993.0,1002.0,1995.0,0.9910179640718563
인천광역시,2005,09,967.0,1004.0,1971.0,0.9631474103585658
인천광역시,2005,10,981.0,944.0,1925.0,1.0391949152542372
인천광역시,2005,11,1014.0,951.0,1965.0,1.0662460567823344
인천광역시,2005,12,980.0,856.0,1836.0,1.144859813084112
인천광역시,2006,01,1108.0,1041.0,2149.0,1.0643611911623438
인천광역시,2006,02,983.0,956.0,1939.0,1.0282426778242677
인천광역시,2006,03,1080.0,946.0,2026.0,1.1416490486257929
인천광역시,2006,04,1017.0,1009.0,2026.0,1.0079286422200198
인천광역시,2006,05,1030.0,946.0,1976.0,1.0887949260042282
인천광역시,2006,06,940.0,899.0,1839.0,1.0456062291434927
인천광역시,2006,07,992.0,964.0,1956.0,1.0290456431535269
인천광역시,2006,08,997.0,986.0,1983.0,1.011156186612576
인천광역시,2006,09,1059.0,946.0,2005.0,1.1194503171247356
인천광역시,2006,10,1026.0,986.0,2012.0,1.0405679513184585
인천광역시,2006,11,1059.0,920.0,1979.0,1.1510869565217392
인천광역시,2006,12,942.0,879.0,1821.0,1.0716723549488054
인천광역시,2007,01,1206.0,1077.0,2283.0,1.1197771587743732
인천광역시,2007,02,1072.0,1022.0,2094.0,1.0489236790606653
인천광역시,2007,03,1151.0,1161.0,2312.0,0.9913867355727821
인천광역시,2007,04,1122.0,1061.0,2183.0,1.057492931196984
인천광역시,2007,05,1068.0,1011.0,2079.0,1.056379821958457
인천광역시,2007,06,1042.0,958.0,2000.0,1.0876826722338204
인천광역시,2007,07,1139.0,1049.0,2188.0,1.0857959961868446
인천광역시,2007,08,1223.0,1135.0,2358.0,1.077533039647577
인천광역시,2007,09,1248.0,1142.0,2390.0,1.0928196147110332
인천광역시,2007,10,1281.0,1207.0,2488.0,1.0613090306545154
인천광역시,2007,11,1175.0,1079.0,2254.0,1.0889712696941614
인천광역시,2007,12,1017.0,1066.0,2083.0,0.9540337711069419
인천광역시,2008,01,1232.0,1185.0,2417.0,1.0396624472573839
인천광역시,2008,02,1064.0,1010.0,2074.0,1.0534653465346535
인천광역시,2008,03,1210.0,1118.0,2328.0,1.0822898032200359
인천광역시,2008,04,1095.0,1054.0,2149.0,1.0388994307400379
인천광역시,2008,05,1110.0,976.0,2086.0,1.1372950819672132
인천광역시,2008,06,923.0,961.0,1884.0,0.9604578563995838
인천광역시,2008,07,1112.0,979.0,2091.0,1.13585291113381
인천광역시,2008,08,1026.0,991.0,2017.0,1.0353178607467204
인천광역시,2008,09,1118.0,1063.0,2181.0,1.0517403574788335
인천광역시,2008,10,1144.0,1043.0,2187.0,1.096836049856184
인천광역시,2008,11,1029.0,972.0,2001.0,1.058641975308642
인천광역시,2008,12,965.0,985.0,1950.0,0.9796954314720813
인천광역시,2009,01,1287.0,1147.0,2434.0,1.1220575414123801
인천광역시,2009,02,1041.0,979.0,2020.0,1.0633299284984679
인천광역시,2009,03,1166.0,1091.0,2257.0,1.068744271310724
인천광역시,2009,04,1097.0,995.0,2092.0,1.1025125628140704
인천광역시,2009,05,1032.0,980.0,2012.0,1.0530612244897959
인천광역시,2009,06,975.0,850.0,1825.0,1.1470588235294117
인천광역시,2009,07,1026.0,877.0,1903.0,1.169897377423033
인천광역시,2009,08,984.0,982.0,1966.0,1.0020366598778003
인천광역시,2009,09,1052.0,992.0,2044.0,1.060483870967742
인천광역시,2009,10,1012.0,1028.0,2040.0,0.9844357976653697
인천광역시,2009,11,1014.0,898.0,1912.0,1.1291759465478841
인천광역시,2009,12,933.0,941.0,1874.0,0.9914984059511158
인천광역시,2010,01,1215.0,1137.0,2352.0,1.0686015831134565
인천광역시,2010,02,1028.0,1006.0,2034.0,1.021868787276342
인천광역시,2010,03,1137.0,1078.0,2215.0,1.0547309833024119
인천광역시,2010,04,1088.0,1012.0,2100.0,1.075098814229249
인천광역시,2010,05,1107.0,988.0,2095.0,1.1204453441295548
인천광역시,2010,06,1044.0,936.0,1980.0,1.1153846153846154
인천광역시,2010,07,989.0,1045.0,2034.0,0.9464114832535885
인천광역시,2010,08,1133.0,1020.0,2153.0,1.1107843137254902
인천광역시,2010,09,1183.0,1083.0,2266.0,1.0923361034164358
인천광역시,2010,10,1209.0,1156.0,2365.0,1.0458477508650519
인천광역시,2010,11,1170.0,1109.0,2279.0,1.055004508566276
인천광역시,2010,12,992.0,887.0,1879.0,1.1183765501691094
인천광역시,2011,01,1313.0,1277.0,2590.0,1.0281910728269381
인천광역시,2011,02,1087.0,1015.0,2102.0,1.070935960591133
인천광역시,2011,03,1197.0,1128.0,2325.0,1.0611702127659575
인천광역시,2011,04,1204.0,1095.0,2299.0,1.0995433789954339
인천광역시,2011,05,1051.0,1055.0,2106.0,0.9962085308056872
인천광역시,2011,06,1059.0,927.0,1986.0,1.1423948220064726
인천광역시,2011,07,1082.0,1053.0,2135.0,1.0275403608736942
인천광역시,2011,08,1180.0,1070.0,2250.0,1.102803738317757
인천광역시,2011,09,1146.0,1038.0,2184.0,1.1040462427745665
인천광역시,2011,10,1112.0,1029.0,2141.0,1.0806608357628766
인천광역시,2011,11,1080.0,1028.0,2108.0,1.0505836575875487
인천광역시,2011,12,960.0,932.0,1892.0,1.0300429184549356
인천광역시,2012,01,1291.0,1255.0,2546.0,1.0286852589641435
인천광역시,2012,02,1147.0,1064.0,2211.0,1.0780075187969924
인천광역시,2012,03,1307.0,1185.0,2492.0,1.1029535864978903
인천광역시,2012,04,1153.0,1117.0,2270.0,1.0322291853178156
인천광역시,2012,05,1130.0,1121.0,2251.0,1.008028545941124
인천광역시,2012,06,1135.0,1101.0,2236.0,1.030881017257039
인천광역시,2012,07,1170.0,1111.0,2281.0,1.053105310531053
인천광역시,2012,08,1219.0,1166.0,2385.0,1.0454545454545454
인천광역시,2012,09,1260.0,1160.0,2420.0,1.0862068965517242
인천광역시,2012,10,1231.0,1230.0,2461.0,1.0008130081300812
인천광역시,2012,11,1161.0,1066.0,2227.0,1.0891181988742964
인천광역시,2012,12,1002.0,999.0,2001.0,1.003003003003003
인천광역시,2013,01,1279.0,1260.0,2539.0,1.015079365079365
인천광역시,2013,02,1119.0,1063.0,2182.0,1.052681091251176
인천광역시,2013,03,1151.0,1149.0,2300.0,1.001740644038294
인천광역시,2013,04,1073.0,1023.0,2096.0,1.0488758553274682
인천광역시,2013,05,1018.0,1027.0,2045.0,0.991236611489776
인천광역시,2013,06,1002.0,907.0,1909.0,1.1047409040793825
인천광역시,2013,07,1103.0,1059.0,2162.0,1.0415486307837583
인천광역시,2013,08,1152.0,1051.0,2203.0,1.0960989533777354
인천광역시,2013,09,1086.0,1043.0,2129.0,1.0412272291466922
인천광역시,2013,10,1068.0,1076.0,2144.0,0.9925650557620818
인천광역시,2013,11,989.0,983.0,1972.0,1.0061037639877926
인천광역시,2013,12,977.0,902.0,1879.0,1.083148558758315
인천광역시,2014,01,1222.0,1140.0,2362.0,1.0719298245614035
인천광역시,2014,02,1159.0,1033.0,2192.0,1.121974830590513
인천광역시,2014,03,1158.0,1061.0,2219.0,1.0914231856738925
인천광역시,2014,04,1153.0,1093.0,2246.0,1.0548947849954253
인천광역시,2014,05,1117.0,1001.0,2118.0,1.115884115884116
인천광역시,2014,06,1016.0,939.0,1955.0,1.0820021299254525
인천광역시,2014,07,1106.0,1050.0,2156.0,1.0533333333333332
인천광역시,2014,08,1130.0,1097.0,2227.0,1.0300820419325434
인천광역시,2014,09,1150.0,1098.0,2248.0,1.04735883424408
인천광역시,2014,10,1098.0,1020.0,2118.0,1.076470588235294
인천광역시,2014,11,995.0,942.0,1937.0,1.056263269639066
인천광역시,2014,12,1002.0,1006.0,2008.0,0.9960238568588469
인천광역시,2015,01,1270.0,1175.0,2445.0,1.0808510638297872
인천광역시,2015,02,1076.0,1037.0,2113.0,1.0376084860173578
인천광역시,2015,03,1186.0,1076.0,2262.0,1.1022304832713754
인천광역시,2015,04,1159.0,1042.0,2201.0,1.1122840690978886
인천광역시,2015,05,1125.0,1013.0,2138.0,1.1105626850937809
인천광역시,2015,06,1036.0,975.0,2011.0,1.0625641025641026
인천광역시,2015,07,1101.0,1093.0,2194.0,1.0073193046660567
인천광역시,2015,08,1065.0,966.0,2031.0,1.1024844720496894
인천광역시,2015,09,1116.0,1015.0,2131.0,1.0995073891625615
인천광역시,2015,10,1090.0,1028.0,2118.0,1.0603112840466926
인천광역시,2015,11,1010.0,926.0,1936.0,1.0907127429805616
인천광역시,2015,12,959.0,952.0,1911.0,1.0073529411764706
인천광역시,2016,01,1138.0,1147.0,2285.0,0.992153443766347
인천광역시,2016,02,1037.0,977.0,2014.0,1.0614124872057318
인천광역시,2016,03,1100.0,1048.0,2148.0,1.049618320610687
인천광역시,2016,04,1020.0,1081.0,2101.0,0.9435707678075855
인천광역시,2016,05,1000.0,974.0,1974.0,1.0266940451745379
인천광역시,2016,06,1011.0,878.0,1889.0,1.1514806378132119
인천광역시,2016,07,1093.0,931.0,2024.0,1.1740064446831364
인천광역시,2016,08,971.0,985.0,1956.0,0.9857868020304569
인천광역시,2016,09,1030.0,1020.0,2050.0,1.0098039215686274
인천광역시,2016,10,900.0,880.0,1780.0,1.0227272727272727
인천광역시,2016,11,903.0,900.0,1803.0,1.0033333333333334
인천광역시,2016,12,802.0,783.0,1585.0,1.0242656449553
인천광역시,2017,01,1003.0,982.0,1985.0,1.0213849287169043
인천광역시,2017,02,867.0,865.0,1732.0,1.0023121387283238
인천광역시,2017,03,976.0,924.0,1900.0,1.0562770562770563
인천광역시,2017,04,911.0,785.0,1696.0,1.1605095541401274
인천광역시,2017,05,880.0,816.0,1696.0,1.0784313725490196
인천광역시,2017,06,866.0,830.0,1696.0,1.0433734939759036
인천광역시,2017,07,882.0,861.0,1743.0,1.024390243902439
인천광역시,2017,08,903.0,850.0,1753.0,1.0623529411764705
인천광역시,2017,09,927.0,859.0,1786.0,1.0791618160651921
인천광역시,2017,10,852.0,743.0,1595.0,1.1467025572005383
인천광역시,2017,11,827.0,726.0,1553.0,1.1391184573002755
인천광역시,2017,12,684.0,626.0,1310.0,1.0926517571884984
인천광역시,2018,01,1037.0,875.0,1912.0,1.185142857142857
인천광역시,2018,02,856.0,819.0,1675.0,1.0451770451770452
인천광역시,2018,03,908.0,851.0,1759.0,1.0669800235017626
인천광역시,2018,04,860.0,837.0,1697.0,1.027479091995221
인천광역시,2018,05,866.0,784.0,1650.0,1.1045918367346939
인천광역시,2018,06,826.0,804.0,1630.0,1.027363184079602
인천광역시,2018,07,813.0,831.0,1644.0,0.9783393501805054
인천광역시,2018,08,835.0,844.0,1679.0,0.9893364928909952
인천광역시,2018,09,838.0,793.0,1631.0,1.0567465321563683
인천광역시,2018,10,859.0,825.0,1684.0,1.0412121212121213
인천광역시,2018,11,853.0,779.0,1632.0,1.0949935815147624
인천광역시,2018,12,735.0,759.0,1494.0,0.9683794466403162
인천광역시,2019,01,998.0,948.0,1946.0,1.0527426160337552
인천광역시,2019,02,806.0,751.0,1557.0,1.0732356857523302
인천광역시,2019,03,868.0,825.0,1693.0,1.052121212121212
인천광역시,2019,04,847.0,743.0,1590.0,1.1399730820995961
인천광역시,2019,05,833.0,748.0,1581.0,1.1136363636363635
인천광역시,2019,06,766.0,649.0,1415.0,1.1802773497688752
인천광역시,2019,07,753.0,759.0,1512.0,0.9920948616600791
인천광역시,2019,08,769.0,761.0,1530.0,1.0105124835742445
인천광역시,2019,09,748.0,674.0,1422.0,1.1097922848664687
인천광역시,2019,10,799.0,761.0,1560.0,1.049934296977661
인천광역시,2019,11,758.0,659.0,1417.0,1.150227617602428
인천광역시,2019,12,662.0,637.0,1299.0,1.0392464678178963
인천광역시,2020,01,811.0,727.0,1538.0,1.1155433287482805
인천광역시,2020,02,657.0,669.0,1326.0,0.9820627802690582
인천광역시,2020,03,771.0,703.0,1474.0,1.096728307254623
인천광역시,2020,04,714.0,702.0,1416.0,1.017094017094017
인천광역시,2020,05,701.0,656.0,1357.0,1.0685975609756098
인천광역시,2020,06,660.0,630.0,1290.0,1.0476190476190477
인천광역시,2020,07,718.0,678.0,1396.0,1.0589970501474926
인천광역시,2020,08,692.0,636.0,1328.0,1.0880503144654088
인천광역시,2020,09,681.0,635.0,1316.0,1.0724409448818897
인천광역시,2020,10,661.0,595.0,1256.0,1.1109243697478992
인천광역시,2020,11,630.0,564.0,1194.0,1.1170212765957446
인천광역시,2020,12,565.0,584.0,1149.0,0.9674657534246576
인천광역시,2021,01,774.0,696.0,1470.0,1.1120689655172413
인천광역시,2021,02,644.0,582.0,1226.0,1.1065292096219932
인천광역시,2021,03,675.0,629.0,1304.0,1.0731319554848966
인천광역시,2021,04,689.0,597.0,1286.0,1.154103852596315
인천광역시,2021,05,621.0,621.0,1242.0,1.0
인천광역시,2021,06,604.0,568.0,1172.0,1.0633802816901408
인천광역시,2021,07,625.0,642.0,1267.0,0.9735202492211839
인천광역시,2021,08,635.0,637.0,1272.0,0.9968602825745683
인천광역시,2021,09,659.0,661.0,1320.0,0.9969742813918305
인천광역시,2021,10,637.0,603.0,1240.0,1.056384742951907
인천광역시,2021,11,597.0,592.0,1189.0,1.008445945945946
인천광역시,2021,12,483.0,476.0,959.0,1.0147058823529411
인천광역시,2022,01,705.0,694.0,1399.0,1.015850144092219
인천광역시,2022,02,608.0,573.0,1181.0,1.0610820244328099
인천광역시,2022,03,652.0,628.0,1280.0,1.0382165605095541
인천광역시,2022,04,643.0,634.0,1277.0,1.0141955835962144
인천광역시,2022,05,609.0,604.0,1213.0,1.0082781456953642
인천광역시,2022,06,574.0,518.0,1092.0,1.1081081081081081
인천광역시,2022,07,559.0,588.0,1147.0,0.9506802721088435
인천광역시,2022,08,652.0,613.0,1265.0,1.063621533442088
인천광역시,2022,09,640.0,622.0,1262.0,1.0289389067524115
인천광역시,2022,10,609.0,591.0,1200.0,1.0304568527918783
인천광역시,2022,11,561.0,569.0,1130.0,0.9859402460456942
인천광역시,2022,12,518.0,500.0,1018.0,1.036
인천광역시,2023,01,727.0,701.0,1428.0,1.037089871611983
인천광역시,2023,02,631.0,558.0,1189.0,1.1308243727598566
인천광역시,2023,03,635.0,592.0,1227.0,1.072635135135135
인천광역시,2023,04,512.0,553.0,1065.0,0.9258589511754068
인천광역시,2023,05,637.0,517.0,1154.0,1.2321083172147003
인천광역시,2023,06,561.0,523.0,1084.0,1.0726577437858509
인천광역시,2023,07,565.0,573.0,1138.0,0.9860383944153578
인천광역시,2023,08,556.0,497.0,1053.0,1.118712273641851
인천광역시,2023,09,554.0,564.0,1118.0,0.9822695035460993
인천광역시,2023,10,546.0,558.0,1104.0,0.978494623655914
인천광역시,2023,11,564.0,521.0,1085.0,1.0825335892514396
인천광역시,2023,12,527.0,487.0,1014.0,1.0821355236139631
인천광역시,2024,01,687.0,611.0,1298.0,1.1243862520458265
인천광역시,2024,02,641.0,572.0,1213.0,1.1206293706293706
인천광역시,2024,03,622.0,548.0,1170.0,1.135036496350365
인천광역시,2024,04,607.0,561.0,1168.0,1.0819964349376114
인천광역시,2024,05,654.0,604.0,1258.0,1.0827814569536425
인천광역시,2024,06,603.0,560.0,1163.0,1.0767857142857142
인천광역시,2024,07,688.0,654.0,1342.0,1.0519877675840978
인천광역시,2024,08,674.0,651.0,1325.0,1.0353302611367128
인천광역시,2024,09,712.0,663.0,1375.0,1.0739064856711915
인천광역시,2024,10,719.0,698.0,1417.0,1.0300859598853869
인천광역시,2024,11,710.0,616.0,1326.0,1.1525974025974026
인천광역시,2024,12,589.0,592.0,1181.0,0.9949324324324325
전국,1997,01,33266.0,30002.0,63268.0,1.10879274715019
전국,1997,02,30086.0,28058.0,58144.0,1.0722788509516004
전국,1997,03,32333.0,29827.0,62160.0,1.084017836188688
전국,1997,04,29449.0,27500.0,56949.0,1.0708727272727272
전국,1997,05,28830.0,26440.0,55270.0,1.090393343419062
전국,1997,06,26713.0,24265.0,50978.0,1.1008860498660622
전국,1997,07,27704.0,25665.0,53369.0,1.0794467173193065
전국,1997,08,27623.0,25631.0,53254.0,1.0777183878896648
전국,1997,09,28907.0,26554.0,55461.0,1.0886118852150335
전국,1997,10,29576.0,27560.0,57136.0,1.0731494920174165
전국,1997,11,28036.0,25812.0,53848.0,1.0861614752828141
전국,1997,12,28406.0,27151.0,55557.0,1.0462229752126992
전국,1998,01,31603.0,28744.0,60347.0,1.0994642360144726
전국,1998,02,29806.0,27035.0,56841.0,1.1024967634547809
전국,1998,03,31421.0,28817.0,60238.0,1.090363327202693
전국,1998,04,28605.0,26209.0,54814.0,1.0914189782135908
전국,1998,05,27375.0,24671.0,52046.0,1.1096023671517166
전국,1998,06,25938.0,23633.0,49571.0,1.097533110481107
전국,1998,07,26306.0,23845.0,50151.0,1.1032082197525688
전국,1998,08,26030.0,23604.0,49634.0,1.102779189967802
전국,1998,09,27963.0,25521.0,53484.0,1.0956859057246973
전국,1998,10,27580.0,25129.0,52709.0,1.097536710573441
전국,1998,11,26413.0,23751.0,50164.0,1.1120794913898362
전국,1998,12,27107.0,24488.0,51595.0,1.1069503430251553
전국,1999,01,30600.0,28007.0,58607.0,1.0925839968579283
전국,1999,02,27728.0,25577.0,53305.0,1.0840989951909918
전국,1999,03,29946.0,27549.0,57495.0,1.087008602853098
전국,1999,04,27648.0,24738.0,52386.0,1.1176327916565607
전국,1999,05,26544.0,23972.0,50516.0,1.1072918404805607
전국,1999,06,24639.0,22126.0,46765.0,1.113576787489831
전국,1999,07,25496.0,23284.0,48780.0,1.0950008589589417
전국,1999,08,25512.0,22990.0,48502.0,1.1096998695084819
전국,1999,09,26778.0,24278.0,51056.0,1.1029738858225555
전국,1999,10,27239.0,24985.0,52224.0,1.0902141284770863
전국,1999,11,26141.0,24418.0,50559.0,1.0705626996478008
전국,1999,12,26138.0,24335.0,50473.0,1.074090815697555
전국,2000,01,32317.0,29327.0,61644.0,1.1019538309407713
전국,2000,02,29693.0,27030.0,56723.0,1.098520162782094
전국,2000,03,31432.0,28446.0,59878.0,1.1049708219081769
전국,2000,04,27986.0,25072.0,53058.0,1.1162252712188896
전국,2000,05,27578.0,24914.0,52492.0,1.1069278317411897
전국,2000,06,24435.0,22339.0,46774.0,1.093826939433278
전국,2000,07,25322.0,23055.0,48377.0,1.0983300802428975
전국,2000,08,26579.0,24044.0,50623.0,1.1054317085343537
전국,2000,09,27692.0,25221.0,52913.0,1.0979739106300306
전국,2000,10,28273.0,26156.0,54429.0,1.080937452209818
전국,2000,11,27406.0,24997.0,52403.0,1.0963715645877505
전국,2000,12,26720.0,24055.0,50775.0,1.11078777800873
전국,2001,01,29736.0,27213.0,56949.0,1.0927130415610187
전국,2001,02,25873.0,24066.0,49939.0,1.0750851824150254
전국,2001,03,28388.0,26161.0,54549.0,1.0851267153396278
전국,2001,04,25458.0,22851.0,48309.0,1.1140869108572928
전국,2001,05,24260.0,22542.0,46802.0,1.0762132907461628
전국,2001,06,21949.0,19860.0,41809.0,1.1051863041289023
전국,2001,07,22142.0,20262.0,42404.0,1.0927845227519495
전국,2001,08,22903.0,20927.0,43830.0,1.0944234720695751
전국,2001,09,23912.0,21761.0,45673.0,1.0988465603602775
전국,2001,10,23391.0,21423.0,44814.0,1.0918638846099986
전국,2001,11,22361.0,20392.0,42753.0,1.096557473519027
전국,2001,12,21616.0,20487.0,42103.0,1.055108117342705
전국,2002,01,25851.0,22974.0,48825.0,1.1252285191956124
전국,2002,02,22559.0,21020.0,43579.0,1.0732159847764033
전국,2002,03,24859.0,22894.0,47753.0,1.0858303485629424
전국,2002,04,22765.0,20688.0,43453.0,1.1003963650425368
전국,2002,05,22054.0,19923.0,41977.0,1.1069618029413242
전국,2002,06,19888.0,17687.0,37575.0,1.124441680330186
전국,2002,07,21274.0,19087.0,40361.0,1.1145806045999895
전국,2002,08,20861.0,18890.0,39751.0,1.104340921122287
전국,2002,09,20727.0,18888.0,39615.0,1.0973634053367218
전국,2002,10,20432.0,19026.0,39458.0,1.0738988752233785
전국,2002,11,19617.0,18304.0,37921.0,1.0717329545454546
전국,2002,12,19341.0,17302.0,36643.0,1.1178476476707895
전국,2003,01,23615.0,21808.0,45423.0,1.0828595011005135
전국,2003,02,21653.0,20256.0,41909.0,1.0689672195892574
전국,2003,03,23869.0,22103.0,45972.0,1.0798986562910011
전국,2003,04,22318.0,20722.0,43040.0,1.077019592703407
전국,2003,05,21523.0,19609.0,41132.0,1.0976082411137742
전국,2003,06,19398.0,17481.0,36879.0,1.1096619186545391
전국,2003,07,19820.0,18188.0,38008.0,1.0897294919727292
전국,2003,08,19882.0,18172.0,38054.0,1.0941008144397975
전국,2003,09,21861.0,19784.0,41645.0,1.1049838253133846
전국,2003,10,22451.0,20894.0,43345.0,1.074519000670049
전국,2003,11,21243.0,19509.0,40752.0,1.088882054436414
전국,2003,12,20094.0,18783.0,38877.0,1.0697971570036735
전국,2004,01,23824.0,21954.0,45778.0,1.0851780996629317
전국,2004,02,21310.0,19749.0,41059.0,1.0790419768089523
전국,2004,03,23611.0,21811.0,45422.0,1.0825271651918758
전국,2004,04,21057.0,19554.0,40611.0,1.0768640687327402
전국,2004,05,20258.0,18675.0,38933.0,1.0847657295850066
전국,2004,06,18778.0,17308.0,36086.0,1.08493182343425
전국,2004,07,19949.0,18082.0,38031.0,1.1032518526711648
전국,2004,08,19952.0,18372.0,38324.0,1.0860004354452428
전국,2004,09,20427.0,18811.0,39238.0,1.0859071819679975
전국,2004,10,21238.0,19617.0,40855.0,1.0826324106642198
전국,2004,11,19248.0,18184.0,37432.0,1.0585129784425868
전국,2004,12,18183.0,17006.0,35189.0,1.0692108667529108
전국,2005,01,21438.0,19916.0,41354.0,1.0764209680658767
전국,2005,02,18362.0,17448.0,35810.0,1.0523842274186153
전국,2005,03,21242.0,19810.0,41052.0,1.0722867238768299
전국,2005,04,18929.0,17676.0,36605.0,1.070887078524553
전국,2005,05,18833.0,17150.0,35983.0,1.098134110787172
전국,2005,06,17466.0,16259.0,33725.0,1.074235807860262
전국,2005,07,18237.0,16421.0,34658.0,1.110590098045186
전국,2005,08,18774.0,17229.0,36003.0,1.0896743862092984
전국,2005,09,19267.0,18146.0,37413.0,1.0617767000991953
전국,2005,10,19243.0,18040.0,37283.0,1.0666851441241685
전국,2005,11,18585.0,17152.0,35737.0,1.0835471082089552
전국,2005,12,17216.0,15868.0,33084.0,1.0849508444668514
전국,2006,01,21010.0,19682.0,40692.0,1.0674728178030688
전국,2006,02,19319.0,18203.0,37522.0,1.0613085755095315
전국,2006,03,21481.0,19728.0,41209.0,1.0888584752635848
전국,2006,04,19466.0,18200.0,37666.0,1.0695604395604397
전국,2006,05,19564.0,18176.0,37740.0,1.0763644366197183
전국,2006,06,18364.0,16983.0,35347.0,1.0813166107283754
전국,2006,07,18308.0,16846.0,35154.0,1.0867861806957142
전국,2006,08,19473.0,17984.0,37457.0,1.0827958185053381
전국,2006,09,20015.0,18456.0,38471.0,1.084471174685739
전국,2006,10,19867.0,18689.0,38556.0,1.0630317298945904
전국,2006,11,19238.0,17872.0,37110.0,1.0764324082363474
전국,2006,12,18005.0,16830.0,34835.0,1.0698158051099227
전국,2007,01,22585.0,21119.0,43704.0,1.0694161655381411
전국,2007,02,20361.0,19124.0,39485.0,1.064683120686049
전국,2007,03,22234.0,21344.0,43578.0,1.0416979010494753
전국,2007,04,20696.0,19594.0,40290.0,1.0562417066448913
전국,2007,05,20593.0,19320.0,39913.0,1.0658902691511387
전국,2007,06,19170.0,17942.0,37112.0,1.0684427600044588
전국,2007,07,20545.0,18977.0,39522.0,1.082626337144965
전국,2007,08,22486.0,21555.0,44041.0,1.0431918348411042
전국,2007,09,23290.0,21581.0,44871.0,1.079190028265604
전국,2007,10,23499.0,22223.0,45722.0,1.0574179903703371
전국,2007,11,21487.0,20378.0,41865.0,1.0544214348807537
전국,2007,12,18926.0,17793.0,36719.0,1.0636767268026752
전국,2008,01,24046.0,22701.0,46747.0,1.0592484912558917
전국,2008,02,20298.0,19197.0,39495.0,1.0573527113611503
전국,2008,03,21386.0,19932.0,41318.0,1.072948023279149
전국,2008,04,20090.0,18693.0,38783.0,1.0747338575937517
전국,2008,05,19459.0,18139.0,37598.0,1.0727713765918738
전국,2008,06,17998.0,17037.0,35035.0,1.0564066443622704
전국,2008,07,19602.0,18440.0,38042.0,1.0630151843817788
전국,2008,08,19425.0,18362.0,37787.0,1.0578912972443089
전국,2008,09,20409.0,19628.0,40037.0,1.0397900957815365
전국,2008,10,20610.0,19276.0,39886.0,1.0692052293006848
전국,2008,11,19010.0,17463.0,36473.0,1.0885872988604477
전국,2008,12,17786.0,16905.0,34691.0,1.0521147589470572
전국,2009,01,22859.0,21290.0,44149.0,1.0736965711601691
전국,2009,02,18868.0,17813.0,36681.0,1.0592264076797844
전국,2009,03,20587.0,19247.0,39834.0,1.0696212396737155
전국,2009,04,19560.0,17979.0,37539.0,1.0879359252461205
전국,2009,05,18489.0,17375.0,35864.0,1.064115107913669
전국,2009,06,17476.0,16646.0,34122.0,1.0498618286675478
전국,2009,07,18533.0,17246.0,35779.0,1.0746260002319379
전국,2009,08,18511.0,17658.0,36169.0,1.0483067165024351
전국,2009,09,19589.0,18598.0,38187.0,1.0532852994945694
전국,2009,10,19519.0,18218.0,37737.0,1.0714128883521792
전국,2009,11,18023.0,17149.0,35172.0,1.0509650708496123
전국,2009,12,17337.0,16279.0,33616.0,1.0649917071073163
전국,2010,01,22388.0,20548.0,42936.0,1.0895464278761924
전국,2010,02,18944.0,17695.0,36639.0,1.0705849109918055
전국,2010,03,21209.0,19766.0,40975.0,1.0730041485378934
전국,2010,04,19950.0,18386.0,38336.0,1.0850647231589252
전국,2010,05,19091.0,17914.0,37005.0,1.0657028022775483
전국,2010,06,18476.0,17552.0,36028.0,1.0526435733819508
전국,2010,07,19082.0,18024.0,37106.0,1.058699511762095
전국,2010,08,19788.0,18604.0,38392.0,1.0636422274779618
전국,2010,09,21988.0,20306.0,42294.0,1.082832660297449
전국,2010,10,22449.0,21176.0,43625.0,1.060115224782773
전국,2010,11,21243.0,20075.0,41318.0,1.0581818181818181
전국,2010,12,18293.0,17224.0,35517.0,1.062064561077566
전국,2011,01,24402.0,23175.0,47577.0,1.0529449838187703
전국,2011,02,19613.0,18547.0,38160.0,1.0574756025233192
전국,2011,03,22218.0,21042.0,43260.0,1.0558882235528941
전국,2011,04,20888.0,19488.0,40376.0,1.0718390804597702
전국,2011,05,19981.0,18977.0,38958.0,1.0529061495494545
전국,2011,06,18883.0,17883.0,36766.0,1.0559190292456524
전국,2011,07,19689.0,18479.0,38168.0,1.0654797337518265
전국,2011,08,20407.0,18953.0,39360.0,1.0767160871629822
전국,2011,09,20078.0,18885.0,38963.0,1.0631718294943076
전국,2011,10,19527.0,18832.0,38359.0,1.0369052676295667
전국,2011,11,19111.0,18217.0,37328.0,1.0490750397979909
전국,2011,12,17324.0,16666.0,33990.0,1.0394815792631704
전국,2012,01,23189.0,21795.0,44984.0,1.063959623766919
전국,2012,02,21041.0,19568.0,40609.0,1.0752759607522486
전국,2012,03,22331.0,20878.0,43209.0,1.069594788772871
전국,2012,04,20476.0,19618.0,40094.0,1.0437353450912428
전국,2012,05,20244.0,19144.0,39388.0,1.0574592561638112
전국,2012,06,19778.0,18392.0,38170.0,1.075358851674641
전국,2012,07,20568.0,19559.0,40127.0,1.0515875044736438
전국,2012,08,21429.0,20026.0,41455.0,1.0700589233995805
전국,2012,09,21421.0,20314.0,41735.0,1.0544944373338585
전국,2012,10,21396.0,20493.0,41889.0,1.0440638266725224
전국,2012,11,19743.0,18836.0,38579.0,1.0481524739859842
전국,2012,12,17342.0,16969.0,34311.0,1.0219812599446048
전국,2013,01,22782.0,21465.0,44247.0,1.0613556953179595
전국,2013,02,18881.0,17764.0,36645.0,1.0628799819860393
전국,2013,03,19692.0,18848.0,38540.0,1.044779286926995
전국,2013,04,18884.0,17854.0,36738.0,1.0576901534670102
전국,2013,05,18282.0,17344.0,35626.0,1.0540821033210332
전국,2013,06,17085.0,16069.0,33154.0,1.0632273321301886
전국,2013,07,18517.0,17671.0,36188.0,1.0478750495161564
전국,2013,08,18680.0,17720.0,36400.0,1.054176072234763
전국,2013,09,19088.0,17975.0,37063.0,1.0619193324061196
전국,2013,10,18513.0,17542.0,36055.0,1.0553528674039447
전국,2013,11,17230.0,16597.0,33827.0,1.0381394227872507
전국,2013,12,16249.0,15723.0,31972.0,1.0334541754118172
전국,2014,01,21035.0,20194.0,41229.0,1.0416460334752897
전국,2014,02,18883.0,17871.0,36754.0,1.0566280566280566
전국,2014,03,19647.0,18374.0,38021.0,1.0692826820507237
전국,2014,04,19135.0,18048.0,37183.0,1.060228280141844
전국,2014,05,18303.0,17446.0,35749.0,1.0491230081394016
전국,2014,06,17692.0,16479.0,34171.0,1.0736088354875903
전국,2014,07,18732.0,17658.0,36390.0,1.0608222901800883
전국,2014,08,18790.0,17749.0,36539.0,1.0586511916164292
전국,2014,09,19274.0,18605.0,37879.0,1.035958075786079
전국,2014,10,18594.0,17856.0,36450.0,1.0413306451612903
전국,2014,11,16650.0,15729.0,32379.0,1.058554262826626
전국,2014,12,16621.0,16070.0,32691.0,1.0342874922215308
전국,2015,01,21424.0,20490.0,41914.0,1.0455832113225965
전국,2015,02,18148.0,17561.0,35709.0,1.0334263424634131
전국,2015,03,20856.0,19473.0,40329.0,1.0710214142659067
전국,2015,04,19698.0,18374.0,38072.0,1.0720583433112005
전국,2015,05,18799.0,17735.0,36534.0,1.0599943614321963
전국,2015,06,18282.0,17238.0,35520.0,1.0605638705186216
전국,2015,07,18784.0,17828.0,36612.0,1.053623513574153
전국,2015,08,18123.0,17084.0,35207.0,1.0608171388433623
전국,2015,09,18761.0,17683.0,36444.0,1.0609625063620427
전국,2015,10,18683.0,18019.0,36702.0,1.0368499916754537
전국,2015,11,17143.0,16324.0,33467.0,1.050171526586621
전국,2015,12,16205.0,15705.0,31910.0,1.0318369945877108
전국,2016,01,20237.0,19168.0,39405.0,1.0557700333889817
전국,2016,02,17766.0,17064.0,34830.0,1.0411392405063291
전국,2016,03,19471.0,18660.0,38131.0,1.0434619506966774
전국,2016,04,17910.0,17237.0,35147.0,1.0390439171549573
전국,2016,05,17588.0,16753.0,34341.0,1.0498418193756343
전국,2016,06,16863.0,15986.0,32849.0,1.0548605029400726
전국,2016,07,17482.0,16438.0,33920.0,1.0635113760798152
전국,2016,08,17312.0,16585.0,33897.0,1.0438347904733192
전국,2016,09,17675.0,16700.0,34375.0,1.0583832335329342
전국,2016,10,16180.0,15412.0,31592.0,1.0498313002854918
전국,2016,11,15476.0,14890.0,30366.0,1.0393552719946273
전국,2016,12,14104.0,13286.0,27390.0,1.0615685684178835
전국,2017,01,17844.0,16990.0,34834.0,1.0502648616833432
전국,2017,02,15643.0,14856.0,30499.0,1.0529752288637588
전국,2017,03,17129.0,16067.0,33196.0,1.0660982137300057
전국,2017,04,15688.0,14649.0,30337.0,1.0709263430950917
전국,2017,05,15581.0,14722.0,30303.0,1.0583480505366119
전국,2017,06,14912.0,13980.0,28892.0,1.0666666666666667
전국,2017,07,15243.0,14175.0,29418.0,1.0753439153439153
전국,2017,08,15449.0,14686.0,30135.0,1.051954242135367
전국,2017,09,15511.0,14574.0,30085.0,1.0642925758199533
전국,2017,10,14297.0,13560.0,27857.0,1.0543510324483776
전국,2017,11,14036.0,13032.0,27068.0,1.0770411295273175
전국,2017,12,12975.0,12172.0,25147.0,1.0659710811698981
전국,2018,01,16471.0,15727.0,32198.0,1.0473071787372035
전국,2018,02,14083.0,13492.0,27575.0,1.043803735546991
전국,2018,03,15376.0,14611.0,29987.0,1.05235781260694
전국,2018,04,14226.0,13508.0,27734.0,1.0531536867041753
전국,2018,05,14371.0,13578.0,27949.0,1.0584032994550008
전국,2018,06,13464.0,12893.0,26357.0,1.0442875979213526
전국,2018,07,13787.0,13246.0,27033.0,1.0408425184961498
전국,2018,08,14098.0,13283.0,27381.0,1.0613566212452006
전국,2018,09,13509.0,12557.0,26066.0,1.0758142868519551
전국,2018,10,13601.0,12873.0,26474.0,1.056552474170745
전국,2018,11,13014.0,12287.0,25301.0,1.0591682265809392
전국,2018,12,11686.0,11081.0,22767.0,1.0545979604728815
전국,2019,01,15545.0,14726.0,30271.0,1.0556159174249626
전국,2019,02,13073.0,12637.0,25710.0,1.0345018596185804
전국,2019,03,13975.0,13074.0,27049.0,1.0689154046198561
전국,2019,04,13441.0,12663.0,26104.0,1.0614388375582406
전국,2019,05,12957.0,12342.0,25299.0,1.04982984929509
전국,2019,06,12363.0,11629.0,23992.0,1.0631180669017113
전국,2019,07,12974.0,12248.0,25222.0,1.0592749836708033
전국,2019,08,12491.0,11880.0,24371.0,1.0514309764309764
전국,2019,09,12488.0,11602.0,24090.0,1.0763661437683159
전국,2019,10,12989.0,12624.0,25613.0,1.0289131812420786
전국,2019,11,12097.0,11630.0,23727.0,1.0401547721410147
전국,2019,12,11023.0,10205.0,21228.0,1.08015678588927
전국,2020,01,13622.0,13024.0,26646.0,1.0459152334152335
전국,2020,02,11602.0,11157.0,22759.0,1.039885273819127
전국,2020,03,12423.0,11767.0,24190.0,1.0557491289198606
전국,2020,04,11906.0,11393.0,23299.0,1.045027648556131
전국,2020,05,11825.0,11022.0,22847.0,1.0728542914171657
전국,2020,06,11240.0,10877.0,22117.0,1.0333731727498392
전국,2020,07,11771.0,11228.0,22999.0,1.0483612397577484
전국,2020,08,11526.0,10876.0,22402.0,1.0597646193453476
전국,2020,09,11947.0,11552.0,23499.0,1.034193213296399
전국,2020,10,11172.0,10712.0,21884.0,1.042942494398805
전국,2020,11,10300.0,9754.0,20054.0,1.0559770350625384
전국,2020,12,10028.0,9613.0,19641.0,1.0431707063351712
전국,2021,01,12756.0,12138.0,24894.0,1.050914483440435
전국,2021,02,11013.0,10293.0,21306.0,1.0699504517633343
전국,2021,03,12280.0,11645.0,23925.0,1.0545298411335338
전국,2021,04,11594.0,11109.0,22703.0,1.0436582950760644
전국,2021,05,11168.0,10754.0,21922.0,1.038497303328994
전국,2021,06,11173.0,10331.0,21504.0,1.0815022747071918
전국,2021,07,11411.0,10953.0,22364.0,1.0418150278462521
전국,2021,08,11435.0,10847.0,22282.0,1.0542085369226515
전국,2021,09,11162.0,10743.0,21905.0,1.039002140928977
전국,2021,10,10598.0,10151.0,20749.0,1.0440350704364103
전국,2021,11,10201.0,9628.0,19829.0,1.0595139177399253
전국,2021,12,8725.0,8454.0,17179.0,1.0320558315590254
전국,2022,01,12388.0,12249.0,24637.0,1.0113478651318475
전국,2022,02,10680.0,10022.0,20702.0,1.0656555577728997
전국,2022,03,11772.0,11228.0,23000.0,1.0484503028143926
전국,2022,04,10780.0,10384.0,21164.0,1.0381355932203389
전국,2022,05,10266.0,9804.0,20070.0,1.047123623011016
전국,2022,06,9709.0,9206.0,18915.0,1.0546382793830111
전국,2022,07,10470.0,10005.0,20475.0,1.0464767616191903
전국,2022,08,11235.0,10547.0,21782.0,1.0652318194747321
전국,2022,09,11203.0,10715.0,21918.0,1.0455436304246384
전국,2022,10,10530.0,10116.0,20646.0,1.0409252669039146
전국,2022,11,9737.0,9244.0,18981.0,1.0533318909562959
전국,2022,12,8684.0,8212.0,16896.0,1.057476863127131
전국,2023,01,11814.0,11384.0,23198.0,1.0377723120168658
전국,2023,02,10351.0,9661.0,20012.0,1.0714211779318912
전국,2023,03,10900.0,10293.0,21193.0,1.0589721169727
전국,2023,04,9461.0,9054.0,18515.0,1.0449525071791472
전국,2023,05,9767.0,9280.0,19047.0,1.052478448275862
전국,2023,06,9514.0,9071.0,18585.0,1.04883695292691
전국,2023,07,9742.0,9343.0,19085.0,1.0427057690249384
전국,2023,08,9854.0,9120.0,18974.0,1.0804824561403508
전국,2023,09,9611.0,9095.0,18706.0,1.0567344694887302
전국,2023,10,9566.0,9312.0,18878.0,1.0272766323024054
전국,2023,11,8951.0,8579.0,17530.0,1.043361697167502
전국,2023,12,8331.0,7974.0,16305.0,1.0447705041384499
전국,2024,01,11001.0,10411.0,21412.0,1.0566708289309383
전국,2024,02,9975.0,9400.0,19375.0,1.0611702127659575
전국,2024,03,10064.0,9607.0,19671.0,1.0475694805870719
전국,2024,04,9723.0,9314.0,19037.0,1.043912389950612
전국,2024,05,10009.0,9532.0,19541.0,1.0500419639110365
전국,2024,06,9215.0,9029.0,18244.0,1.0206002879610145
전국,2024,07,10602.0,9978.0,20580.0,1.0625375826819001
전국,2024,08,10272.0,9831.0,20103.0,1.04485810192249
전국,2024,09,10542.0,10047.0,20589.0,1.049268438339803
전국,2024,10,10920.0,10506.0,21426.0,1.0394060536836094
전국,2024,11,10310.0,9773.0,20083.0,1.0549473037961732
전국,2024,12,9414.0,8842.0,18256.0,1.064691246324361
전라남도,1997,01,1413.0,1272.0,2685.0,1.1108490566037736
전라남도,1997,02,1286.0,1261.0,2547.0,1.0198255352894527
전라남도,1997,03,1246.0,1211.0,2457.0,1.0289017341040463
전라남도,1997,04,1203.0,1145.0,2348.0,1.0506550218340611
전라남도,1997,05,1204.0,1086.0,2290.0,1.1086556169429098
전라남도,1997,06,1171.0,1036.0,2207.0,1.1303088803088803
전라남도,1997,07,1175.0,1081.0,2256.0,1.0869565217391304
전라남도,1997,08,1129.0,1024.0,2153.0,1.1025390625
전라남도,1997,09,1128.0,1075.0,2203.0,1.0493023255813954
전라남도,1997,10,1149.0,1086.0,2235.0,1.058011049723757
전라남도,1997,11,1162.0,1147.0,2309.0,1.013077593722755
전라남도,1997,12,1178.0,1212.0,2390.0,0.971947194719472
전라남도,1998,01,1298.0,1182.0,2480.0,1.0981387478849407
전라남도,1998,02,1243.0,1178.0,2421.0,1.0551782682512734
전라남도,1998,03,1317.0,1200.0,2517.0,1.0975
전라남도,1998,04,1141.0,1188.0,2329.0,0.9604377104377104
전라남도,1998,05,1136.0,963.0,2099.0,1.1796469366562825
전라남도,1998,06,1076.0,932.0,2008.0,1.1545064377682404
전라남도,1998,07,1153.0,1036.0,2189.0,1.1129343629343629
전라남도,1998,08,1076.0,980.0,2056.0,1.0979591836734695
전라남도,1998,09,1154.0,1029.0,2183.0,1.121477162293489
전라남도,1998,10,1175.0,1041.0,2216.0,1.1287223823246877
전라남도,1998,11,1114.0,1002.0,2116.0,1.1117764471057885
전라남도,1998,12,1181.0,1046.0,2227.0,1.1290630975143403
전라남도,1999,01,1342.0,1244.0,2586.0,1.0787781350482315
전라남도,1999,02,1178.0,1093.0,2271.0,1.0777676120768527
전라남도,1999,03,1234.0,1169.0,2403.0,1.0556030795551754
전라남도,1999,04,1170.0,1069.0,2239.0,1.0944808231992516
전라남도,1999,05,1129.0,1047.0,2176.0,1.0783190066857689
전라남도,1999,06,1081.0,937.0,2018.0,1.1536819637139808
전라남도,1999,07,1125.0,1023.0,2148.0,1.099706744868035
전라남도,1999,08,1073.0,921.0,1994.0,1.1650380021715527
전라남도,1999,09,1138.0,972.0,2110.0,1.1707818930041152
전라남도,1999,10,1120.0,1004.0,2124.0,1.1155378486055776
전라남도,1999,11,1155.0,1061.0,2216.0,1.0885956644674835
전라남도,1999,12,1033.0,1045.0,2078.0,0.9885167464114832
전라남도,2000,01,1367.0,1312.0,2679.0,1.0419207317073171
전라남도,2000,02,1245.0,1121.0,2366.0,1.110615521855486
전라남도,2000,03,1256.0,1167.0,2423.0,1.0762639245929735
전라남도,2000,04,1146.0,1011.0,2157.0,1.1335311572700297
전라남도,2000,05,1108.0,1001.0,2109.0,1.106893106893107
전라남도,2000,06,976.0,918.0,1894.0,1.0631808278867103
전라남도,2000,07,1009.0,935.0,1944.0,1.079144385026738
전라남도,2000,08,1091.0,1032.0,2123.0,1.057170542635659
전라남도,2000,09,1114.0,1014.0,2128.0,1.0986193293885602
전라남도,2000,10,1103.0,1053.0,2156.0,1.047483380816714
전라남도,2000,11,1095.0,931.0,2026.0,1.1761546723952738
전라남도,2000,12,1088.0,953.0,2041.0,1.1416579223504721
전라남도,2001,01,1287.0,1105.0,2392.0,1.1647058823529413
전라남도,2001,02,1071.0,999.0,2070.0,1.072072072072072
전라남도,2001,03,1176.0,1130.0,2306.0,1.0407079646017698
전라남도,2001,04,1039.0,974.0,2013.0,1.066735112936345
전라남도,2001,05,913.0,870.0,1783.0,1.049425287356322
전라남도,2001,06,868.0,756.0,1624.0,1.1481481481481481
전라남도,2001,07,920.0,790.0,1710.0,1.1645569620253164
전라남도,2001,08,925.0,805.0,1730.0,1.1490683229813665
전라남도,2001,09,956.0,856.0,1812.0,1.1168224299065421
전라남도,2001,10,905.0,888.0,1793.0,1.0191441441441442
전라남도,2001,11,847.0,807.0,1654.0,1.0495662949194549
전라남도,2001,12,845.0,856.0,1701.0,0.9871495327102804
전라남도,2002,01,1089.0,911.0,2000.0,1.1953896816684961
전라남도,2002,02,897.0,868.0,1765.0,1.0334101382488479
전라남도,2002,03,982.0,899.0,1881.0,1.0923248053392658
전라남도,2002,04,876.0,773.0,1649.0,1.1332470892626132
전라남도,2002,05,836.0,751.0,1587.0,1.1131824234354195
전라남도,2002,06,764.0,678.0,1442.0,1.126843657817109
전라남도,2002,07,827.0,737.0,1564.0,1.1221166892808685
전라남도,2002,08,789.0,742.0,1531.0,1.0633423180592991
전라남도,2002,09,763.0,751.0,1514.0,1.0159786950732357
전라남도,2002,10,773.0,736.0,1509.0,1.0502717391304348
전라남도,2002,11,748.0,706.0,1454.0,1.0594900849858357
전라남도,2002,12,674.0,672.0,1346.0,1.0029761904761905
전라남도,2003,01,899.0,862.0,1761.0,1.04292343387471
전라남도,2003,02,825.0,771.0,1596.0,1.0700389105058365
전라남도,2003,03,877.0,761.0,1638.0,1.152431011826544
전라남도,2003,04,799.0,789.0,1588.0,1.0126742712294043
전라남도,2003,05,781.0,717.0,1498.0,1.089260808926081
전라남도,2003,06,733.0,618.0,1351.0,1.186084142394822
전라남도,2003,07,778.0,656.0,1434.0,1.1859756097560976
전라남도,2003,08,691.0,713.0,1404.0,0.9691444600280504
전라남도,2003,09,885.0,693.0,1578.0,1.277056277056277
전라남도,2003,10,849.0,781.0,1630.0,1.087067861715749
전라남도,2003,11,747.0,733.0,1480.0,1.019099590723056
전라남도,2003,12,736.0,639.0,1375.0,1.1517996870109546
전라남도,2004,01,982.0,839.0,1821.0,1.170441001191895
전라남도,2004,02,792.0,741.0,1533.0,1.0688259109311742
전라남도,2004,03,878.0,795.0,1673.0,1.1044025157232704
전라남도,2004,04,731.0,723.0,1454.0,1.0110650069156293
전라남도,2004,05,779.0,685.0,1464.0,1.1372262773722628
전라남도,2004,06,698.0,622.0,1320.0,1.1221864951768488
전라남도,2004,07,745.0,640.0,1385.0,1.1640625
전라남도,2004,08,736.0,665.0,1401.0,1.106766917293233
전라남도,2004,09,709.0,661.0,1370.0,1.0726172465960666
전라남도,2004,10,752.0,638.0,1390.0,1.1786833855799372
전라남도,2004,11,639.0,597.0,1236.0,1.07035175879397
전라남도,2004,12,625.0,584.0,1209.0,1.0702054794520548
전라남도,2005,01,789.0,783.0,1572.0,1.0076628352490422
전라남도,2005,02,696.0,632.0,1328.0,1.1012658227848102
전라남도,2005,03,765.0,783.0,1548.0,0.9770114942528736
전라남도,2005,04,679.0,658.0,1337.0,1.0319148936170213
전라남도,2005,05,673.0,588.0,1261.0,1.1445578231292517
전라남도,2005,06,685.0,592.0,1277.0,1.1570945945945945
전라남도,2005,07,645.0,615.0,1260.0,1.048780487804878
전라남도,2005,08,638.0,594.0,1232.0,1.0740740740740742
전라남도,2005,09,656.0,593.0,1249.0,1.1062394603709949
전라남도,2005,10,615.0,636.0,1251.0,0.9669811320754716
전라남도,2005,11,697.0,645.0,1342.0,1.0806201550387597
전라남도,2005,12,572.0,589.0,1161.0,0.9711375212224108
전라남도,2006,01,754.0,747.0,1501.0,1.0093708165997322
전라남도,2006,02,677.0,686.0,1363.0,0.9868804664723032
전라남도,2006,03,745.0,722.0,1467.0,1.0318559556786704
전라남도,2006,04,708.0,640.0,1348.0,1.10625
전라남도,2006,05,699.0,651.0,1350.0,1.0737327188940091
전라남도,2006,06,626.0,591.0,1217.0,1.0592216582064298
전라남도,2006,07,648.0,622.0,1270.0,1.0418006430868167
전라남도,2006,08,669.0,615.0,1284.0,1.0878048780487806
전라남도,2006,09,681.0,645.0,1326.0,1.0558139534883721
전라남도,2006,10,661.0,633.0,1294.0,1.0442338072669826
전라남도,2006,11,672.0,650.0,1322.0,1.0338461538461539
전라남도,2006,12,622.0,541.0,1163.0,1.1497227356746764
전라남도,2007,01,865.0,822.0,1687.0,1.0523114355231145
전라남도,2007,02,738.0,678.0,1416.0,1.0884955752212389
전라남도,2007,03,815.0,729.0,1544.0,1.1179698216735254
전라남도,2007,04,763.0,671.0,1434.0,1.1371087928464978
전라남도,2007,05,733.0,676.0,1409.0,1.084319526627219
전라남도,2007,06,710.0,656.0,1366.0,1.0823170731707317
전라남도,2007,07,693.0,674.0,1367.0,1.0281899109792285
전라남도,2007,08,762.0,753.0,1515.0,1.0119521912350598
전라남도,2007,09,850.0,779.0,1629.0,1.0911424903722722
전라남도,2007,10,846.0,767.0,1613.0,1.1029986962190352
전라남도,2007,11,790.0,735.0,1525.0,1.0748299319727892
전라남도,2007,12,680.0,659.0,1339.0,1.031866464339909
전라남도,2008,01,855.0,843.0,1698.0,1.0142348754448398
전라남도,2008,02,717.0,678.0,1395.0,1.0575221238938053
전라남도,2008,03,751.0,752.0,1503.0,0.9986702127659575
전라남도,2008,04,686.0,662.0,1348.0,1.0362537764350452
전라남도,2008,05,688.0,606.0,1294.0,1.1353135313531353
전라남도,2008,06,652.0,592.0,1244.0,1.1013513513513513
전라남도,2008,07,686.0,689.0,1375.0,0.9956458635703919
전라남도,2008,08,718.0,624.0,1342.0,1.1506410256410255
전라남도,2008,09,692.0,658.0,1350.0,1.0516717325227964
전라남도,2008,10,677.0,623.0,1300.0,1.086677367576244
전라남도,2008,11,677.0,597.0,1274.0,1.134003350083752
전라남도,2008,12,636.0,604.0,1240.0,1.0529801324503312
전라남도,2009,01,863.0,829.0,1692.0,1.0410132689987937
전라남도,2009,02,662.0,648.0,1310.0,1.021604938271605
전라남도,2009,03,713.0,680.0,1393.0,1.048529411764706
전라남도,2009,04,689.0,645.0,1334.0,1.0682170542635658
전라남도,2009,05,662.0,642.0,1304.0,1.0311526479750779
전라남도,2009,06,625.0,619.0,1244.0,1.0096930533117932
전라남도,2009,07,627.0,643.0,1270.0,0.9751166407465007
전라남도,2009,08,688.0,617.0,1305.0,1.1150729335494327
전라남도,2009,09,742.0,649.0,1391.0,1.1432973805855162
전라남도,2009,10,663.0,654.0,1317.0,1.0137614678899083
전라남도,2009,11,617.0,638.0,1255.0,0.9670846394984326
전라남도,2009,12,635.0,545.0,1180.0,1.165137614678899
전라남도,2010,01,875.0,759.0,1634.0,1.152832674571805
전라남도,2010,02,672.0,632.0,1304.0,1.0632911392405062
전라남도,2010,03,784.0,695.0,1479.0,1.1280575539568345
전라남도,2010,04,717.0,647.0,1364.0,1.1081916537867078
전라남도,2010,05,659.0,638.0,1297.0,1.0329153605015673
전라남도,2010,06,636.0,603.0,1239.0,1.054726368159204
전라남도,2010,07,671.0,696.0,1367.0,0.9640804597701149
전라남도,2010,08,706.0,629.0,1335.0,1.12241653418124
전라남도,2010,09,765.0,697.0,1462.0,1.0975609756097562
전라남도,2010,10,747.0,714.0,1461.0,1.046218487394958
전라남도,2010,11,737.0,741.0,1478.0,0.9946018893387314
전라남도,2010,12,640.0,594.0,1234.0,1.0774410774410774
전라남도,2011,01,942.0,858.0,1800.0,1.097902097902098
전라남도,2011,02,729.0,652.0,1381.0,1.1180981595092025
전라남도,2011,03,793.0,749.0,1542.0,1.0587449933244326
전라남도,2011,04,671.0,696.0,1367.0,0.9640804597701149
전라남도,2011,05,658.0,646.0,1304.0,1.0185758513931888
전라남도,2011,06,672.0,633.0,1305.0,1.061611374407583
전라남도,2011,07,706.0,694.0,1400.0,1.0172910662824208
전라남도,2011,08,697.0,653.0,1350.0,1.0673813169984685
전라남도,2011,09,671.0,672.0,1343.0,0.9985119047619048
전라남도,2011,10,684.0,691.0,1375.0,0.9898697539797395
전라남도,2011,11,649.0,632.0,1281.0,1.0268987341772151
전라남도,2011,12,576.0,588.0,1164.0,0.9795918367346939
전라남도,2012,01,859.0,890.0,1749.0,0.9651685393258427
전라남도,2012,02,708.0,676.0,1384.0,1.047337278106509
전라남도,2012,03,761.0,689.0,1450.0,1.104499274310595
전라남도,2012,04,667.0,703.0,1370.0,0.9487908961593172
전라남도,2012,05,694.0,719.0,1413.0,0.9652294853963839
전라남도,2012,06,686.0,639.0,1325.0,1.0735524256651017
전라남도,2012,07,691.0,682.0,1373.0,1.0131964809384164
전라남도,2012,08,716.0,719.0,1435.0,0.9958275382475661
전라남도,2012,09,726.0,718.0,1444.0,1.011142061281337
전라남도,2012,10,733.0,728.0,1461.0,1.0068681318681318
전라남도,2012,11,734.0,678.0,1412.0,1.0825958702064897
전라남도,2012,12,625.0,549.0,1174.0,1.138433515482696
전라남도,2013,01,814.0,802.0,1616.0,1.0149625935162094
전라남도,2013,02,668.0,693.0,1361.0,0.963924963924964
전라남도,2013,03,664.0,682.0,1346.0,0.9736070381231672
전라남도,2013,04,653.0,624.0,1277.0,1.046474358974359
전라남도,2013,05,621.0,601.0,1222.0,1.0332778702163061
전라남도,2013,06,583.0,573.0,1156.0,1.0174520069808028
전라남도,2013,07,621.0,638.0,1259.0,0.9733542319749217
전라남도,2013,08,666.0,656.0,1322.0,1.0152439024390243
전라남도,2013,09,710.0,623.0,1333.0,1.1396468699839486
전라남도,2013,10,665.0,594.0,1259.0,1.1195286195286196
전라남도,2013,11,629.0,579.0,1208.0,1.0863557858376511
전라남도,2013,12,525.0,517.0,1042.0,1.0154738878143132
전라남도,2014,01,753.0,677.0,1430.0,1.1122599704579026
전라남도,2014,02,671.0,620.0,1291.0,1.082258064516129
전라남도,2014,03,638.0,676.0,1314.0,0.9437869822485208
전라남도,2014,04,597.0,620.0,1217.0,0.9629032258064516
전라남도,2014,05,616.0,594.0,1210.0,1.037037037037037
전라남도,2014,06,582.0,584.0,1166.0,0.9965753424657534
전라남도,2014,07,645.0,608.0,1253.0,1.0608552631578947
전라남도,2014,08,651.0,562.0,1213.0,1.1583629893238434
전라남도,2014,09,634.0,601.0,1235.0,1.054908485856905
전라남도,2014,10,614.0,635.0,1249.0,0.9669291338582677
전라남도,2014,11,586.0,548.0,1134.0,1.0693430656934306
전라남도,2014,12,546.0,559.0,1105.0,0.9767441860465116
전라남도,2015,01,776.0,727.0,1503.0,1.0674002751031637
전라남도,2015,02,633.0,637.0,1270.0,0.9937205651491365
전라남도,2015,03,696.0,689.0,1385.0,1.0101596516690856
전라남도,2015,04,707.0,594.0,1301.0,1.1902356902356903
전라남도,2015,05,649.0,612.0,1261.0,1.0604575163398693
전라남도,2015,06,597.0,540.0,1137.0,1.1055555555555556
전라남도,2015,07,617.0,604.0,1221.0,1.021523178807947
전라남도,2015,08,650.0,587.0,1237.0,1.1073253833049403
전라남도,2015,09,623.0,637.0,1260.0,0.978021978021978
전라남도,2015,10,652.0,624.0,1276.0,1.044871794871795
전라남도,2015,11,589.0,556.0,1145.0,1.0593525179856116
전라남도,2015,12,536.0,529.0,1065.0,1.0132325141776937
전라남도,2016,01,749.0,702.0,1451.0,1.066951566951567
전라남도,2016,02,611.0,618.0,1229.0,0.988673139158576
전라남도,2016,03,687.0,648.0,1335.0,1.0601851851851851
전라남도,2016,04,612.0,581.0,1193.0,1.0533562822719449
전라남도,2016,05,565.0,539.0,1104.0,1.0482374768089053
전라남도,2016,06,544.0,584.0,1128.0,0.9315068493150684
전라남도,2016,07,587.0,555.0,1142.0,1.0576576576576577
전라남도,2016,08,628.0,574.0,1202.0,1.0940766550522647
전라남도,2016,09,561.0,552.0,1113.0,1.016304347826087
전라남도,2016,10,561.0,552.0,1113.0,1.016304347826087
전라남도,2016,11,539.0,509.0,1048.0,1.0589390962671905
전라남도,2016,12,497.0,425.0,922.0,1.1694117647058824
전라남도,2017,01,693.0,622.0,1315.0,1.1141479099678457
전라남도,2017,02,512.0,485.0,997.0,1.0556701030927835
전라남도,2017,03,618.0,585.0,1203.0,1.0564102564102564
전라남도,2017,04,549.0,495.0,1044.0,1.1090909090909091
전라남도,2017,05,488.0,492.0,980.0,0.991869918699187
전라남도,2017,06,511.0,466.0,977.0,1.0965665236051503
전라남도,2017,07,549.0,468.0,1017.0,1.1730769230769231
전라남도,2017,08,511.0,480.0,991.0,1.0645833333333334
전라남도,2017,09,547.0,497.0,1044.0,1.1006036217303823
전라남도,2017,10,515.0,458.0,973.0,1.1244541484716157
전라남도,2017,11,485.0,449.0,934.0,1.0801781737193763
전라남도,2017,12,461.0,418.0,879.0,1.1028708133971292
전라남도,2018,01,567.0,510.0,1077.0,1.111764705882353
전라남도,2018,02,514.0,464.0,978.0,1.1077586206896552
전라남도,2018,03,553.0,523.0,1076.0,1.05736137667304
전라남도,2018,04,491.0,484.0,975.0,1.0144628099173554
전라남도,2018,05,481.0,475.0,956.0,1.0126315789473683
전라남도,2018,06,454.0,436.0,890.0,1.0412844036697249
전라남도,2018,07,458.0,444.0,902.0,1.0315315315315314
전라남도,2018,08,452.0,462.0,914.0,0.9783549783549783
전라남도,2018,09,468.0,445.0,913.0,1.051685393258427
전라남도,2018,10,460.0,458.0,918.0,1.0043668122270741
전라남도,2018,11,444.0,405.0,849.0,1.0962962962962963
전라남도,2018,12,398.0,392.0,790.0,1.0153061224489797
전라남도,2019,01,572.0,545.0,1117.0,1.0495412844036698
전라남도,2019,02,452.0,468.0,920.0,0.9658119658119658
전라남도,2019,03,485.0,470.0,955.0,1.0319148936170213
전라남도,2019,04,495.0,429.0,924.0,1.1538461538461537
전라남도,2019,05,468.0,463.0,931.0,1.0107991360691144
전라남도,2019,06,432.0,405.0,837.0,1.0666666666666667
전라남도,2019,07,454.0,455.0,909.0,0.9978021978021978
전라남도,2019,08,444.0,422.0,866.0,1.052132701421801
전라남도,2019,09,435.0,456.0,891.0,0.9539473684210527
전라남도,2019,10,409.0,475.0,884.0,0.8610526315789474
전라남도,2019,11,455.0,374.0,829.0,1.2165775401069518
전라남도,2019,12,416.0,353.0,769.0,1.178470254957507
전라남도,2020,01,502.0,453.0,955.0,1.1081677704194262
전라남도,2020,02,424.0,401.0,825.0,1.057356608478803
전라남도,2020,03,465.0,445.0,910.0,1.0449438202247192
전라남도,2020,04,418.0,375.0,793.0,1.1146666666666667
전라남도,2020,05,428.0,379.0,807.0,1.129287598944591
전라남도,2020,06,386.0,383.0,769.0,1.0078328981723237
전라남도,2020,07,435.0,433.0,868.0,1.0046189376443417
전라남도,2020,08,411.0,422.0,833.0,0.9739336492890995
전라남도,2020,09,421.0,393.0,814.0,1.0712468193384224
전라남도,2020,10,381.0,370.0,751.0,1.0297297297297296
전라남도,2020,11,371.0,354.0,725.0,1.0480225988700564
전라남도,2020,12,337.0,351.0,688.0,0.9601139601139601
전라남도,2021,01,438.0,446.0,884.0,0.9820627802690582
전라남도,2021,02,356.0,327.0,683.0,1.0886850152905199
전라남도,2021,03,377.0,367.0,744.0,1.0272479564032697
전라남도,2021,04,344.0,355.0,699.0,0.9690140845070423
전라남도,2021,05,367.0,368.0,735.0,0.9972826086956522
전라남도,2021,06,370.0,306.0,676.0,1.2091503267973855
전라남도,2021,07,386.0,363.0,749.0,1.0633608815426998
전라남도,2021,08,344.0,394.0,738.0,0.8730964467005076
전라남도,2021,09,367.0,341.0,708.0,1.0762463343108504
전라남도,2021,10,290.0,342.0,632.0,0.847953216374269
전라남도,2021,11,332.0,308.0,640.0,1.077922077922078
전라남도,2021,12,281.0,261.0,542.0,1.0766283524904214
전라남도,2022,01,419.0,386.0,805.0,1.0854922279792747
전라남도,2022,02,338.0,325.0,663.0,1.04
전라남도,2022,03,347.0,351.0,698.0,0.9886039886039886
전라남도,2022,04,359.0,302.0,661.0,1.1887417218543046
전라남도,2022,05,342.0,300.0,642.0,1.14
전라남도,2022,06,282.0,284.0,566.0,0.9929577464788732
전라남도,2022,07,354.0,339.0,693.0,1.0442477876106195
전라남도,2022,08,339.0,347.0,686.0,0.9769452449567724
전라남도,2022,09,380.0,386.0,766.0,0.9844559585492227
전라남도,2022,10,331.0,311.0,642.0,1.0643086816720257
전라남도,2022,11,289.0,277.0,566.0,1.0433212996389891
전라남도,2022,12,250.0,250.0,500.0,1.0
전라남도,2023,01,402.0,382.0,784.0,1.0523560209424083
전라남도,2023,02,339.0,335.0,674.0,1.0119402985074626
전라남도,2023,03,357.0,355.0,712.0,1.0056338028169014
전라남도,2023,04,343.0,280.0,623.0,1.225
전라남도,2023,05,337.0,302.0,639.0,1.1158940397350994
전라남도,2023,06,318.0,320.0,638.0,0.99375
전라남도,2023,07,293.0,336.0,629.0,0.8720238095238095
전라남도,2023,08,319.0,351.0,670.0,0.9088319088319088
전라남도,2023,09,336.0,332.0,668.0,1.0120481927710843
전라남도,2023,10,327.0,346.0,673.0,0.9450867052023122
전라남도,2023,11,301.0,284.0,585.0,1.0598591549295775
전라남도,2023,12,264.0,269.0,533.0,0.9814126394052045
전라남도,2024,01,353.0,384.0,737.0,0.9192708333333334
전라남도,2024,02,367.0,319.0,686.0,1.1504702194357366
전라남도,2024,03,340.0,328.0,668.0,1.0365853658536586
전라남도,2024,04,318.0,333.0,651.0,0.954954954954955
전라남도,2024,05,328.0,334.0,662.0,0.9820359281437125
전라남도,2024,06,347.0,322.0,669.0,1.0776397515527951
전라남도,2024,07,363.0,364.0,727.0,0.9972527472527473
전라남도,2024,08,344.0,355.0,699.0,0.9690140845070423
전라남도,2024,09,342.0,345.0,687.0,0.991304347826087
전라남도,2024,10,349.0,338.0,687.0,1.032544378698225
전라남도,2024,11,390.0,345.0,735.0,1.1304347826086956
전라남도,2024,12,310.0,307.0,617.0,1.009771986970684
전북특별자치도,1997,01,1362.0,1217.0,2579.0,1.1191454396055875
전북특별자치도,1997,02,1150.0,1111.0,2261.0,1.035103510351035
전북특별자치도,1997,03,1186.0,1178.0,2364.0,1.0067911714770799
전북특별자치도,1997,04,1116.0,1087.0,2203.0,1.0266789328426862
전북특별자치도,1997,05,1114.0,971.0,2085.0,1.1472708547888775
전북특별자치도,1997,06,1056.0,936.0,1992.0,1.1282051282051282
전북특별자치도,1997,07,1076.0,1036.0,2112.0,1.0386100386100385
전북특별자치도,1997,08,1124.0,1016.0,2140.0,1.1062992125984252
전북특별자치도,1997,09,1108.0,970.0,2078.0,1.1422680412371133
전북특별자치도,1997,10,1149.0,1049.0,2198.0,1.0953288846520495
전북특별자치도,1997,11,1071.0,1005.0,2076.0,1.0656716417910448
전북특별자치도,1997,12,1102.0,1080.0,2182.0,1.0203703703703704
전북특별자치도,1998,01,1357.0,1201.0,2558.0,1.1298917568692757
전북특별자치도,1998,02,1296.0,1129.0,2425.0,1.1479185119574844
전북특별자치도,1998,03,1209.0,1103.0,2312.0,1.0961015412511332
전북특별자치도,1998,04,1039.0,1033.0,2072.0,1.0058083252662149
전북특별자치도,1998,05,1042.0,1046.0,2088.0,0.9961759082217974
전북특별자치도,1998,06,937.0,957.0,1894.0,0.9791013584117032
전북특별자치도,1998,07,1085.0,906.0,1991.0,1.1975717439293598
전북특별자치도,1998,08,1079.0,983.0,2062.0,1.0976602238046795
전북특별자치도,1998,09,1188.0,1045.0,2233.0,1.1368421052631579
전북특별자치도,1998,10,1082.0,1027.0,2109.0,1.053554040895813
전북특별자치도,1998,11,1038.0,1025.0,2063.0,1.0126829268292683
전북특별자치도,1998,12,1082.0,960.0,2042.0,1.1270833333333334
전북특별자치도,1999,01,1311.0,1170.0,2481.0,1.1205128205128205
전북특별자치도,1999,02,1097.0,1035.0,2132.0,1.059903381642512
전북특별자치도,1999,03,1161.0,1066.0,2227.0,1.0891181988742964
전북특별자치도,1999,04,1074.0,1034.0,2108.0,1.0386847195357833
전북특별자치도,1999,05,1089.0,908.0,1997.0,1.199339207048458
전북특별자치도,1999,06,950.0,836.0,1786.0,1.1363636363636365
전북특별자치도,1999,07,986.0,976.0,1962.0,1.0102459016393444
전북특별자치도,1999,08,1015.0,916.0,1931.0,1.1080786026200873
전북특별자치도,1999,09,1014.0,982.0,1996.0,1.0325865580448066
전북특별자치도,1999,10,1032.0,979.0,2011.0,1.0541368743615935
전북특별자치도,1999,11,990.0,1008.0,1998.0,0.9821428571428571
전북특별자치도,1999,12,987.0,948.0,1935.0,1.0411392405063291
전북특별자치도,2000,01,1291.0,1256.0,2547.0,1.0278662420382165
전북특별자치도,2000,02,1202.0,1094.0,2296.0,1.0987202925045705
전북특별자치도,2000,03,1216.0,1168.0,2384.0,1.0410958904109588
전북특별자치도,2000,04,1074.0,980.0,2054.0,1.0959183673469388
전북특별자치도,2000,05,1104.0,937.0,2041.0,1.1782283884738527
전북특별자치도,2000,06,962.0,903.0,1865.0,1.0653377630121816
전북특별자치도,2000,07,991.0,934.0,1925.0,1.0610278372591007
전북특별자치도,2000,08,1013.0,943.0,1956.0,1.0742311770943795
전북특별자치도,2000,09,1102.0,1020.0,2122.0,1.080392156862745
전북특별자치도,2000,10,1028.0,961.0,1989.0,1.0697190426638918
전북특별자치도,2000,11,1054.0,956.0,2010.0,1.102510460251046
전북특별자치도,2000,12,1031.0,953.0,1984.0,1.0818467995802727
전북특별자치도,2001,01,1214.0,1196.0,2410.0,1.0150501672240804
전북특별자치도,2001,02,1016.0,984.0,2000.0,1.032520325203252
전북특별자치도,2001,03,1044.0,1036.0,2080.0,1.0077220077220077
전북특별자치도,2001,04,982.0,922.0,1904.0,1.0650759219088937
전북특별자치도,2001,05,908.0,900.0,1808.0,1.008888888888889
전북특별자치도,2001,06,927.0,791.0,1718.0,1.1719342604298357
전북특별자치도,2001,07,859.0,784.0,1643.0,1.0956632653061225
전북특별자치도,2001,08,847.0,866.0,1713.0,0.9780600461893765
전북특별자치도,2001,09,957.0,849.0,1806.0,1.127208480565371
전북특별자치도,2001,10,942.0,834.0,1776.0,1.129496402877698
전북특별자치도,2001,11,899.0,773.0,1672.0,1.1630012936610608
전북특별자치도,2001,12,851.0,811.0,1662.0,1.0493218249075216
전북특별자치도,2002,01,1045.0,910.0,1955.0,1.1483516483516483
전북특별자치도,2002,02,885.0,840.0,1725.0,1.0535714285714286
전북특별자치도,2002,03,940.0,889.0,1829.0,1.0573678290213724
전북특별자치도,2002,04,860.0,779.0,1639.0,1.10397946084724
전북특별자치도,2002,05,831.0,783.0,1614.0,1.0613026819923372
전북특별자치도,2002,06,732.0,659.0,1391.0,1.110773899848255
전북특별자치도,2002,07,852.0,750.0,1602.0,1.136
전북특별자치도,2002,08,806.0,744.0,1550.0,1.0833333333333333
전북특별자치도,2002,09,807.0,697.0,1504.0,1.157819225251076
전북특별자치도,2002,10,822.0,724.0,1546.0,1.1353591160220995
전북특별자치도,2002,11,755.0,650.0,1405.0,1.1615384615384616
전북특별자치도,2002,12,751.0,704.0,1455.0,1.0667613636363635
전북특별자치도,2003,01,965.0,882.0,1847.0,1.0941043083900226
전북특별자치도,2003,02,786.0,805.0,1591.0,0.9763975155279503
전북특별자치도,2003,03,876.0,827.0,1703.0,1.0592503022974606
전북특별자치도,2003,04,781.0,743.0,1524.0,1.0511440107671601
전북특별자치도,2003,05,757.0,774.0,1531.0,0.9780361757105943
전북특별자치도,2003,06,755.0,673.0,1428.0,1.1218424962852898
전북특별자치도,2003,07,734.0,714.0,1448.0,1.0280112044817926
전북특별자치도,2003,08,712.0,684.0,1396.0,1.04093567251462
전북특별자치도,2003,09,769.0,700.0,1469.0,1.0985714285714285
전북특별자치도,2003,10,778.0,735.0,1513.0,1.0585034013605443
전북특별자치도,2003,11,809.0,730.0,1539.0,1.1082191780821917
전북특별자치도,2003,12,768.0,680.0,1448.0,1.1294117647058823
전북특별자치도,2004,01,924.0,857.0,1781.0,1.0781796966161026
전북특별자치도,2004,02,815.0,704.0,1519.0,1.1576704545454546
전북특별자치도,2004,03,817.0,808.0,1625.0,1.011138613861386
전북특별자치도,2004,04,711.0,718.0,1429.0,0.9902506963788301
전북특별자치도,2004,05,695.0,651.0,1346.0,1.0675883256528418
전북특별자치도,2004,06,708.0,638.0,1346.0,1.109717868338558
전북특별자치도,2004,07,735.0,690.0,1425.0,1.065217391304348
전북특별자치도,2004,08,667.0,674.0,1341.0,0.9896142433234422
전북특별자치도,2004,09,733.0,645.0,1378.0,1.136434108527132
전북특별자치도,2004,10,721.0,694.0,1415.0,1.0389048991354466
전북특별자치도,2004,11,703.0,634.0,1337.0,1.108832807570978
전북특별자치도,2004,12,652.0,663.0,1315.0,0.9834087481146304
전북특별자치도,2005,01,869.0,763.0,1632.0,1.1389252948885977
전북특별자치도,2005,02,684.0,600.0,1284.0,1.14
전북특별자치도,2005,03,770.0,711.0,1481.0,1.0829817158931083
전북특별자치도,2005,04,690.0,629.0,1319.0,1.09697933227345
전북특별자치도,2005,05,672.0,593.0,1265.0,1.1332209106239461
전북특별자치도,2005,06,671.0,577.0,1248.0,1.1629116117850953
전북특별자치도,2005,07,679.0,582.0,1261.0,1.1666666666666667
전북특별자치도,2005,08,653.0,614.0,1267.0,1.0635179153094463
전북특별자치도,2005,09,683.0,633.0,1316.0,1.0789889415481833
전북특별자치도,2005,10,660.0,650.0,1310.0,1.0153846153846153
전북특별자치도,2005,11,685.0,609.0,1294.0,1.1247947454844007
전북특별자치도,2005,12,574.0,494.0,1068.0,1.1619433198380567
전북특별자치도,2006,01,783.0,754.0,1537.0,1.0384615384615385
전북특별자치도,2006,02,689.0,641.0,1330.0,1.0748829953198127
전북특별자치도,2006,03,746.0,672.0,1418.0,1.1101190476190477
전북특별자치도,2006,04,672.0,603.0,1275.0,1.1144278606965174
전북특별자치도,2006,05,644.0,615.0,1259.0,1.0471544715447154
전북특별자치도,2006,06,615.0,608.0,1223.0,1.011513157894737
전북특별자치도,2006,07,646.0,629.0,1275.0,1.027027027027027
전북특별자치도,2006,08,708.0,615.0,1323.0,1.1512195121951219
전북특별자치도,2006,09,685.0,632.0,1317.0,1.0838607594936709
전북특별자치도,2006,10,634.0,619.0,1253.0,1.024232633279483
전북특별자치도,2006,11,620.0,621.0,1241.0,0.998389694041868
전북특별자치도,2006,12,570.0,550.0,1120.0,1.0363636363636364
전북특별자치도,2007,01,866.0,795.0,1661.0,1.089308176100629
전북특별자치도,2007,02,744.0,673.0,1417.0,1.1054977711738485
전북특별자치도,2007,03,762.0,750.0,1512.0,1.016
전북특별자치도,2007,04,750.0,688.0,1438.0,1.0901162790697674
전북특별자치도,2007,05,669.0,704.0,1373.0,0.9502840909090909
전북특별자치도,2007,06,680.0,594.0,1274.0,1.1447811447811447
전북특별자치도,2007,07,694.0,636.0,1330.0,1.0911949685534592
전북특별자치도,2007,08,795.0,733.0,1528.0,1.0845839017735335
전북특별자치도,2007,09,805.0,762.0,1567.0,1.0564304461942258
전북특별자치도,2007,10,813.0,770.0,1583.0,1.0558441558441558
전북특별자치도,2007,11,755.0,664.0,1419.0,1.1370481927710843
전북특별자치도,2007,12,573.0,553.0,1126.0,1.0361663652802893
전북특별자치도,2008,01,876.0,824.0,1700.0,1.0631067961165048
전북특별자치도,2008,02,685.0,659.0,1344.0,1.039453717754173
전북특별자치도,2008,03,709.0,682.0,1391.0,1.0395894428152492
전북특별자치도,2008,04,702.0,650.0,1352.0,1.08
전북특별자치도,2008,05,706.0,584.0,1290.0,1.2089041095890412
전북특별자치도,2008,06,585.0,534.0,1119.0,1.095505617977528
전북특별자치도,2008,07,657.0,636.0,1293.0,1.0330188679245282
전북특별자치도,2008,08,679.0,645.0,1324.0,1.0527131782945736
전북특별자치도,2008,09,725.0,687.0,1412.0,1.0553129548762736
전북특별자치도,2008,10,687.0,629.0,1316.0,1.0922098569157392
전북특별자치도,2008,11,630.0,585.0,1215.0,1.0769230769230769
전북특별자치도,2008,12,604.0,518.0,1122.0,1.166023166023166
전북특별자치도,2009,01,845.0,784.0,1629.0,1.0778061224489797
전북특별자치도,2009,02,624.0,634.0,1258.0,0.9842271293375394
전북특별자치도,2009,03,714.0,675.0,1389.0,1.0577777777777777
전북특별자치도,2009,04,695.0,580.0,1275.0,1.1982758620689655
전북특별자치도,2009,05,638.0,602.0,1240.0,1.0598006644518272
전북특별자치도,2009,06,588.0,573.0,1161.0,1.0261780104712042
전북특별자치도,2009,07,639.0,578.0,1217.0,1.1055363321799307
전북특별자치도,2009,08,651.0,623.0,1274.0,1.0449438202247192
전북특별자치도,2009,09,635.0,628.0,1263.0,1.0111464968152866
전북특별자치도,2009,10,659.0,627.0,1286.0,1.0510366826156299
전북특별자치도,2009,11,582.0,539.0,1121.0,1.0797773654916512
전북특별자치도,2009,12,577.0,543.0,1120.0,1.0626151012891345
전북특별자치도,2010,01,841.0,746.0,1587.0,1.1273458445040214
전북특별자치도,2010,02,657.0,617.0,1274.0,1.0648298217179903
전북특별자치도,2010,03,732.0,662.0,1394.0,1.105740181268882
전북특별자치도,2010,04,698.0,660.0,1358.0,1.0575757575757576
전북특별자치도,2010,05,651.0,611.0,1262.0,1.065466448445172
전북특별자치도,2010,06,635.0,581.0,1216.0,1.0929432013769362
전북특별자치도,2010,07,656.0,563.0,1219.0,1.1651865008880995
전북특별자치도,2010,08,674.0,657.0,1331.0,1.025875190258752
전북특별자치도,2010,09,782.0,667.0,1449.0,1.1724137931034482
전북특별자치도,2010,10,785.0,743.0,1528.0,1.056527590847914
전북특별자치도,2010,11,668.0,666.0,1334.0,1.003003003003003
전북특별자치도,2010,12,578.0,570.0,1148.0,1.0140350877192983
전북특별자치도,2011,01,901.0,876.0,1777.0,1.028538812785388
전북특별자치도,2011,02,653.0,652.0,1305.0,1.0015337423312884
전북특별자치도,2011,03,731.0,723.0,1454.0,1.0110650069156293
전북특별자치도,2011,04,723.0,666.0,1389.0,1.0855855855855856
전북특별자치도,2011,05,662.0,659.0,1321.0,1.0045523520485584
전북특별자치도,2011,06,687.0,618.0,1305.0,1.1116504854368932
전북특별자치도,2011,07,672.0,599.0,1271.0,1.1218697829716193
전북특별자치도,2011,08,695.0,635.0,1330.0,1.094488188976378
전북특별자치도,2011,09,700.0,629.0,1329.0,1.1128775834658187
전북특별자치도,2011,10,664.0,656.0,1320.0,1.0121951219512195
전북특별자치도,2011,11,637.0,623.0,1260.0,1.0224719101123596
전북특별자치도,2011,12,565.0,549.0,1114.0,1.029143897996357
전북특별자치도,2012,01,868.0,730.0,1598.0,1.189041095890411
전북특별자치도,2012,02,723.0,630.0,1353.0,1.1476190476190475
전북특별자치도,2012,03,701.0,686.0,1387.0,1.021865889212828
전북특별자치도,2012,04,714.0,670.0,1384.0,1.0656716417910448
전북특별자치도,2012,05,718.0,648.0,1366.0,1.1080246913580247
전북특별자치도,2012,06,643.0,609.0,1252.0,1.0558292282430213
전북특별자치도,2012,07,733.0,634.0,1367.0,1.1561514195583595
전북특별자치도,2012,08,741.0,659.0,1400.0,1.1244309559939303
전북특별자치도,2012,09,637.0,684.0,1321.0,0.9312865497076024
전북특별자치도,2012,10,709.0,705.0,1414.0,1.0056737588652482
전북특별자치도,2012,11,706.0,616.0,1322.0,1.146103896103896
전북특별자치도,2012,12,564.0,510.0,1074.0,1.1058823529411765
전북특별자치도,2013,01,849.0,708.0,1557.0,1.1991525423728813
전북특별자치도,2013,02,596.0,594.0,1190.0,1.0033670033670035
전북특별자치도,2013,03,690.0,623.0,1313.0,1.1075441412520064
전북특별자치도,2013,04,620.0,613.0,1233.0,1.0114192495921697
전북특별자치도,2013,05,655.0,594.0,1249.0,1.1026936026936027
전북특별자치도,2013,06,567.0,536.0,1103.0,1.0578358208955223
전북특별자치도,2013,07,609.0,562.0,1171.0,1.083629893238434
전북특별자치도,2013,08,601.0,565.0,1166.0,1.063716814159292
전북특별자치도,2013,09,666.0,589.0,1255.0,1.130730050933786
전북특별자치도,2013,10,605.0,607.0,1212.0,0.9967051070840197
전북특별자치도,2013,11,549.0,510.0,1059.0,1.076470588235294
전북특별자치도,2013,12,499.0,548.0,1047.0,0.9105839416058394
전북특별자치도,2014,01,758.0,702.0,1460.0,1.0797720797720798
전북특별자치도,2014,02,630.0,599.0,1229.0,1.0517529215358932
전북특별자치도,2014,03,629.0,601.0,1230.0,1.0465890183028286
전북특별자치도,2014,04,581.0,582.0,1163.0,0.9982817869415808
전북특별자치도,2014,05,593.0,550.0,1143.0,1.0781818181818181
전북특별자치도,2014,06,583.0,528.0,1111.0,1.1041666666666667
전북특별자치도,2014,07,642.0,524.0,1166.0,1.2251908396946565
전북특별자치도,2014,08,602.0,593.0,1195.0,1.015177065767285
전북특별자치도,2014,09,657.0,598.0,1255.0,1.0986622073578596
전북특별자치도,2014,10,607.0,601.0,1208.0,1.0099833610648918
전북특별자치도,2014,11,544.0,509.0,1053.0,1.068762278978389
전북특별자치도,2014,12,514.0,504.0,1018.0,1.0198412698412698
전북특별자치도,2015,01,720.0,693.0,1413.0,1.0389610389610389
전북특별자치도,2015,02,583.0,635.0,1218.0,0.9181102362204724
전북특별자치도,2015,03,652.0,622.0,1274.0,1.0482315112540193
전북특별자치도,2015,04,665.0,613.0,1278.0,1.0848287112561175
전북특별자치도,2015,05,599.0,573.0,1172.0,1.0453752181500873
전북특별자치도,2015,06,577.0,554.0,1131.0,1.0415162454873645
전북특별자치도,2015,07,641.0,556.0,1197.0,1.1528776978417266
전북특별자치도,2015,08,548.0,513.0,1061.0,1.0682261208576997
전북특별자치도,2015,09,606.0,510.0,1116.0,1.188235294117647
전북특별자치도,2015,10,594.0,575.0,1169.0,1.0330434782608695
전북특별자치도,2015,11,545.0,494.0,1039.0,1.1032388663967612
전북특별자치도,2015,12,495.0,524.0,1019.0,0.9446564885496184
전북특별자치도,2016,01,697.0,630.0,1327.0,1.1063492063492064
전북특별자치도,2016,02,599.0,538.0,1137.0,1.1133828996282529
전북특별자치도,2016,03,583.0,584.0,1167.0,0.9982876712328768
전북특별자치도,2016,04,561.0,534.0,1095.0,1.050561797752809
전북특별자치도,2016,05,580.0,549.0,1129.0,1.0564663023679417
전북특별자치도,2016,06,549.0,506.0,1055.0,1.0849802371541502
전북특별자치도,2016,07,518.0,515.0,1033.0,1.0058252427184466
전북특별자치도,2016,08,522.0,492.0,1014.0,1.0609756097560976
전북특별자치도,2016,09,526.0,530.0,1056.0,0.9924528301886792
전북특별자치도,2016,10,519.0,447.0,966.0,1.1610738255033557
전북특별자치도,2016,11,484.0,424.0,908.0,1.1415094339622642
전북특별자치도,2016,12,393.0,418.0,811.0,0.9401913875598086
전북특별자치도,2017,01,578.0,546.0,1124.0,1.0586080586080586
전북특별자치도,2017,02,529.0,489.0,1018.0,1.081799591002045
전북특별자치도,2017,03,559.0,489.0,1048.0,1.1431492842535786
전북특별자치도,2017,04,495.0,443.0,938.0,1.1173814898419865
전북특별자치도,2017,05,473.0,482.0,955.0,0.9813278008298755
전북특별자치도,2017,06,479.0,465.0,944.0,1.0301075268817204
전북특별자치도,2017,07,460.0,477.0,937.0,0.9643605870020965
전북특별자치도,2017,08,452.0,486.0,938.0,0.9300411522633745
전북특별자치도,2017,09,494.0,464.0,958.0,1.0646551724137931
전북특별자치도,2017,10,415.0,440.0,855.0,0.9431818181818182
전북특별자치도,2017,11,451.0,418.0,869.0,1.0789473684210527
전북특별자치도,2017,12,395.0,369.0,764.0,1.070460704607046
전북특별자치도,2018,01,502.0,492.0,994.0,1.0203252032520325
전북특별자치도,2018,02,444.0,472.0,916.0,0.940677966101695
전북특별자치도,2018,03,470.0,427.0,897.0,1.100702576112412
전북특별자치도,2018,04,439.0,427.0,866.0,1.0281030444964872
전북특별자치도,2018,05,424.0,408.0,832.0,1.0392156862745099
전북특별자치도,2018,06,424.0,375.0,799.0,1.1306666666666667
전북특별자치도,2018,07,411.0,399.0,810.0,1.0300751879699248
전북특별자치도,2018,08,427.0,411.0,838.0,1.0389294403892944
전북특별자치도,2018,09,410.0,408.0,818.0,1.0049019607843137
전북특별자치도,2018,10,422.0,385.0,807.0,1.096103896103896
전북특별자치도,2018,11,390.0,394.0,784.0,0.9898477157360406
전북특별자치도,2018,12,328.0,312.0,640.0,1.0512820512820513
전북특별자치도,2019,01,435.0,424.0,859.0,1.025943396226415
전북특별자치도,2019,02,352.0,360.0,712.0,0.9777777777777777
전북특별자치도,2019,03,421.0,390.0,811.0,1.0794871794871794
전북특별자치도,2019,04,437.0,373.0,810.0,1.1715817694369972
전북특별자치도,2019,05,374.0,409.0,783.0,0.9144254278728606
전북특별자치도,2019,06,358.0,369.0,727.0,0.9701897018970189
전북특별자치도,2019,07,364.0,329.0,693.0,1.1063829787234043
전북특별자치도,2019,08,390.0,343.0,733.0,1.1370262390670554
전북특별자치도,2019,09,360.0,379.0,739.0,0.9498680738786279
전북특별자치도,2019,10,385.0,361.0,746.0,1.0664819944598338
전북특별자치도,2019,11,369.0,355.0,724.0,1.0394366197183098
전북특별자치도,2019,12,344.0,290.0,634.0,1.186206896551724
전북특별자치도,2020,01,387.0,356.0,743.0,1.0870786516853932
전북특별자치도,2020,02,347.0,309.0,656.0,1.1229773462783172
전북특별자치도,2020,03,359.0,380.0,739.0,0.9447368421052632
전북특별자치도,2020,04,401.0,338.0,739.0,1.1863905325443787
전북특별자치도,2020,05,360.0,330.0,690.0,1.0909090909090908
전북특별자치도,2020,06,313.0,295.0,608.0,1.0610169491525423
전북특별자치도,2020,07,338.0,337.0,675.0,1.002967359050445
전북특별자치도,2020,08,341.0,353.0,694.0,0.9660056657223796
전북특별자치도,2020,09,332.0,367.0,699.0,0.9046321525885559
전북특별자치도,2020,10,324.0,318.0,642.0,1.0188679245283019
전북특별자치도,2020,11,317.0,319.0,636.0,0.9937304075235109
전북특별자치도,2020,12,318.0,326.0,644.0,0.9754601226993865
전북특별자치도,2021,01,381.0,356.0,737.0,1.0702247191011236
전북특별자치도,2021,02,302.0,327.0,629.0,0.9235474006116208
전북특별자치도,2021,03,331.0,320.0,651.0,1.034375
전북특별자치도,2021,04,333.0,342.0,675.0,0.9736842105263158
전북특별자치도,2021,05,334.0,282.0,616.0,1.1843971631205674
전북특별자치도,2021,06,310.0,313.0,623.0,0.9904153354632588
전북특별자치도,2021,07,309.0,342.0,651.0,0.9035087719298246
전북특별자치도,2021,08,356.0,254.0,610.0,1.4015748031496063
전북특별자치도,2021,09,334.0,294.0,628.0,1.1360544217687074
전북특별자치도,2021,10,302.0,286.0,588.0,1.055944055944056
전북특별자치도,2021,11,264.0,279.0,543.0,0.946236559139785
전북특별자치도,2021,12,280.0,244.0,524.0,1.1475409836065573
전북특별자치도,2022,01,347.0,348.0,695.0,0.9971264367816092
전북특별자치도,2022,02,284.0,302.0,586.0,0.9403973509933775
전북특별자치도,2022,03,308.0,317.0,625.0,0.9716088328075709
전북특별자치도,2022,04,285.0,304.0,589.0,0.9375
전북특별자치도,2022,05,257.0,272.0,529.0,0.9448529411764706
전북특별자치도,2022,06,292.0,304.0,596.0,0.9605263157894737
전북특별자치도,2022,07,296.0,308.0,604.0,0.961038961038961
전북특별자치도,2022,08,265.0,312.0,577.0,0.8493589743589743
전북특별자치도,2022,09,296.0,300.0,596.0,0.9866666666666667
전북특별자치도,2022,10,284.0,293.0,577.0,0.9692832764505119
전북특별자치도,2022,11,280.0,295.0,575.0,0.9491525423728814
전북특별자치도,2022,12,254.0,229.0,483.0,1.1091703056768558
전북특별자치도,2023,01,363.0,325.0,688.0,1.116923076923077
전북특별자치도,2023,02,269.0,267.0,536.0,1.0074906367041199
전북특별자치도,2023,03,307.0,280.0,587.0,1.0964285714285715
전북특별자치도,2023,04,260.0,257.0,517.0,1.0116731517509727
전북특별자치도,2023,05,257.0,263.0,520.0,0.9771863117870723
전북특별자치도,2023,06,269.0,289.0,558.0,0.9307958477508651
전북특별자치도,2023,07,293.0,287.0,580.0,1.0209059233449478
전북특별자치도,2023,08,322.0,261.0,583.0,1.2337164750957854
전북특별자치도,2023,09,250.0,253.0,503.0,0.9881422924901185
전북특별자치도,2023,10,262.0,286.0,548.0,0.916083916083916
전북특별자치도,2023,11,230.0,256.0,486.0,0.8984375
전북특별자치도,2023,12,277.0,239.0,516.0,1.1589958158995817
전북특별자치도,2024,01,310.0,304.0,614.0,1.019736842105263
전북특별자치도,2024,02,300.0,286.0,586.0,1.048951048951049
전북특별자치도,2024,03,292.0,257.0,549.0,1.1361867704280155
전북특별자치도,2024,04,247.0,259.0,506.0,0.9536679536679536
전북특별자치도,2024,05,270.0,282.0,552.0,0.9574468085106383
전북특별자치도,2024,06,286.0,270.0,556.0,1.0592592592592593
전북특별자치도,2024,07,302.0,248.0,550.0,1.217741935483871
전북특별자치도,2024,08,311.0,253.0,564.0,1.2292490118577075
전북특별자치도,2024,09,287.0,286.0,573.0,1.0034965034965035
전북특별자치도,2024,10,304.0,322.0,626.0,0.9440993788819876
전북특별자치도,2024,11,288.0,284.0,572.0,1.0140845070422535
전북특별자치도,2024,12,276.0,256.0,532.0,1.078125
제주특별자치도,1997,01,373.0,361.0,734.0,1.0332409972299168
제주특별자치도,1997,02,386.0,351.0,737.0,1.0997150997150997
제주특별자치도,1997,03,419.0,331.0,750.0,1.2658610271903323
제주특별자치도,1997,04,349.0,320.0,669.0,1.090625
제주특별자치도,1997,05,416.0,310.0,726.0,1.3419354838709678
제주특별자치도,1997,06,344.0,312.0,656.0,1.1025641025641026
제주특별자치도,1997,07,375.0,322.0,697.0,1.1645962732919255
제주특별자치도,1997,08,349.0,332.0,681.0,1.0512048192771084
제주특별자치도,1997,09,373.0,337.0,710.0,1.1068249258160237
제주특별자치도,1997,10,358.0,334.0,692.0,1.0718562874251496
제주특별자치도,1997,11,348.0,352.0,700.0,0.9886363636363636
제주특별자치도,1997,12,359.0,434.0,793.0,0.8271889400921659
제주특별자치도,1998,01,398.0,281.0,679.0,1.416370106761566
제주특별자치도,1998,02,417.0,334.0,751.0,1.248502994011976
제주특별자치도,1998,03,387.0,350.0,737.0,1.1057142857142856
제주특별자치도,1998,04,352.0,286.0,638.0,1.2307692307692308
제주특별자치도,1998,05,333.0,323.0,656.0,1.0309597523219813
제주특별자치도,1998,06,307.0,308.0,615.0,0.9967532467532467
제주특별자치도,1998,07,312.0,289.0,601.0,1.0795847750865053
제주특별자치도,1998,08,359.0,307.0,666.0,1.1693811074918568
제주특별자치도,1998,09,356.0,336.0,692.0,1.0595238095238095
제주특별자치도,1998,10,369.0,340.0,709.0,1.0852941176470587
제주특별자치도,1998,11,375.0,315.0,690.0,1.1904761904761905
제주특별자치도,1998,12,339.0,317.0,656.0,1.0694006309148265
제주특별자치도,1999,01,403.0,372.0,775.0,1.0833333333333333
제주특별자치도,1999,02,362.0,300.0,662.0,1.2066666666666668
제주특별자치도,1999,03,347.0,377.0,724.0,0.9204244031830239
제주특별자치도,1999,04,324.0,324.0,648.0,1.0
제주특별자치도,1999,05,339.0,303.0,642.0,1.118811881188119
제주특별자치도,1999,06,334.0,300.0,634.0,1.1133333333333333
제주특별자치도,1999,07,318.0,307.0,625.0,1.0358306188925082
제주특별자치도,1999,08,370.0,286.0,656.0,1.2937062937062938
제주특별자치도,1999,09,352.0,281.0,633.0,1.2526690391459074
제주특별자치도,1999,10,361.0,335.0,696.0,1.0776119402985074
제주특별자치도,1999,11,369.0,322.0,691.0,1.1459627329192548
제주특별자치도,1999,12,352.0,318.0,670.0,1.1069182389937107
제주특별자치도,2000,01,459.0,383.0,842.0,1.1984334203655354
제주특별자치도,2000,02,395.0,369.0,764.0,1.070460704607046
제주특별자치도,2000,03,411.0,398.0,809.0,1.0326633165829147
제주특별자치도,2000,04,339.0,341.0,680.0,0.9941348973607038
제주특별자치도,2000,05,373.0,360.0,733.0,1.0361111111111112
제주특별자치도,2000,06,308.0,303.0,611.0,1.0165016501650166
제주특별자치도,2000,07,330.0,331.0,661.0,0.9969788519637462
제주특별자치도,2000,08,346.0,318.0,664.0,1.0880503144654088
제주특별자치도,2000,09,375.0,365.0,740.0,1.0273972602739727
제주특별자치도,2000,10,375.0,345.0,720.0,1.0869565217391304
제주특별자치도,2000,11,359.0,365.0,724.0,0.9835616438356164
제주특별자치도,2000,12,351.0,334.0,685.0,1.0508982035928143
제주특별자치도,2001,01,370.0,302.0,672.0,1.2251655629139073
제주특별자치도,2001,02,333.0,324.0,657.0,1.0277777777777777
제주특별자치도,2001,03,361.0,374.0,735.0,0.9652406417112299
제주특별자치도,2001,04,352.0,284.0,636.0,1.2394366197183098
제주특별자치도,2001,05,361.0,328.0,689.0,1.100609756097561
제주특별자치도,2001,06,276.0,246.0,522.0,1.1219512195121952
제주특별자치도,2001,07,303.0,251.0,554.0,1.207171314741036
제주특별자치도,2001,08,291.0,298.0,589.0,0.9765100671140939
제주특별자치도,2001,09,317.0,260.0,577.0,1.2192307692307693
제주특별자치도,2001,10,335.0,257.0,592.0,1.3035019455252919
제주특별자치도,2001,11,318.0,277.0,595.0,1.148014440433213
제주특별자치도,2001,12,306.0,329.0,635.0,0.9300911854103343
제주특별자치도,2002,01,312.0,259.0,571.0,1.2046332046332047
제주특별자치도,2002,02,310.0,250.0,560.0,1.24
제주특별자치도,2002,03,320.0,301.0,621.0,1.06312292358804
제주특별자치도,2002,04,296.0,250.0,546.0,1.184
제주특별자치도,2002,05,319.0,223.0,542.0,1.4304932735426008
제주특별자치도,2002,06,269.0,233.0,502.0,1.1545064377682404
제주특별자치도,2002,07,279.0,230.0,509.0,1.2130434782608697
제주특별자치도,2002,08,299.0,261.0,560.0,1.1455938697318007
제주특별자치도,2002,09,282.0,233.0,515.0,1.2103004291845494
제주특별자치도,2002,10,264.0,239.0,503.0,1.104602510460251
제주특별자치도,2002,11,296.0,260.0,556.0,1.1384615384615384
제주특별자치도,2002,12,293.0,252.0,545.0,1.1626984126984128
제주특별자치도,2003,01,281.0,263.0,544.0,1.0684410646387832
제주특별자치도,2003,02,268.0,277.0,545.0,0.9675090252707581
제주특별자치도,2003,03,316.0,303.0,619.0,1.0429042904290429
제주특별자치도,2003,04,271.0,261.0,532.0,1.0383141762452108
제주특별자치도,2003,05,297.0,269.0,566.0,1.104089219330855
제주특별자치도,2003,06,269.0,219.0,488.0,1.2283105022831051
제주특별자치도,2003,07,269.0,267.0,536.0,1.0074906367041199
제주특별자치도,2003,08,291.0,219.0,510.0,1.3287671232876712
제주특별자치도,2003,09,312.0,251.0,563.0,1.2430278884462151
제주특별자치도,2003,10,307.0,275.0,582.0,1.1163636363636364
제주특별자치도,2003,11,301.0,248.0,549.0,1.2137096774193548
제주특별자치도,2003,12,276.0,273.0,549.0,1.010989010989011
제주특별자치도,2004,01,306.0,247.0,553.0,1.2388663967611335
제주특별자치도,2004,02,274.0,256.0,530.0,1.0703125
제주특별자치도,2004,03,294.0,282.0,576.0,1.0425531914893618
제주특별자치도,2004,04,275.0,245.0,520.0,1.1224489795918366
제주특별자치도,2004,05,280.0,229.0,509.0,1.222707423580786
제주특별자치도,2004,06,233.0,219.0,452.0,1.0639269406392695
제주특별자치도,2004,07,259.0,242.0,501.0,1.0702479338842976
제주특별자치도,2004,08,266.0,232.0,498.0,1.146551724137931
제주특별자치도,2004,09,262.0,233.0,495.0,1.1244635193133048
제주특별자치도,2004,10,275.0,236.0,511.0,1.1652542372881356
제주특별자치도,2004,11,237.0,212.0,449.0,1.1179245283018868
제주특별자치도,2004,12,263.0,240.0,503.0,1.0958333333333334
제주특별자치도,2005,01,231.0,228.0,459.0,1.013157894736842
제주특별자치도,2005,02,261.0,209.0,470.0,1.2488038277511961
제주특별자치도,2005,03,302.0,259.0,561.0,1.166023166023166
제주특별자치도,2005,04,249.0,215.0,464.0,1.158139534883721
제주특별자치도,2005,05,254.0,218.0,472.0,1.165137614678899
제주특별자치도,2005,06,241.0,218.0,459.0,1.1055045871559632
제주특별자치도,2005,07,276.0,198.0,474.0,1.393939393939394
제주특별자치도,2005,08,235.0,216.0,451.0,1.087962962962963
제주특별자치도,2005,09,266.0,219.0,485.0,1.2146118721461188
제주특별자치도,2005,10,265.0,245.0,510.0,1.0816326530612246
제주특별자치도,2005,11,232.0,231.0,463.0,1.0043290043290043
제주특별자치도,2005,12,231.0,235.0,466.0,0.9829787234042553
제주특별자치도,2006,01,268.0,222.0,490.0,1.2072072072072073
제주특별자치도,2006,02,246.0,242.0,488.0,1.0165289256198347
제주특별자치도,2006,03,276.0,243.0,519.0,1.1358024691358024
제주특별자치도,2006,04,238.0,227.0,465.0,1.0484581497797356
제주특별자치도,2006,05,240.0,220.0,460.0,1.0909090909090908
제주특별자치도,2006,06,243.0,211.0,454.0,1.1516587677725119
제주특별자치도,2006,07,261.0,218.0,479.0,1.1972477064220184
제주특별자치도,2006,08,259.0,233.0,492.0,1.111587982832618
제주특별자치도,2006,09,276.0,257.0,533.0,1.0739299610894941
제주특별자치도,2006,10,255.0,228.0,483.0,1.118421052631579
제주특별자치도,2006,11,258.0,241.0,499.0,1.070539419087137
제주특별자치도,2006,12,246.0,245.0,491.0,1.0040816326530613
제주특별자치도,2007,01,285.0,271.0,556.0,1.051660516605166
제주특별자치도,2007,02,234.0,233.0,467.0,1.0042918454935623
제주특별자치도,2007,03,306.0,284.0,590.0,1.0774647887323943
제주특별자치도,2007,04,252.0,233.0,485.0,1.0815450643776825
제주특별자치도,2007,05,233.0,213.0,446.0,1.0938967136150235
제주특별자치도,2007,06,212.0,258.0,470.0,0.8217054263565892
제주특별자치도,2007,07,268.0,267.0,535.0,1.00374531835206
제주특별자치도,2007,08,276.0,284.0,560.0,0.971830985915493
제주특별자치도,2007,09,295.0,241.0,536.0,1.2240663900414939
제주특별자치도,2007,10,269.0,263.0,532.0,1.0228136882129277
제주특별자치도,2007,11,279.0,220.0,499.0,1.268181818181818
제주특별자치도,2007,12,265.0,237.0,502.0,1.1181434599156117
제주특별자치도,2008,01,286.0,257.0,543.0,1.11284046692607
제주특별자치도,2008,02,221.0,244.0,465.0,0.9057377049180327
제주특별자치도,2008,03,264.0,239.0,503.0,1.104602510460251
제주특별자치도,2008,04,216.0,198.0,414.0,1.0909090909090908
제주특별자치도,2008,05,230.0,195.0,425.0,1.1794871794871795
제주특별자치도,2008,06,208.0,206.0,414.0,1.0097087378640777
제주특별자치도,2008,07,245.0,232.0,477.0,1.0560344827586208
제주특별자치도,2008,08,224.0,213.0,437.0,1.051643192488263
제주특별자치도,2008,09,256.0,258.0,514.0,0.9922480620155039
제주특별자치도,2008,10,254.0,244.0,498.0,1.040983606557377
제주특별자치도,2008,11,231.0,226.0,457.0,1.0221238938053097
제주특별자치도,2008,12,249.0,197.0,446.0,1.263959390862944
제주특별자치도,2009,01,287.0,233.0,520.0,1.2317596566523605
제주특별자치도,2009,02,205.0,195.0,400.0,1.0512820512820513
제주특별자치도,2009,03,285.0,260.0,545.0,1.0961538461538463
제주특별자치도,2009,04,230.0,215.0,445.0,1.069767441860465
제주특별자치도,2009,05,201.0,218.0,419.0,0.9220183486238532
제주특별자치도,2009,06,211.0,228.0,439.0,0.9254385964912281
제주특별자치도,2009,07,218.0,212.0,430.0,1.028301886792453
제주특별자치도,2009,08,205.0,227.0,432.0,0.9030837004405287
제주특별자치도,2009,09,231.0,178.0,409.0,1.297752808988764
제주특별자치도,2009,10,265.0,212.0,477.0,1.25
제주특별자치도,2009,11,244.0,211.0,455.0,1.1563981042654028
제주특별자치도,2009,12,243.0,219.0,462.0,1.1095890410958904
제주특별자치도,2010,01,258.0,253.0,511.0,1.0197628458498025
제주특별자치도,2010,02,214.0,206.0,420.0,1.0388349514563107
제주특별자치도,2010,03,266.0,241.0,507.0,1.103734439834025
제주특별자치도,2010,04,243.0,208.0,451.0,1.1682692307692308
제주특별자치도,2010,05,246.0,198.0,444.0,1.2424242424242424
제주특별자치도,2010,06,209.0,214.0,423.0,0.9766355140186916
제주특별자치도,2010,07,245.0,200.0,445.0,1.225
제주특별자치도,2010,08,245.0,237.0,482.0,1.0337552742616034
제주특별자치도,2010,09,254.0,255.0,509.0,0.996078431372549
제주특별자치도,2010,10,257.0,259.0,516.0,0.9922779922779923
제주특별자치도,2010,11,262.0,233.0,495.0,1.1244635193133048
제주특별자치도,2010,12,230.0,224.0,454.0,1.0267857142857142
제주특별자치도,2011,01,270.0,279.0,549.0,0.967741935483871
제주특별자치도,2011,02,232.0,214.0,446.0,1.0841121495327102
제주특별자치도,2011,03,261.0,251.0,512.0,1.0398406374501992
제주특별자치도,2011,04,249.0,242.0,491.0,1.0289256198347108
제주특별자치도,2011,05,266.0,229.0,495.0,1.1615720524017468
제주특별자치도,2011,06,199.0,187.0,386.0,1.0641711229946524
제주특별자치도,2011,07,232.0,254.0,486.0,0.9133858267716536
제주특별자치도,2011,08,224.0,213.0,437.0,1.051643192488263
제주특별자치도,2011,09,237.0,213.0,450.0,1.1126760563380282
제주특별자치도,2011,10,236.0,198.0,434.0,1.1919191919191918
제주특별자치도,2011,11,234.0,230.0,464.0,1.017391304347826
제주특별자치도,2011,12,251.0,227.0,478.0,1.105726872246696
제주특별자치도,2012,01,269.0,257.0,526.0,1.046692607003891
제주특별자치도,2012,02,265.0,260.0,525.0,1.0192307692307692
제주특별자치도,2012,03,281.0,268.0,549.0,1.0485074626865671
제주특별자치도,2012,04,271.0,238.0,509.0,1.138655462184874
제주특별자치도,2012,05,274.0,259.0,533.0,1.057915057915058
제주특별자치도,2012,06,214.0,220.0,434.0,0.9727272727272728
제주특별자치도,2012,07,244.0,232.0,476.0,1.0517241379310345
제주특별자치도,2012,08,234.0,249.0,483.0,0.9397590361445783
제주특별자치도,2012,09,239.0,258.0,497.0,0.9263565891472868
제주특별자치도,2012,10,245.0,252.0,497.0,0.9722222222222222
제주특별자치도,2012,11,265.0,221.0,486.0,1.1990950226244343
제주특별자치도,2012,12,245.0,232.0,477.0,1.0560344827586208
제주특별자치도,2013,01,242.0,285.0,527.0,0.8491228070175438
제주특별자치도,2013,02,223.0,201.0,424.0,1.109452736318408
제주특별자치도,2013,03,240.0,217.0,457.0,1.1059907834101383
제주특별자치도,2013,04,211.0,232.0,443.0,0.9094827586206896
제주특별자치도,2013,05,199.0,205.0,404.0,0.9707317073170731
제주특별자치도,2013,06,209.0,195.0,404.0,1.0717948717948718
제주특별자치도,2013,07,233.0,212.0,445.0,1.099056603773585
제주특별자치도,2013,08,219.0,219.0,438.0,1.0
제주특별자치도,2013,09,270.0,227.0,497.0,1.1894273127753303
제주특별자치도,2013,10,232.0,222.0,454.0,1.045045045045045
제주특별자치도,2013,11,232.0,214.0,446.0,1.0841121495327102
제주특별자치도,2013,12,195.0,194.0,389.0,1.0051546391752577
제주특별자치도,2014,01,268.0,261.0,529.0,1.0268199233716475
제주특별자치도,2014,02,235.0,240.0,475.0,0.9791666666666666
제주특별자치도,2014,03,231.0,246.0,477.0,0.9390243902439024
제주특별자치도,2014,04,267.0,214.0,481.0,1.2476635514018692
제주특별자치도,2014,05,245.0,189.0,434.0,1.2962962962962963
제주특별자치도,2014,06,230.0,214.0,444.0,1.074766355140187
제주특별자치도,2014,07,227.0,211.0,438.0,1.0758293838862558
제주특별자치도,2014,08,242.0,246.0,488.0,0.983739837398374
제주특별자치도,2014,09,238.0,240.0,478.0,0.9916666666666667
제주특별자치도,2014,10,265.0,229.0,494.0,1.1572052401746724
제주특별자치도,2014,11,181.0,201.0,382.0,0.900497512437811
제주특별자치도,2014,12,203.0,203.0,406.0,1.0
제주특별자치도,2015,01,261.0,271.0,532.0,0.9630996309963099
제주특별자치도,2015,02,247.0,216.0,463.0,1.1435185185185186
제주특별자치도,2015,03,264.0,245.0,509.0,1.0775510204081633
제주특별자치도,2015,04,234.0,232.0,466.0,1.0086206896551724
제주특별자치도,2015,05,211.0,205.0,416.0,1.0292682926829269
제주특별자치도,2015,06,253.0,224.0,477.0,1.1294642857142858
제주특별자치도,2015,07,244.0,229.0,473.0,1.0655021834061136
제주특별자치도,2015,08,228.0,226.0,454.0,1.008849557522124
제주특별자치도,2015,09,232.0,194.0,426.0,1.1958762886597938
제주특별자치도,2015,10,293.0,231.0,524.0,1.2683982683982684
제주특별자치도,2015,11,242.0,206.0,448.0,1.174757281553398
제주특별자치도,2015,12,207.0,205.0,412.0,1.0097560975609756
제주특별자치도,2016,01,270.0,252.0,522.0,1.0714285714285714
제주특별자치도,2016,02,228.0,244.0,472.0,0.9344262295081968
제주특별자치도,2016,03,278.0,239.0,517.0,1.1631799163179917
제주특별자치도,2016,04,248.0,223.0,471.0,1.1121076233183858
제주특별자치도,2016,05,262.0,228.0,490.0,1.1491228070175439
제주특별자치도,2016,06,204.0,206.0,410.0,0.9902912621359223
제주특별자치도,2016,07,237.0,211.0,448.0,1.1232227488151658
제주특별자치도,2016,08,247.0,244.0,491.0,1.0122950819672132
제주특별자치도,2016,09,234.0,216.0,450.0,1.0833333333333333
제주특별자치도,2016,10,238.0,201.0,439.0,1.1840796019900497
제주특별자치도,2016,11,198.0,200.0,398.0,0.99
제주특별자치도,2016,12,210.0,176.0,386.0,1.1931818181818181
제주특별자치도,2017,01,240.0,240.0,480.0,1.0
제주특별자치도,2017,02,213.0,183.0,396.0,1.1639344262295082
제주특별자치도,2017,03,239.0,217.0,456.0,1.1013824884792627
제주특별자치도,2017,04,210.0,210.0,420.0,1.0
제주특별자치도,2017,05,222.0,203.0,425.0,1.0935960591133005
제주특별자치도,2017,06,209.0,195.0,404.0,1.0717948717948718
제주특별자치도,2017,07,212.0,181.0,393.0,1.171270718232044
제주특별자치도,2017,08,209.0,197.0,406.0,1.0609137055837563
제주특별자치도,2017,09,246.0,220.0,466.0,1.1181818181818182
제주특별자치도,2017,10,223.0,189.0,412.0,1.17989417989418
제주특별자치도,2017,11,212.0,206.0,418.0,1.029126213592233
제주특별자치도,2017,12,176.0,185.0,361.0,0.9513513513513514
제주특별자치도,2018,01,232.0,238.0,470.0,0.9747899159663865
제주특별자치도,2018,02,201.0,175.0,376.0,1.1485714285714286
제주특별자치도,2018,03,231.0,218.0,449.0,1.0596330275229358
제주특별자치도,2018,04,201.0,180.0,381.0,1.1166666666666667
제주특별자치도,2018,05,205.0,189.0,394.0,1.0846560846560847
제주특별자치도,2018,06,202.0,194.0,396.0,1.041237113402062
제주특별자치도,2018,07,222.0,180.0,402.0,1.2333333333333334
제주특별자치도,2018,08,192.0,204.0,396.0,0.9411764705882353
제주특별자치도,2018,09,209.0,177.0,386.0,1.1807909604519775
제주특별자치도,2018,10,193.0,204.0,397.0,0.946078431372549
제주특별자치도,2018,11,184.0,220.0,404.0,0.8363636363636363
제주특별자치도,2018,12,171.0,159.0,330.0,1.0754716981132075
제주특별자치도,2019,01,239.0,216.0,455.0,1.1064814814814814
제주특별자치도,2019,02,192.0,187.0,379.0,1.0267379679144386
제주특별자치도,2019,03,212.0,197.0,409.0,1.0761421319796953
제주특별자치도,2019,04,227.0,181.0,408.0,1.2541436464088398
제주특별자치도,2019,05,182.0,167.0,349.0,1.089820359281437
제주특별자치도,2019,06,175.0,147.0,322.0,1.1904761904761905
제주특별자치도,2019,07,176.0,196.0,372.0,0.8979591836734694
제주특별자치도,2019,08,166.0,191.0,357.0,0.8691099476439791
제주특별자치도,2019,09,182.0,179.0,361.0,1.0167597765363128
제주특별자치도,2019,10,178.0,200.0,378.0,0.89
제주특별자치도,2019,11,164.0,185.0,349.0,0.8864864864864865
제주특별자치도,2019,12,179.0,182.0,361.0,0.9835164835164835
제주특별자치도,2020,01,232.0,200.0,432.0,1.16
제주특별자치도,2020,02,196.0,156.0,352.0,1.2564102564102564
제주특별자치도,2020,03,171.0,169.0,340.0,1.0118343195266273
제주특별자치도,2020,04,188.0,151.0,339.0,1.2450331125827814
제주특별자치도,2020,05,167.0,144.0,311.0,1.1597222222222223
제주특별자치도,2020,06,176.0,145.0,321.0,1.2137931034482758
제주특별자치도,2020,07,153.0,182.0,335.0,0.8406593406593407
제주특별자치도,2020,08,176.0,156.0,332.0,1.1282051282051282
제주특별자치도,2020,09,173.0,166.0,339.0,1.0421686746987953
제주특별자치도,2020,10,159.0,148.0,307.0,1.0743243243243243
제주특별자치도,2020,11,134.0,142.0,276.0,0.9436619718309859
제주특별자치도,2020,12,165.0,140.0,305.0,1.1785714285714286
제주특별자치도,2021,01,195.0,162.0,357.0,1.2037037037037037
제주특별자치도,2021,02,164.0,143.0,307.0,1.1468531468531469
제주특별자치도,2021,03,189.0,208.0,397.0,0.9086538461538461
제주특별자치도,2021,04,165.0,161.0,326.0,1.0248447204968945
제주특별자치도,2021,05,168.0,151.0,319.0,1.1125827814569536
제주특별자치도,2021,06,162.0,157.0,319.0,1.0318471337579618
제주특별자치도,2021,07,161.0,131.0,292.0,1.2290076335877862
제주특별자치도,2021,08,131.0,141.0,272.0,0.9290780141843972
제주특별자치도,2021,09,164.0,176.0,340.0,0.9318181818181818
제주특별자치도,2021,10,185.0,145.0,330.0,1.2758620689655173
제주특별자치도,2021,11,126.0,128.0,254.0,0.984375
제주특별자치도,2021,12,106.0,109.0,215.0,0.9724770642201835
제주특별자치도,2022,01,185.0,179.0,364.0,1.0335195530726258
제주특별자치도,2022,02,170.0,135.0,305.0,1.2592592592592593
제주특별자치도,2022,03,175.0,148.0,323.0,1.1824324324324325
제주특별자치도,2022,04,161.0,167.0,328.0,0.9640718562874252
제주특별자치도,2022,05,167.0,119.0,286.0,1.403361344537815
제주특별자치도,2022,06,118.0,129.0,247.0,0.9147286821705426
제주특별자치도,2022,07,143.0,143.0,286.0,1.0
제주특별자치도,2022,08,192.0,166.0,358.0,1.1566265060240963
제주특별자치도,2022,09,161.0,153.0,314.0,1.0522875816993464
제주특별자치도,2022,10,142.0,136.0,278.0,1.0441176470588236
제주특별자치도,2022,11,136.0,141.0,277.0,0.9645390070921985
제주특별자치도,2022,12,112.0,121.0,233.0,0.9256198347107438
제주특별자치도,2023,01,193.0,151.0,344.0,1.2781456953642385
제주특별자치도,2023,02,127.0,146.0,273.0,0.8698630136986302
제주특별자치도,2023,03,144.0,141.0,285.0,1.0212765957446808
제주특별자치도,2023,04,125.0,141.0,266.0,0.8865248226950354
제주특별자치도,2023,05,123.0,132.0,255.0,0.9318181818181818
제주특별자치도,2023,06,133.0,121.0,254.0,1.0991735537190082
제주특별자치도,2023,07,145.0,140.0,285.0,1.0357142857142858
제주특별자치도,2023,08,128.0,144.0,272.0,0.8888888888888888
제주특별자치도,2023,09,129.0,123.0,252.0,1.048780487804878
제주특별자치도,2023,10,152.0,126.0,278.0,1.2063492063492063
제주특별자치도,2023,11,113.0,122.0,235.0,0.9262295081967213
제주특별자치도,2023,12,101.0,122.0,223.0,0.8278688524590164
제주특별자치도,2024,01,142.0,150.0,292.0,0.9466666666666667
제주특별자치도,2024,02,123.0,150.0,273.0,0.82
제주특별자치도,2024,03,125.0,128.0,253.0,0.9765625
제주특별자치도,2024,04,140.0,127.0,267.0,1.1023622047244095
제주특별자치도,2024,05,140.0,143.0,283.0,0.9790209790209791
제주특별자치도,2024,06,146.0,125.0,271.0,1.168
제주특별자치도,2024,07,140.0,127.0,267.0,1.1023622047244095
제주특별자치도,2024,08,122.0,118.0,240.0,1.0338983050847457
제주특별자치도,2024,09,128.0,115.0,243.0,1.1130434782608696
제주특별자치도,2024,10,139.0,146.0,285.0,0.952054794520548
제주특별자치도,2024,11,129.0,121.0,250.0,1.0661157024793388
제주특별자치도,2024,12,116.0,116.0,232.0,1.0
충청남도,1997,01,1157.0,1102.0,2259.0,1.0499092558983667
충청남도,1997,02,1023.0,1059.0,2082.0,0.9660056657223796
충청남도,1997,03,1124.0,1081.0,2205.0,1.0397779833487513
충청남도,1997,04,1099.0,964.0,2063.0,1.1400414937759336
충청남도,1997,05,996.0,970.0,1966.0,1.02680412371134
충청남도,1997,06,973.0,917.0,1890.0,1.0610687022900764
충청남도,1997,07,1059.0,952.0,2011.0,1.1123949579831933
충청남도,1997,08,1018.0,910.0,1928.0,1.1186813186813187
충청남도,1997,09,1084.0,943.0,2027.0,1.149522799575822
충청남도,1997,10,1082.0,1027.0,2109.0,1.053554040895813
충청남도,1997,11,1037.0,944.0,1981.0,1.0985169491525424
충청남도,1997,12,1062.0,968.0,2030.0,1.0971074380165289
충청남도,1998,01,1218.0,1135.0,2353.0,1.0731277533039647
충청남도,1998,02,1163.0,965.0,2128.0,1.205181347150259
충청남도,1998,03,1167.0,1083.0,2250.0,1.077562326869806
충청남도,1998,04,1041.0,973.0,2014.0,1.0698869475847894
충청남도,1998,05,1036.0,906.0,1942.0,1.1434878587196469
충청남도,1998,06,1018.0,902.0,1920.0,1.1286031042128604
충청남도,1998,07,1001.0,917.0,1918.0,1.0916030534351144
충청남도,1998,08,984.0,887.0,1871.0,1.109357384441939
충청남도,1998,09,1057.0,996.0,2053.0,1.0612449799196788
충청남도,1998,10,1064.0,936.0,2000.0,1.1367521367521367
충청남도,1998,11,1005.0,949.0,1954.0,1.0590094836670179
충청남도,1998,12,1088.0,981.0,2069.0,1.109072375127421
충청남도,1999,01,1166.0,1148.0,2314.0,1.0156794425087108
충청남도,1999,02,1090.0,986.0,2076.0,1.105476673427992
충청남도,1999,03,1129.0,1023.0,2152.0,1.1036168132942326
충청남도,1999,04,1084.0,983.0,2067.0,1.1027466937945065
충청남도,1999,05,1000.0,948.0,1948.0,1.0548523206751055
충청남도,1999,06,973.0,828.0,1801.0,1.1751207729468598
충청남도,1999,07,975.0,872.0,1847.0,1.1181192660550459
충청남도,1999,08,1055.0,879.0,1934.0,1.2002275312855517
충청남도,1999,09,1044.0,978.0,2022.0,1.0674846625766872
충청남도,1999,10,1066.0,936.0,2002.0,1.1388888888888888
충청남도,1999,11,1019.0,929.0,1948.0,1.0968783638320776
충청남도,1999,12,1013.0,921.0,1934.0,1.0998914223669924
충청남도,2000,01,1256.0,1142.0,2398.0,1.0998248686514887
충청남도,2000,02,1189.0,1084.0,2273.0,1.0968634686346863
충청남도,2000,03,1191.0,1078.0,2269.0,1.1048237476808906
충청남도,2000,04,1100.0,976.0,2076.0,1.1270491803278688
충청남도,2000,05,1035.0,953.0,1988.0,1.0860440713536201
충청남도,2000,06,963.0,850.0,1813.0,1.1329411764705883
충청남도,2000,07,978.0,887.0,1865.0,1.1025930101465615
충청남도,2000,08,972.0,964.0,1936.0,1.008298755186722
충청남도,2000,09,1100.0,1013.0,2113.0,1.0858835143139192
충청남도,2000,10,1043.0,965.0,2008.0,1.0808290155440414
충청남도,2000,11,1029.0,920.0,1949.0,1.1184782608695651
충청남도,2000,12,1092.0,953.0,2045.0,1.1458551941238195
충청남도,2001,01,1204.0,1041.0,2245.0,1.1565802113352546
충청남도,2001,02,1032.0,971.0,2003.0,1.062821833161689
충청남도,2001,03,1071.0,1052.0,2123.0,1.018060836501901
충청남도,2001,04,978.0,883.0,1861.0,1.1075877689694225
충청남도,2001,05,951.0,882.0,1833.0,1.0782312925170068
충청남도,2001,06,892.0,795.0,1687.0,1.1220125786163522
충청남도,2001,07,859.0,789.0,1648.0,1.0887198986058302
충청남도,2001,08,918.0,833.0,1751.0,1.1020408163265305
충청남도,2001,09,923.0,906.0,1829.0,1.0187637969094923
충청남도,2001,10,862.0,807.0,1669.0,1.0681536555142503
충청남도,2001,11,868.0,833.0,1701.0,1.0420168067226891
충청남도,2001,12,800.0,812.0,1612.0,0.9852216748768473
충청남도,2002,01,959.0,898.0,1857.0,1.0679287305122493
충청남도,2002,02,856.0,803.0,1659.0,1.066002490660025
충청남도,2002,03,976.0,857.0,1833.0,1.1388564760793465
충청남도,2002,04,915.0,864.0,1779.0,1.0590277777777777
충청남도,2002,05,869.0,766.0,1635.0,1.1344647519582245
충청남도,2002,06,728.0,648.0,1376.0,1.123456790123457
충청남도,2002,07,830.0,718.0,1548.0,1.1559888579387188
충청남도,2002,08,827.0,680.0,1507.0,1.2161764705882352
충청남도,2002,09,776.0,731.0,1507.0,1.06155950752394
충청남도,2002,10,762.0,710.0,1472.0,1.0732394366197182
충청남도,2002,11,774.0,677.0,1451.0,1.1432791728212703
충청남도,2002,12,766.0,669.0,1435.0,1.1449925261584455
충청남도,2003,01,907.0,866.0,1773.0,1.0473441108545034
충청남도,2003,02,871.0,755.0,1626.0,1.1536423841059602
충청남도,2003,03,920.0,821.0,1741.0,1.1205846528623629
충청남도,2003,04,823.0,781.0,1604.0,1.0537772087067863
충청남도,2003,05,788.0,732.0,1520.0,1.0765027322404372
충청남도,2003,06,761.0,680.0,1441.0,1.1191176470588236
충청남도,2003,07,766.0,685.0,1451.0,1.1182481751824818
충청남도,2003,08,747.0,704.0,1451.0,1.0610795454545454
충청남도,2003,09,774.0,742.0,1516.0,1.0431266846361187
충청남도,2003,10,788.0,758.0,1546.0,1.0395778364116095
충청남도,2003,11,784.0,690.0,1474.0,1.136231884057971
충청남도,2003,12,755.0,729.0,1484.0,1.0356652949245542
충청남도,2004,01,891.0,840.0,1731.0,1.0607142857142857
충청남도,2004,02,785.0,749.0,1534.0,1.048064085447263
충청남도,2004,03,886.0,847.0,1733.0,1.0460448642266824
충청남도,2004,04,774.0,755.0,1529.0,1.0251655629139074
충청남도,2004,05,797.0,773.0,1570.0,1.0310478654592496
충청남도,2004,06,763.0,653.0,1416.0,1.1684532924961715
충청남도,2004,07,773.0,686.0,1459.0,1.1268221574344024
충청남도,2004,08,821.0,747.0,1568.0,1.0990629183400267
충청남도,2004,09,849.0,744.0,1593.0,1.1411290322580645
충청남도,2004,10,853.0,771.0,1624.0,1.1063553826199741
충청남도,2004,11,761.0,704.0,1465.0,1.0809659090909092
충청남도,2004,12,729.0,689.0,1418.0,1.058055152394775
충청남도,2005,01,838.0,801.0,1639.0,1.0461922596754056
충청남도,2005,02,741.0,664.0,1405.0,1.1159638554216869
충청남도,2005,03,807.0,843.0,1650.0,0.9572953736654805
충청남도,2005,04,721.0,727.0,1448.0,0.9917469050894085
충청남도,2005,05,779.0,640.0,1419.0,1.2171875
충청남도,2005,06,708.0,646.0,1354.0,1.0959752321981424
충청남도,2005,07,730.0,625.0,1355.0,1.168
충청남도,2005,08,786.0,730.0,1516.0,1.0767123287671232
충청남도,2005,09,734.0,695.0,1429.0,1.056115107913669
충청남도,2005,10,791.0,728.0,1519.0,1.0865384615384615
충청남도,2005,11,736.0,676.0,1412.0,1.0887573964497042
충청남도,2005,12,649.0,726.0,1375.0,0.8939393939393939
충청남도,2006,01,887.0,832.0,1719.0,1.0661057692307692
충청남도,2006,02,774.0,714.0,1488.0,1.084033613445378
충청남도,2006,03,828.0,831.0,1659.0,0.9963898916967509
충청남도,2006,04,827.0,778.0,1605.0,1.062982005141388
충청남도,2006,05,815.0,736.0,1551.0,1.107336956521739
충청남도,2006,06,765.0,690.0,1455.0,1.108695652173913
충청남도,2006,07,757.0,687.0,1444.0,1.1018922852983988
충청남도,2006,08,815.0,702.0,1517.0,1.160968660968661
충청남도,2006,09,841.0,764.0,1605.0,1.100785340314136
충청남도,2006,10,776.0,798.0,1574.0,0.9724310776942355
충청남도,2006,11,787.0,747.0,1534.0,1.0535475234270415
충청남도,2006,12,773.0,701.0,1474.0,1.102710413694722
충청남도,2007,01,932.0,851.0,1783.0,1.0951821386603995
충청남도,2007,02,832.0,807.0,1639.0,1.0309789343246591
충청남도,2007,03,925.0,861.0,1786.0,1.0743321718931476
충청남도,2007,04,783.0,803.0,1586.0,0.975093399750934
충청남도,2007,05,872.0,772.0,1644.0,1.1295336787564767
충청남도,2007,06,797.0,750.0,1547.0,1.0626666666666666
충청남도,2007,07,881.0,821.0,1702.0,1.0730816077953715
충청남도,2007,08,970.0,914.0,1884.0,1.061269146608315
충청남도,2007,09,971.0,911.0,1882.0,1.0658616904500549
충청남도,2007,10,943.0,915.0,1858.0,1.0306010928961749
충청남도,2007,11,898.0,829.0,1727.0,1.083232810615199
충청남도,2007,12,855.0,737.0,1592.0,1.1601085481682496
충청남도,2008,01,973.0,968.0,1941.0,1.0051652892561984
충청남도,2008,02,870.0,837.0,1707.0,1.039426523297491
충청남도,2008,03,853.0,817.0,1670.0,1.04406364749082
충청남도,2008,04,836.0,795.0,1631.0,1.0515723270440251
충청남도,2008,05,852.0,830.0,1682.0,1.0265060240963855
충청남도,2008,06,785.0,707.0,1492.0,1.1103253182461104
충청남도,2008,07,790.0,752.0,1542.0,1.050531914893617
충청남도,2008,08,836.0,776.0,1612.0,1.077319587628866
충청남도,2008,09,865.0,851.0,1716.0,1.0164512338425382
충청남도,2008,10,868.0,814.0,1682.0,1.0663390663390664
충청남도,2008,11,835.0,726.0,1561.0,1.1501377410468319
충청남도,2008,12,775.0,738.0,1513.0,1.0501355013550135
충청남도,2009,01,960.0,917.0,1877.0,1.0468920392584515
충청남도,2009,02,814.0,738.0,1552.0,1.102981029810298
충청남도,2009,03,886.0,790.0,1676.0,1.1215189873417721
충청남도,2009,04,843.0,770.0,1613.0,1.094805194805195
충청남도,2009,05,822.0,794.0,1616.0,1.035264483627204
충청남도,2009,06,750.0,716.0,1466.0,1.047486033519553
충청남도,2009,07,770.0,757.0,1527.0,1.0171730515191546
충청남도,2009,08,796.0,800.0,1596.0,0.995
충청남도,2009,09,873.0,823.0,1696.0,1.0607533414337789
충청남도,2009,10,846.0,759.0,1605.0,1.1146245059288538
충청남도,2009,11,759.0,757.0,1516.0,1.0026420079260239
충청남도,2009,12,764.0,753.0,1517.0,1.0146082337317397
충청남도,2010,01,938.0,872.0,1810.0,1.0756880733944953
충청남도,2010,02,806.0,734.0,1540.0,1.098092643051771
충청남도,2010,03,888.0,867.0,1755.0,1.0242214532871972
충청남도,2010,04,882.0,838.0,1720.0,1.0525059665871122
충청남도,2010,05,836.0,786.0,1622.0,1.063613231552163
충청남도,2010,06,814.0,795.0,1609.0,1.0238993710691824
충청남도,2010,07,836.0,769.0,1605.0,1.0871261378413524
충청남도,2010,08,828.0,767.0,1595.0,1.0795306388526726
충청남도,2010,09,1003.0,871.0,1874.0,1.1515499425947187
충청남도,2010,10,922.0,894.0,1816.0,1.0313199105145414
충청남도,2010,11,863.0,882.0,1745.0,0.9784580498866213
충청남도,2010,12,823.0,728.0,1551.0,1.1304945054945055
충청남도,2011,01,1043.0,988.0,2031.0,1.055668016194332
충청남도,2011,02,909.0,796.0,1705.0,1.1419597989949748
충청남도,2011,03,990.0,916.0,1906.0,1.0807860262008733
충청남도,2011,04,898.0,829.0,1727.0,1.083232810615199
충청남도,2011,05,902.0,832.0,1734.0,1.0841346153846154
충청남도,2011,06,792.0,766.0,1558.0,1.0339425587467364
충청남도,2011,07,885.0,784.0,1669.0,1.128826530612245
충청남도,2011,08,917.0,833.0,1750.0,1.1008403361344539
충청남도,2011,09,844.0,820.0,1664.0,1.0292682926829269
충청남도,2011,10,838.0,778.0,1616.0,1.077120822622108
충청남도,2011,11,812.0,752.0,1564.0,1.0797872340425532
충청남도,2011,12,737.0,737.0,1474.0,1.0
충청남도,2012,01,1013.0,945.0,1958.0,1.071957671957672
충청남도,2012,02,894.0,880.0,1774.0,1.0159090909090909
충청남도,2012,03,973.0,953.0,1926.0,1.0209863588667367
충청남도,2012,04,830.0,765.0,1595.0,1.0849673202614378
충청남도,2012,05,849.0,807.0,1656.0,1.0520446096654275
충청남도,2012,06,863.0,743.0,1606.0,1.161507402422611
충청남도,2012,07,889.0,853.0,1742.0,1.0422039859320047
충청남도,2012,08,859.0,818.0,1677.0,1.050122249388753
충청남도,2012,09,858.0,887.0,1745.0,0.9673055242390078
충청남도,2012,10,850.0,849.0,1699.0,1.0011778563015312
충청남도,2012,11,811.0,822.0,1633.0,0.98661800486618
충청남도,2012,12,720.0,717.0,1437.0,1.00418410041841
충청남도,2013,01,1042.0,907.0,1949.0,1.1488423373759646
충청남도,2013,02,801.0,800.0,1601.0,1.00125
충청남도,2013,03,835.0,797.0,1632.0,1.0476787954830615
충청남도,2013,04,795.0,760.0,1555.0,1.0460526315789473
충청남도,2013,05,765.0,735.0,1500.0,1.0408163265306123
충청남도,2013,06,686.0,708.0,1394.0,0.9689265536723164
충청남도,2013,07,819.0,770.0,1589.0,1.0636363636363637
충청남도,2013,08,820.0,753.0,1573.0,1.0889774236387781
충청남도,2013,09,790.0,758.0,1548.0,1.04221635883905
충청남도,2013,10,805.0,724.0,1529.0,1.111878453038674
충청남도,2013,11,704.0,675.0,1379.0,1.0429629629629629
충청남도,2013,12,717.0,662.0,1379.0,1.0830815709969788
충청남도,2014,01,898.0,836.0,1734.0,1.0741626794258374
충청남도,2014,02,874.0,757.0,1631.0,1.154557463672391
충청남도,2014,03,851.0,702.0,1553.0,1.2122507122507122
충청남도,2014,04,781.0,741.0,1522.0,1.0539811066126856
충청남도,2014,05,726.0,761.0,1487.0,0.9540078843626807
충청남도,2014,06,772.0,681.0,1453.0,1.133627019089574
충청남도,2014,07,804.0,798.0,1602.0,1.0075187969924813
충청남도,2014,08,778.0,772.0,1550.0,1.0077720207253886
충청남도,2014,09,769.0,749.0,1518.0,1.026702269692924
충청남도,2014,10,711.0,717.0,1428.0,0.9916317991631799
충청남도,2014,11,630.0,670.0,1300.0,0.9402985074626866
충청남도,2014,12,711.0,711.0,1422.0,1.0
충청남도,2015,01,882.0,815.0,1697.0,1.0822085889570552
충청남도,2015,02,780.0,769.0,1549.0,1.0143042912873863
충청남도,2015,03,925.0,825.0,1750.0,1.121212121212121
충청남도,2015,04,828.0,773.0,1601.0,1.071151358344114
충청남도,2015,05,837.0,806.0,1643.0,1.0384615384615385
충청남도,2015,06,796.0,730.0,1526.0,1.0904109589041096
충청남도,2015,07,771.0,746.0,1517.0,1.0335120643431635
충청남도,2015,08,795.0,710.0,1505.0,1.119718309859155
충청남도,2015,09,769.0,743.0,1512.0,1.034993270524899
충청남도,2015,10,793.0,769.0,1562.0,1.0312093628088426
충청남도,2015,11,746.0,694.0,1440.0,1.07492795389049
충청남도,2015,12,676.0,626.0,1302.0,1.0798722044728435
충청남도,2016,01,859.0,841.0,1700.0,1.0214030915576695
충청남도,2016,02,746.0,767.0,1513.0,0.9726205997392438
충청남도,2016,03,849.0,803.0,1652.0,1.0572851805728518
충청남도,2016,04,755.0,718.0,1473.0,1.051532033426184
충청남도,2016,05,743.0,664.0,1407.0,1.1189759036144578
충청남도,2016,06,703.0,726.0,1429.0,0.9683195592286501
충청남도,2016,07,738.0,727.0,1465.0,1.015130674002751
충청남도,2016,08,681.0,705.0,1386.0,0.9659574468085106
충청남도,2016,09,751.0,715.0,1466.0,1.0503496503496503
충청남도,2016,10,669.0,651.0,1320.0,1.0276497695852536
충청남도,2016,11,663.0,651.0,1314.0,1.0184331797235022
충청남도,2016,12,619.0,558.0,1177.0,1.1093189964157706
충청남도,2017,01,773.0,771.0,1544.0,1.0025940337224384
충청남도,2017,02,668.0,655.0,1323.0,1.0198473282442748
충청남도,2017,03,763.0,704.0,1467.0,1.0838068181818181
충청남도,2017,04,671.0,666.0,1337.0,1.0075075075075075
충청남도,2017,05,685.0,633.0,1318.0,1.0821484992101107
충청남도,2017,06,663.0,572.0,1235.0,1.1590909090909092
충청남도,2017,07,658.0,631.0,1289.0,1.0427892234548335
충청남도,2017,08,676.0,679.0,1355.0,0.9955817378497791
충청남도,2017,09,672.0,671.0,1343.0,1.0014903129657229
충청남도,2017,10,632.0,529.0,1161.0,1.1947069943289226
충청남도,2017,11,599.0,588.0,1187.0,1.0187074829931972
충청남도,2017,12,573.0,538.0,1111.0,1.0650557620817844
충청남도,2018,01,715.0,709.0,1424.0,1.008462623413258
충청남도,2018,02,628.0,608.0,1236.0,1.0328947368421053
충청남도,2018,03,732.0,646.0,1378.0,1.13312693498452
충청남도,2018,04,599.0,598.0,1197.0,1.0016722408026757
충청남도,2018,05,606.0,616.0,1222.0,0.9837662337662337
충청남도,2018,06,585.0,554.0,1139.0,1.055956678700361
충청남도,2018,07,602.0,593.0,1195.0,1.015177065767285
충청남도,2018,08,586.0,622.0,1208.0,0.9421221864951769
충청남도,2018,09,623.0,567.0,1190.0,1.0987654320987654
충청남도,2018,10,568.0,543.0,1111.0,1.0460405156537753
충청남도,2018,11,548.0,563.0,1111.0,0.9733570159857904
충청남도,2018,12,488.0,481.0,969.0,1.0145530145530146
충청남도,2019,01,681.0,646.0,1327.0,1.0541795665634675
충청남도,2019,02,601.0,569.0,1170.0,1.0562390158172232
충청남도,2019,03,590.0,601.0,1191.0,0.9816971713810316
충청남도,2019,04,592.0,587.0,1179.0,1.008517887563884
충청남도,2019,05,548.0,553.0,1101.0,0.9909584086799277
충청남도,2019,06,568.0,513.0,1081.0,1.1072124756335282
충청남도,2019,07,583.0,547.0,1130.0,1.0658135283363803
충청남도,2019,08,540.0,538.0,1078.0,1.003717472118959
충청남도,2019,09,530.0,448.0,978.0,1.1830357142857142
충청남도,2019,10,540.0,523.0,1063.0,1.0325047801147227
충청남도,2019,11,528.0,491.0,1019.0,1.075356415478615
충청남도,2019,12,472.0,439.0,911.0,1.0751708428246014
충청남도,2020,01,609.0,595.0,1204.0,1.0235294117647058
충청남도,2020,02,510.0,477.0,987.0,1.069182389937107
충청남도,2020,03,571.0,535.0,1106.0,1.0672897196261681
충청남도,2020,04,550.0,514.0,1064.0,1.0700389105058365
충청남도,2020,05,497.0,468.0,965.0,1.061965811965812
충청남도,2020,06,492.0,485.0,977.0,1.0144329896907216
충청남도,2020,07,549.0,492.0,1041.0,1.1158536585365855
충청남도,2020,08,494.0,502.0,996.0,0.9840637450199203
충청남도,2020,09,537.0,467.0,1004.0,1.1498929336188437
충청남도,2020,10,481.0,429.0,910.0,1.121212121212121
충청남도,2020,11,474.0,439.0,913.0,1.0797266514806378
충청남도,2020,12,409.0,374.0,783.0,1.0935828877005347
충청남도,2021,01,532.0,500.0,1032.0,1.064
충청남도,2021,02,486.0,412.0,898.0,1.1796116504854368
충청남도,2021,03,574.0,492.0,1066.0,1.1666666666666667
충청남도,2021,04,480.0,472.0,952.0,1.0169491525423728
충청남도,2021,05,470.0,431.0,901.0,1.0904872389791183
충청남도,2021,06,470.0,427.0,897.0,1.100702576112412
충청남도,2021,07,508.0,466.0,974.0,1.090128755364807
충청남도,2021,08,457.0,486.0,943.0,0.9403292181069959
충청남도,2021,09,491.0,458.0,949.0,1.0720524017467248
충청남도,2021,10,428.0,387.0,815.0,1.1059431524547803
충청남도,2021,11,429.0,411.0,840.0,1.0437956204379562
충청남도,2021,12,363.0,354.0,717.0,1.0254237288135593
충청남도,2022,01,466.0,517.0,983.0,0.9013539651837524
충청남도,2022,02,440.0,393.0,833.0,1.1195928753180662
충청남도,2022,03,481.0,502.0,983.0,0.9581673306772909
충청남도,2022,04,476.0,398.0,874.0,1.1959798994974875
충청남도,2022,05,394.0,400.0,794.0,0.985
충청남도,2022,06,405.0,349.0,754.0,1.160458452722063
충청남도,2022,07,455.0,405.0,860.0,1.123456790123457
충청남도,2022,08,460.0,468.0,928.0,0.9829059829059829
충청남도,2022,09,462.0,427.0,889.0,1.0819672131147542
충청남도,2022,10,418.0,430.0,848.0,0.9720930232558139
충청남도,2022,11,378.0,377.0,755.0,1.0026525198938991
충청남도,2022,12,375.0,345.0,720.0,1.0869565217391304
충청남도,2023,01,451.0,477.0,928.0,0.9454926624737946
충청남도,2023,02,419.0,389.0,808.0,1.077120822622108
충청남도,2023,03,426.0,399.0,825.0,1.0676691729323309
충청남도,2023,04,381.0,381.0,762.0,1.0
충청남도,2023,05,395.0,390.0,785.0,1.0128205128205128
충청남도,2023,06,369.0,372.0,741.0,0.9919354838709677
충청남도,2023,07,405.0,370.0,775.0,1.0945945945945945
충청남도,2023,08,428.0,350.0,778.0,1.2228571428571429
충청남도,2023,09,426.0,383.0,809.0,1.112271540469974
충청남도,2023,10,381.0,385.0,766.0,0.9896103896103896
충청남도,2023,11,359.0,397.0,756.0,0.9042821158690176
충청남도,2023,12,361.0,342.0,703.0,1.0555555555555556
충청남도,2024,01,466.0,426.0,892.0,1.0938967136150235
충청남도,2024,02,402.0,392.0,794.0,1.0255102040816326
충청남도,2024,03,416.0,375.0,791.0,1.1093333333333333
충청남도,2024,04,396.0,393.0,789.0,1.0076335877862594
충청남도,2024,05,435.0,409.0,844.0,1.0635696821515892
충청남도,2024,06,393.0,325.0,718.0,1.2092307692307693
충청남도,2024,07,439.0,426.0,865.0,1.0305164319248827
충청남도,2024,08,441.0,453.0,894.0,0.9735099337748344
충청남도,2024,09,437.0,380.0,817.0,1.15
충청남도,2024,10,443.0,413.0,856.0,1.0726392251815982
충청남도,2024,11,436.0,388.0,824.0,1.1237113402061856
충청남도,2024,12,402.0,369.0,771.0,1.089430894308943
충청북도,1997,01,1101.0,974.0,2075.0,1.1303901437371664
충청북도,1997,02,901.0,897.0,1798.0,1.004459308807135
충청북도,1997,03,1058.0,930.0,1988.0,1.1376344086021506
충청북도,1997,04,907.0,843.0,1750.0,1.0759193357058126
충청북도,1997,05,861.0,873.0,1734.0,0.9862542955326461
충청북도,1997,06,828.0,801.0,1629.0,1.0337078651685394
충청북도,1997,07,875.0,816.0,1691.0,1.0723039215686274
충청북도,1997,08,820.0,827.0,1647.0,0.9915356711003628
충청북도,1997,09,866.0,832.0,1698.0,1.0408653846153846
충청북도,1997,10,901.0,819.0,1720.0,1.1001221001221002
충청북도,1997,11,847.0,796.0,1643.0,1.064070351758794
충청북도,1997,12,875.0,855.0,1730.0,1.023391812865497
충청북도,1998,01,972.0,920.0,1892.0,1.0565217391304347
충청북도,1998,02,949.0,835.0,1784.0,1.1365269461077845
충청북도,1998,03,954.0,938.0,1892.0,1.0170575692963753
충청북도,1998,04,855.0,790.0,1645.0,1.0822784810126582
충청북도,1998,05,862.0,781.0,1643.0,1.1037131882202305
충청북도,1998,06,754.0,786.0,1540.0,0.9592875318066157
충청북도,1998,07,879.0,756.0,1635.0,1.1626984126984128
충청북도,1998,08,795.0,749.0,1544.0,1.061415220293725
충청북도,1998,09,862.0,788.0,1650.0,1.0939086294416243
충청북도,1998,10,883.0,809.0,1692.0,1.0914709517923362
충청북도,1998,11,860.0,747.0,1607.0,1.1512717536813923
충청북도,1998,12,848.0,779.0,1627.0,1.0885750962772787
충청북도,1999,01,997.0,899.0,1896.0,1.1090100111234704
충청북도,1999,02,915.0,830.0,1745.0,1.1024096385542168
충청북도,1999,03,904.0,887.0,1791.0,1.0191657271702368
충청북도,1999,04,830.0,767.0,1597.0,1.0821382007822686
충청북도,1999,05,794.0,732.0,1526.0,1.0846994535519126
충청북도,1999,06,799.0,693.0,1492.0,1.152958152958153
충청북도,1999,07,814.0,733.0,1547.0,1.1105047748976808
충청북도,1999,08,822.0,751.0,1573.0,1.0945406125166446
충청북도,1999,09,817.0,735.0,1552.0,1.1115646258503402
충청북도,1999,10,862.0,749.0,1611.0,1.15086782376502
충청북도,1999,11,747.0,766.0,1513.0,0.9751958224543081
충청북도,1999,12,831.0,760.0,1591.0,1.0934210526315788
충청북도,2000,01,1021.0,882.0,1903.0,1.157596371882086
충청북도,2000,02,911.0,811.0,1722.0,1.123304562268804
충청북도,2000,03,965.0,840.0,1805.0,1.1488095238095237
충청북도,2000,04,904.0,743.0,1647.0,1.2166890982503364
충청북도,2000,05,862.0,790.0,1652.0,1.0911392405063292
충청북도,2000,06,735.0,701.0,1436.0,1.0485021398002854
충청북도,2000,07,779.0,706.0,1485.0,1.1033994334277621
충청북도,2000,08,820.0,716.0,1536.0,1.1452513966480447
충청북도,2000,09,829.0,739.0,1568.0,1.121786197564276
충청북도,2000,10,895.0,779.0,1674.0,1.1489088575096278
충청북도,2000,11,813.0,779.0,1592.0,1.0436456996148908
충청북도,2000,12,852.0,756.0,1608.0,1.126984126984127
충청북도,2001,01,978.0,863.0,1841.0,1.1332560834298957
충청북도,2001,02,837.0,805.0,1642.0,1.039751552795031
충청북도,2001,03,904.0,811.0,1715.0,1.1146732429099877
충청북도,2001,04,809.0,749.0,1558.0,1.0801068090787718
충청북도,2001,05,799.0,709.0,1508.0,1.1269393511988717
충청북도,2001,06,669.0,619.0,1288.0,1.0807754442649435
충청북도,2001,07,652.0,529.0,1181.0,1.2325141776937618
충청북도,2001,08,616.0,588.0,1204.0,1.0476190476190477
충청북도,2001,09,765.0,698.0,1463.0,1.0959885386819483
충청북도,2001,10,686.0,632.0,1318.0,1.0854430379746836
충청북도,2001,11,693.0,655.0,1348.0,1.0580152671755725
충청북도,2001,12,650.0,606.0,1256.0,1.0726072607260726
충청북도,2002,01,833.0,713.0,1546.0,1.1683029453015428
충청북도,2002,02,693.0,648.0,1341.0,1.0694444444444444
충청북도,2002,03,711.0,723.0,1434.0,0.983402489626556
충청북도,2002,04,670.0,649.0,1319.0,1.0323574730354392
충청북도,2002,05,700.0,641.0,1341.0,1.0920436817472698
충청북도,2002,06,624.0,545.0,1169.0,1.144954128440367
충청북도,2002,07,667.0,569.0,1236.0,1.1722319859402461
충청북도,2002,08,638.0,602.0,1240.0,1.0598006644518272
충청북도,2002,09,628.0,594.0,1222.0,1.0572390572390573
충청북도,2002,10,645.0,553.0,1198.0,1.166365280289331
충청북도,2002,11,618.0,566.0,1184.0,1.0918727915194346
충청북도,2002,12,573.0,526.0,1099.0,1.0893536121673004
충청북도,2003,01,729.0,669.0,1398.0,1.0896860986547086
충청북도,2003,02,616.0,583.0,1199.0,1.0566037735849056
충청북도,2003,03,678.0,627.0,1305.0,1.0813397129186604
충청북도,2003,04,625.0,597.0,1222.0,1.0469011725293131
충청북도,2003,05,632.0,550.0,1182.0,1.1490909090909092
충청북도,2003,06,560.0,524.0,1084.0,1.0687022900763359
충청북도,2003,07,626.0,595.0,1221.0,1.0521008403361345
충청북도,2003,08,579.0,529.0,1108.0,1.0945179584120983
충청북도,2003,09,674.0,552.0,1226.0,1.2210144927536233
충청북도,2003,10,689.0,675.0,1364.0,1.0207407407407407
충청북도,2003,11,623.0,562.0,1185.0,1.1085409252669038
충청북도,2003,12,604.0,552.0,1156.0,1.0942028985507246
충청북도,2004,01,754.0,655.0,1409.0,1.151145038167939
충청북도,2004,02,650.0,613.0,1263.0,1.0603588907014683
충청북도,2004,03,711.0,632.0,1343.0,1.125
충청북도,2004,04,614.0,559.0,1173.0,1.0983899821109124
충청북도,2004,05,647.0,529.0,1176.0,1.223062381852552
충청북도,2004,06,528.0,513.0,1041.0,1.0292397660818713
충청북도,2004,07,629.0,583.0,1212.0,1.0789022298456261
충청북도,2004,08,641.0,545.0,1186.0,1.1761467889908257
충청북도,2004,09,617.0,588.0,1205.0,1.0493197278911566
충청북도,2004,10,597.0,587.0,1184.0,1.0170357751277683
충청북도,2004,11,559.0,518.0,1077.0,1.079150579150579
충청북도,2004,12,539.0,523.0,1062.0,1.0305927342256214
충청북도,2005,01,623.0,649.0,1272.0,0.9599383667180277
충청북도,2005,02,552.0,537.0,1089.0,1.0279329608938548
충청북도,2005,03,686.0,568.0,1254.0,1.2077464788732395
충청북도,2005,04,582.0,533.0,1115.0,1.0919324577861163
충청북도,2005,05,552.0,489.0,1041.0,1.1288343558282208
충청북도,2005,06,502.0,432.0,934.0,1.162037037037037
충청북도,2005,07,532.0,489.0,1021.0,1.0879345603271984
충청북도,2005,08,574.0,522.0,1096.0,1.0996168582375478
충청북도,2005,09,590.0,573.0,1163.0,1.0296684118673647
충청북도,2005,10,585.0,532.0,1117.0,1.099624060150376
충청북도,2005,11,533.0,531.0,1064.0,1.0037664783427496
충청북도,2005,12,519.0,479.0,998.0,1.0835073068893528
충청북도,2006,01,655.0,607.0,1262.0,1.0790774299835255
충청북도,2006,02,573.0,528.0,1101.0,1.0852272727272727
충청북도,2006,03,581.0,554.0,1135.0,1.0487364620938628
충청북도,2006,04,562.0,546.0,1108.0,1.0293040293040292
충청북도,2006,05,560.0,585.0,1145.0,0.9572649572649573
충청북도,2006,06,564.0,474.0,1038.0,1.1898734177215189
충청북도,2006,07,563.0,536.0,1099.0,1.0503731343283582
충청북도,2006,08,602.0,530.0,1132.0,1.1358490566037736
충청북도,2006,09,558.0,558.0,1116.0,1.0
충청북도,2006,10,558.0,544.0,1102.0,1.025735294117647
충청북도,2006,11,526.0,551.0,1077.0,0.9546279491833031
충청북도,2006,12,534.0,517.0,1051.0,1.0328820116054158
충청북도,2007,01,639.0,624.0,1263.0,1.0240384615384615
충청북도,2007,02,614.0,554.0,1168.0,1.108303249097473
충청북도,2007,03,629.0,657.0,1286.0,0.9573820395738204
충청북도,2007,04,632.0,591.0,1223.0,1.0693739424703892
충청북도,2007,05,638.0,595.0,1233.0,1.0722689075630252
충청북도,2007,06,609.0,550.0,1159.0,1.1072727272727272
충청북도,2007,07,608.0,566.0,1174.0,1.0742049469964665
충청북도,2007,08,665.0,640.0,1305.0,1.0390625
충청북도,2007,09,717.0,645.0,1362.0,1.1116279069767443
충청북도,2007,10,753.0,712.0,1465.0,1.0575842696629214
충청북도,2007,11,686.0,580.0,1266.0,1.1827586206896552
충청북도,2007,12,544.0,554.0,1098.0,0.9819494584837545
충청북도,2008,01,730.0,680.0,1410.0,1.0735294117647058
충청북도,2008,02,604.0,586.0,1190.0,1.030716723549488
충청북도,2008,03,653.0,622.0,1275.0,1.04983922829582
충청북도,2008,04,578.0,562.0,1140.0,1.0284697508896796
충청북도,2008,05,571.0,539.0,1110.0,1.059369202226345
충청북도,2008,06,571.0,514.0,1085.0,1.1108949416342413
충청북도,2008,07,605.0,557.0,1162.0,1.0861759425493716
충청북도,2008,08,591.0,552.0,1143.0,1.0706521739130435
충청북도,2008,09,629.0,566.0,1195.0,1.1113074204946995
충청북도,2008,10,604.0,563.0,1167.0,1.0728241563055063
충청북도,2008,11,613.0,510.0,1123.0,1.2019607843137254
충청북도,2008,12,568.0,496.0,1064.0,1.1451612903225807
충청북도,2009,01,729.0,662.0,1391.0,1.1012084592145015
충청북도,2009,02,587.0,515.0,1102.0,1.1398058252427183
충청북도,2009,03,649.0,593.0,1242.0,1.0944350758853287
충청북도,2009,04,632.0,550.0,1182.0,1.1490909090909092
충청북도,2009,05,577.0,533.0,1110.0,1.0825515947467168
충청북도,2009,06,541.0,513.0,1054.0,1.0545808966861598
충청북도,2009,07,614.0,541.0,1155.0,1.1349353049907578
충청북도,2009,08,565.0,537.0,1102.0,1.0521415270018621
충청북도,2009,09,646.0,609.0,1255.0,1.0607553366174056
충청북도,2009,10,570.0,536.0,1106.0,1.0634328358208955
충청북도,2009,11,556.0,594.0,1150.0,0.936026936026936
충청북도,2009,12,531.0,523.0,1054.0,1.0152963671128108
충청북도,2010,01,708.0,633.0,1341.0,1.1184834123222749
충청북도,2010,02,635.0,546.0,1181.0,1.163003663003663
충청북도,2010,03,678.0,580.0,1258.0,1.1689655172413793
충청북도,2010,04,590.0,579.0,1169.0,1.0189982728842832
충청북도,2010,05,575.0,541.0,1116.0,1.0628465804066543
충청북도,2010,06,549.0,590.0,1139.0,0.9305084745762712
충청북도,2010,07,636.0,570.0,1206.0,1.1157894736842104
충청북도,2010,08,619.0,560.0,1179.0,1.105357142857143
충청북도,2010,09,696.0,660.0,1356.0,1.0545454545454545
충청북도,2010,10,690.0,631.0,1321.0,1.0935023771790808
충청북도,2010,11,656.0,654.0,1310.0,1.003058103975535
충청북도,2010,12,545.0,549.0,1094.0,0.9927140255009107
충청북도,2011,01,740.0,733.0,1473.0,1.009549795361528
충청북도,2011,02,594.0,575.0,1169.0,1.0330434782608695
충청북도,2011,03,722.0,633.0,1355.0,1.1406003159557663
충청북도,2011,04,658.0,602.0,1260.0,1.0930232558139534
충청북도,2011,05,587.0,596.0,1183.0,0.9848993288590604
충청북도,2011,06,571.0,586.0,1157.0,0.9744027303754266
충청북도,2011,07,639.0,576.0,1215.0,1.109375
충청북도,2011,08,659.0,604.0,1263.0,1.0910596026490067
충청북도,2011,09,636.0,658.0,1294.0,0.9665653495440729
충청북도,2011,10,656.0,580.0,1236.0,1.1310344827586207
충청북도,2011,11,601.0,524.0,1125.0,1.1469465648854962
충청북도,2011,12,535.0,539.0,1074.0,0.9925788497217068
충청북도,2012,01,725.0,682.0,1407.0,1.063049853372434
충청북도,2012,02,604.0,643.0,1247.0,0.9393468118195957
충청북도,2012,03,714.0,672.0,1386.0,1.0625
충청북도,2012,04,643.0,619.0,1262.0,1.0387722132471728
충청북도,2012,05,616.0,615.0,1231.0,1.0016260162601627
충청북도,2012,06,596.0,578.0,1174.0,1.0311418685121108
충청북도,2012,07,678.0,635.0,1313.0,1.0677165354330709
충청북도,2012,08,697.0,616.0,1313.0,1.1314935064935066
충청북도,2012,09,669.0,616.0,1285.0,1.0860389610389611
충청북도,2012,10,710.0,642.0,1352.0,1.1059190031152648
충청북도,2012,11,564.0,588.0,1152.0,0.9591836734693877
충청북도,2012,12,536.0,481.0,1017.0,1.1143451143451144
충청북도,2013,01,702.0,635.0,1337.0,1.105511811023622
충청북도,2013,02,614.0,541.0,1155.0,1.1349353049907578
충청북도,2013,03,594.0,625.0,1219.0,0.9504
충청북도,2013,04,595.0,578.0,1173.0,1.0294117647058822
충청북도,2013,05,549.0,515.0,1064.0,1.0660194174757283
충청북도,2013,06,546.0,523.0,1069.0,1.0439770554493308
충청북도,2013,07,612.0,602.0,1214.0,1.0166112956810631
충청북도,2013,08,533.0,601.0,1134.0,0.8868552412645591
충청북도,2013,09,563.0,585.0,1148.0,0.9623931623931624
충청북도,2013,10,578.0,503.0,1081.0,1.1491053677932406
충청북도,2013,11,582.0,520.0,1102.0,1.1192307692307693
충청북도,2013,12,482.0,480.0,962.0,1.0041666666666667
충청북도,2014,01,628.0,680.0,1308.0,0.9235294117647059
충청북도,2014,02,593.0,547.0,1140.0,1.0840950639853748
충청북도,2014,03,583.0,621.0,1204.0,0.9388083735909822
충청북도,2014,04,599.0,527.0,1126.0,1.1366223908918407
충청북도,2014,05,538.0,529.0,1067.0,1.0170132325141776
충청북도,2014,06,575.0,515.0,1090.0,1.116504854368932
충청북도,2014,07,535.0,595.0,1130.0,0.8991596638655462
충청북도,2014,08,592.0,547.0,1139.0,1.0822669104204754
충청북도,2014,09,576.0,596.0,1172.0,0.9664429530201343
충청북도,2014,10,569.0,511.0,1080.0,1.1135029354207437
충청북도,2014,11,493.0,486.0,979.0,1.01440329218107
충청북도,2014,12,486.0,445.0,931.0,1.0921348314606742
충청북도,2015,01,628.0,659.0,1287.0,0.952959028831563
충청북도,2015,02,533.0,579.0,1112.0,0.9205526770293609
충청북도,2015,03,642.0,621.0,1263.0,1.0338164251207729
충청북도,2015,04,575.0,539.0,1114.0,1.0667903525046383
충청북도,2015,05,557.0,562.0,1119.0,0.9911032028469751
충청북도,2015,06,547.0,565.0,1112.0,0.968141592920354
충청북도,2015,07,597.0,549.0,1146.0,1.0874316939890711
충청북도,2015,08,550.0,514.0,1064.0,1.0700389105058365
충청북도,2015,09,601.0,527.0,1128.0,1.1404174573055028
충청북도,2015,10,591.0,588.0,1179.0,1.0051020408163265
충청북도,2015,11,556.0,509.0,1065.0,1.0923379174852652
충청북도,2015,12,510.0,464.0,974.0,1.0991379310344827
충청북도,2016,01,643.0,618.0,1261.0,1.0404530744336569
충청북도,2016,02,535.0,577.0,1112.0,0.9272097053726169
충청북도,2016,03,616.0,616.0,1232.0,1.0
충청북도,2016,04,499.0,509.0,1008.0,0.9803536345776032
충청북도,2016,05,573.0,534.0,1107.0,1.0730337078651686
충청북도,2016,06,513.0,455.0,968.0,1.1274725274725275
충청북도,2016,07,590.0,521.0,1111.0,1.1324376199616122
충청북도,2016,08,592.0,523.0,1115.0,1.1319311663479923
충청북도,2016,09,560.0,485.0,1045.0,1.1546391752577319
충청북도,2016,10,492.0,502.0,994.0,0.9800796812749004
충청북도,2016,11,528.0,453.0,981.0,1.1655629139072847
충청북도,2016,12,420.0,388.0,808.0,1.0824742268041236
충청북도,2017,01,531.0,525.0,1056.0,1.0114285714285713
충청북도,2017,02,524.0,445.0,969.0,1.1775280898876404
충청북도,2017,03,583.0,480.0,1063.0,1.2145833333333333
충청북도,2017,04,494.0,468.0,962.0,1.0555555555555556
충청북도,2017,05,502.0,482.0,984.0,1.04149377593361
충청북도,2017,06,473.0,460.0,933.0,1.0282608695652173
충청북도,2017,07,484.0,462.0,946.0,1.0476190476190477
충청북도,2017,08,473.0,513.0,986.0,0.9220272904483431
충청북도,2017,09,488.0,485.0,973.0,1.0061855670103093
충청북도,2017,10,428.0,397.0,825.0,1.0780856423173804
충청북도,2017,11,439.0,461.0,900.0,0.9522776572668112
충청북도,2017,12,411.0,386.0,797.0,1.0647668393782384
충청북도,2018,01,546.0,498.0,1044.0,1.0963855421686748
충청북도,2018,02,491.0,447.0,938.0,1.0984340044742729
충청북도,2018,03,494.0,457.0,951.0,1.0809628008752736
충청북도,2018,04,444.0,472.0,916.0,0.940677966101695
충청북도,2018,05,451.0,427.0,878.0,1.0562060889929743
충청북도,2018,06,435.0,411.0,846.0,1.0583941605839415
충청북도,2018,07,505.0,454.0,959.0,1.1123348017621146
충청북도,2018,08,460.0,422.0,882.0,1.0900473933649288
충청북도,2018,09,439.0,389.0,828.0,1.1285347043701799
충청북도,2018,10,377.0,431.0,808.0,0.8747099767981439
충청북도,2018,11,415.0,394.0,809.0,1.0532994923857868
충청북도,2018,12,385.0,342.0,727.0,1.1257309941520468
충청북도,2019,01,493.0,466.0,959.0,1.05793991416309
충청북도,2019,02,400.0,384.0,784.0,1.0416666666666667
충청북도,2019,03,452.0,412.0,864.0,1.0970873786407767
충청북도,2019,04,416.0,425.0,841.0,0.9788235294117648
충청북도,2019,05,391.0,374.0,765.0,1.0454545454545454
충청북도,2019,06,365.0,356.0,721.0,1.0252808988764044
충청북도,2019,07,454.0,366.0,820.0,1.2404371584699454
충청북도,2019,08,406.0,353.0,759.0,1.1501416430594902
충청북도,2019,09,354.0,343.0,697.0,1.032069970845481
충청북도,2019,10,405.0,383.0,788.0,1.0574412532637076
충청북도,2019,11,374.0,305.0,679.0,1.2262295081967214
충청북도,2019,12,328.0,328.0,656.0,1.0
충청북도,2020,01,435.0,418.0,853.0,1.0406698564593302
충청북도,2020,02,374.0,356.0,730.0,1.050561797752809
충청북도,2020,03,386.0,338.0,724.0,1.1420118343195267
충청북도,2020,04,394.0,343.0,737.0,1.1486880466472302
충청북도,2020,05,372.0,352.0,724.0,1.0568181818181819
충청북도,2020,06,333.0,377.0,710.0,0.883289124668435
충청북도,2020,07,361.0,351.0,712.0,1.0284900284900285
충청북도,2020,08,397.0,329.0,726.0,1.2066869300911853
충청북도,2020,09,366.0,349.0,715.0,1.0487106017191976
충청북도,2020,10,360.0,347.0,707.0,1.037463976945245
충청북도,2020,11,325.0,305.0,630.0,1.0655737704918034
충청북도,2020,12,329.0,310.0,639.0,1.0612903225806452
충청북도,2021,01,427.0,344.0,771.0,1.2412790697674418
충청북도,2021,02,312.0,349.0,661.0,0.8939828080229226
충청북도,2021,03,371.0,363.0,734.0,1.022038567493113
충청북도,2021,04,353.0,378.0,731.0,0.9338624338624338
충청북도,2021,05,347.0,347.0,694.0,1.0
충청북도,2021,06,336.0,348.0,684.0,0.9655172413793104
충청북도,2021,07,343.0,317.0,660.0,1.0820189274447949
충청북도,2021,08,393.0,354.0,747.0,1.1101694915254237
충청북도,2021,09,347.0,302.0,649.0,1.1490066225165563
충청북도,2021,10,326.0,342.0,668.0,0.9532163742690059
충청북도,2021,11,303.0,328.0,631.0,0.9237804878048781
충청북도,2021,12,276.0,284.0,560.0,0.971830985915493
충청북도,2022,01,387.0,378.0,765.0,1.0238095238095237
충청북도,2022,02,324.0,321.0,645.0,1.0093457943925233
충청북도,2022,03,356.0,315.0,671.0,1.1301587301587301
충청북도,2022,04,288.0,315.0,603.0,0.9142857142857143
충청북도,2022,05,307.0,286.0,593.0,1.0734265734265733
충청북도,2022,06,298.0,265.0,563.0,1.1245283018867924
충청북도,2022,07,312.0,286.0,598.0,1.0909090909090908
충청북도,2022,08,330.0,346.0,676.0,0.953757225433526
충청북도,2022,09,355.0,308.0,663.0,1.1525974025974026
충청북도,2022,10,299.0,284.0,583.0,1.0528169014084507
충청북도,2022,11,296.0,300.0,596.0,0.9866666666666667
충청북도,2022,12,275.0,221.0,496.0,1.244343891402715
충청북도,2023,01,373.0,326.0,699.0,1.1441717791411044
충청북도,2023,02,326.0,316.0,642.0,1.0316455696202531
충청북도,2023,03,407.0,313.0,720.0,1.3003194888178913
충청북도,2023,04,317.0,323.0,640.0,0.9814241486068112
충청북도,2023,05,299.0,319.0,618.0,0.9373040752351097
충청북도,2023,06,300.0,309.0,609.0,0.970873786407767
충청북도,2023,07,300.0,342.0,642.0,0.8771929824561403
충청북도,2023,08,332.0,307.0,639.0,1.0814332247557004
충청북도,2023,09,317.0,274.0,591.0,1.1569343065693432
충청북도,2023,10,309.0,315.0,624.0,0.9809523809523809
충청북도,2023,11,353.0,288.0,641.0,1.2256944444444444
충청북도,2023,12,258.0,257.0,515.0,1.0038910505836576
충청북도,2024,01,391.0,342.0,733.0,1.1432748538011697
충청북도,2024,02,298.0,270.0,568.0,1.1037037037037036
충청북도,2024,03,324.0,291.0,615.0,1.1134020618556701
충청북도,2024,04,317.0,268.0,585.0,1.1828358208955223
충청북도,2024,05,318.0,279.0,597.0,1.1397849462365592
충청북도,2024,06,280.0,291.0,571.0,0.9621993127147767
충청북도,2024,07,332.0,349.0,681.0,0.9512893982808023
충청북도,2024,08,366.0,303.0,669.0,1.2079207920792079
충청북도,2024,09,323.0,287.0,610.0,1.1254355400696865
충청북도,2024,10,323.0,356.0,679.0,0.9073033707865169
충청북도,2024,11,356.0,300.0,656.0,1.1866666666666668
충청북도,2024,12,306.0,270.0,576.0,1.1333333333333333
